iteration,rtt_ms,status,proc_ram_mb,proc_vsz_mb,proc_cpu_pct,sys_ram_pct,sys_cpu_pct
0,12.437,ok,31.516,2239.375,0.0,39.8,0.0
1,11.943,ok,31.516,2239.375,0.0,39.8,0.0
2,12.095,ok,31.516,2239.375,0.0,39.8,0.0
3,12.279,ok,31.516,2239.375,0.0,39.8,0.0
4,13.071,ok,31.516,2239.375,0.0,39.8,0.0
5,12.818,ok,31.516,2239.375,0.0,39.8,0.0
6,12.645,ok,31.602,2240.188,0.0,39.8,0.0
7,12.737,ok,31.602,2240.188,0.0,39.8,0.0
8,12.372,ok,31.602,2240.188,0.0,39.8,0.0
9,12.884,ok,31.602,2240.188,0.0,39.8,0.0
10,12.406,ok,31.602,2240.188,0.0,39.8,0.0
11,12.299,ok,31.602,2240.188,0.0,39.8,0.0
12,12.329,ok,31.602,2240.188,0.0,39.8,0.0
13,12.027,ok,31.602,2240.188,0.0,39.8,0.0
14,12.066,ok,31.602,2240.188,0.0,39.8,0.0
15,11.520,ok,31.602,2240.188,0.0,39.8,0.0
16,11.703,ok,31.602,2240.188,0.0,39.8,0.0
17,11.908,ok,31.602,2240.188,0.0,39.8,0.0
18,11.914,ok,31.602,2240.188,0.0,39.8,0.0
19,11.912,ok,31.602,2240.188,0.0,39.8,0.0
20,11.540,ok,31.602,2240.188,0.0,39.8,0.0
21,12.063,ok,31.602,2240.188,0.0,39.8,0.0
22,11.810,ok,31.609,2240.188,0.0,39.8,0.0
23,12.144,ok,31.609,2240.188,0.0,39.8,0.0
24,11.674,ok,31.609,2240.188,0.0,39.8,0.0
25,11.675,ok,31.609,2240.188,0.0,39.8,0.0
26,11.674,ok,31.609,2240.188,0.0,39.8,0.0
27,12.005,ok,31.609,2240.188,0.0,39.8,0.0
28,11.390,ok,31.609,2240.188,0.0,39.8,0.0
29,11.831,ok,31.609,2240.188,0.0,39.8,0.0
30,12.044,ok,31.609,2240.188,0.0,39.8,0.0
31,11.842,ok,31.609,2240.188,0.0,39.8,0.0
32,11.588,ok,31.609,2240.188,0.0,39.8,0.0
33,12.304,ok,31.609,2240.188,0.0,39.8,0.0
34,12.222,ok,31.609,2240.188,0.0,39.8,0.0
35,11.288,ok,31.609,2240.188,0.0,39.8,0.0
36,11.834,ok,31.609,2240.188,0.0,39.8,0.0
37,11.787,ok,31.609,2240.188,0.0,39.8,0.0
38,11.500,ok,31.609,2240.188,0.0,39.8,0.0
39,11.596,ok,31.609,2240.188,0.0,39.8,0.0
40,11.691,ok,31.609,2240.188,0.0,39.8,0.0
41,12.104,ok,31.609,2240.188,0.0,39.8,0.0
42,11.937,ok,31.609,2240.188,0.0,39.8,0.0
43,12.335,ok,31.609,2240.188,0.0,39.8,0.0
44,11.839,ok,31.609,2240.188,0.0,39.8,0.0
45,11.349,ok,31.609,2240.188,0.0,39.8,0.0
46,11.509,ok,31.609,2240.188,0.0,39.8,0.0
47,12.023,ok,31.609,2240.188,0.0,39.8,0.0
48,11.454,ok,31.609,2240.188,0.0,39.8,0.0
49,11.735,ok,31.609,2240.188,0.0,39.8,0.0
50,11.826,ok,31.609,2240.188,0.0,39.8,0.0
51,12.241,ok,31.609,2240.188,0.0,39.8,0.0
52,11.293,ok,31.609,2240.188,0.0,39.8,0.0
53,11.741,ok,31.609,2240.188,0.0,39.8,0.0
54,12.068,ok,31.609,2240.188,0.0,39.8,0.0
55,11.495,ok,31.609,2240.188,0.0,39.8,0.0
56,11.788,ok,31.609,2240.188,10.0,39.8,0.0
57,12.665,ok,31.609,2240.188,10.0,39.8,0.0
58,11.800,ok,31.609,2240.188,10.0,39.8,0.0
59,12.101,ok,31.609,2240.188,10.0,39.8,0.0
60,12.136,ok,31.609,2240.188,10.0,39.8,0.0
61,12.182,ok,31.609,2240.188,10.0,39.8,0.0
62,12.258,ok,31.609,2240.188,10.0,39.8,0.0
63,11.711,ok,31.609,2240.188,10.0,39.8,0.0
64,12.122,ok,31.609,2240.188,10.0,39.8,0.0
65,12.254,ok,31.609,2240.188,10.0,39.8,0.0
66,12.221,ok,31.609,2240.188,10.0,39.8,0.0
67,11.744,ok,31.609,2240.188,10.0,39.8,0.0
68,11.981,ok,31.609,2240.188,10.0,39.8,0.0
69,11.908,ok,31.609,2240.188,10.0,39.8,0.0
70,11.448,ok,31.609,2240.188,10.0,39.8,0.0
71,12.163,ok,31.609,2240.188,10.0,39.8,0.0
72,12.340,ok,31.609,2240.188,10.0,39.8,0.0
73,11.987,ok,31.617,2240.188,0.0,39.8,0.0
74,12.268,ok,31.617,2240.188,0.0,39.8,0.0
75,11.862,ok,31.617,2240.188,0.0,39.8,0.0
76,11.766,ok,31.617,2240.188,0.0,39.8,0.0
77,11.347,ok,31.617,2240.188,0.0,39.8,0.0
78,11.544,ok,31.617,2240.188,0.0,39.8,0.0
79,11.893,ok,31.617,2240.188,0.0,39.8,0.0
80,11.678,ok,31.617,2240.188,0.0,39.8,0.0
81,11.243,ok,31.617,2240.188,0.0,39.8,0.0
82,11.530,ok,31.617,2240.188,0.0,39.8,0.0
83,11.484,ok,31.617,2240.188,0.0,39.8,0.0
84,12.094,ok,31.617,2240.188,0.0,39.8,0.0
85,12.139,ok,31.617,2240.188,0.0,39.8,0.0
86,11.692,ok,31.617,2240.188,0.0,39.8,0.0
87,11.903,ok,31.617,2240.188,0.0,39.8,0.0
88,11.943,ok,31.617,2240.188,0.0,39.8,0.0
89,11.589,ok,31.617,2240.188,0.0,39.8,0.0
90,11.628,ok,31.621,2240.188,0.0,39.8,0.0
91,11.950,ok,31.621,2240.188,0.0,39.8,0.0
92,11.763,ok,31.621,2240.188,0.0,39.8,0.0
93,12.442,ok,31.621,2240.188,0.0,39.8,0.0
94,12.052,ok,31.621,2240.188,0.0,39.8,0.0
95,12.356,ok,31.621,2240.188,0.0,39.8,0.0
96,12.506,ok,31.621,2240.188,0.0,39.8,0.0
97,12.561,ok,31.621,2240.188,0.0,39.8,0.0
98,12.012,ok,31.621,2240.188,0.0,39.8,0.0
99,12.095,ok,31.621,2240.188,0.0,39.8,0.0
100,12.228,ok,31.621,2240.188,0.0,39.8,0.0
101,11.627,ok,31.621,2240.188,0.0,39.8,0.0
102,11.739,ok,31.621,2240.188,0.0,39.8,0.0
103,12.651,ok,31.621,2240.188,0.0,39.8,0.0
104,12.043,ok,31.621,2240.188,0.0,39.8,0.0
105,11.809,ok,31.621,2240.188,0.0,39.8,0.0
106,12.229,ok,31.625,2240.188,0.0,39.8,0.0
107,12.259,ok,31.625,2240.188,0.0,39.8,0.0
108,12.421,ok,31.625,2240.188,0.0,39.8,0.0
109,12.922,ok,31.625,2240.188,0.0,39.8,0.0
110,12.805,ok,31.625,2240.188,0.0,39.8,0.0
111,12.756,ok,31.625,2240.188,0.0,39.8,0.0
112,12.011,ok,31.625,2240.188,0.0,39.8,0.0
113,11.422,ok,31.625,2240.188,0.0,39.8,0.0
114,11.787,ok,31.625,2240.188,0.0,39.8,0.0
115,11.444,ok,31.625,2240.188,0.0,39.8,0.0
116,11.503,ok,31.625,2240.188,0.0,39.8,0.0
117,12.070,ok,31.625,2240.188,0.0,39.8,0.0
118,11.870,ok,31.625,2240.188,0.0,39.8,0.0
119,12.191,ok,31.625,2240.188,0.0,39.8,0.0
120,12.415,ok,31.625,2240.188,0.0,39.8,0.0
121,12.530,ok,31.625,2240.188,0.0,39.8,0.0
122,12.176,ok,31.625,2240.188,0.0,39.8,0.0
123,12.749,ok,31.629,2240.188,10.0,39.8,0.0
124,12.698,ok,31.629,2240.188,10.0,39.8,0.0
125,12.867,ok,31.629,2240.188,10.0,39.8,0.0
126,12.288,ok,31.629,2240.188,10.0,39.8,0.0
127,12.314,ok,31.629,2240.188,10.0,39.8,0.0
128,12.099,ok,31.629,2240.188,10.0,39.8,0.0
129,12.213,ok,31.629,2240.188,10.0,39.8,0.0
130,12.934,ok,31.629,2240.188,10.0,39.8,0.0
131,12.237,ok,31.629,2240.188,10.0,39.8,0.0
132,12.043,ok,31.629,2240.188,10.0,39.8,0.0
133,11.782,ok,31.629,2240.188,10.0,39.8,0.0
134,11.808,ok,31.629,2240.188,10.0,39.8,0.0
135,11.620,ok,31.629,2240.188,10.0,39.8,0.0
136,11.774,ok,31.629,2240.188,10.0,39.8,0.0
137,11.908,ok,31.629,2240.188,10.0,39.8,0.0
138,11.876,ok,31.629,2240.188,10.0,39.8,0.0
139,11.947,ok,31.629,2240.188,0.0,39.8,0.0
140,12.151,ok,31.629,2240.188,0.0,39.8,0.0
141,12.346,ok,31.629,2240.188,0.0,39.8,0.0
142,12.373,ok,31.629,2240.188,0.0,39.8,0.0
143,12.116,ok,31.629,2240.188,0.0,39.8,0.0
144,12.021,ok,31.629,2240.188,0.0,39.8,0.0
145,11.974,ok,31.629,2240.188,0.0,39.8,0.0
146,11.587,ok,31.629,2240.188,0.0,39.8,0.0
147,11.818,ok,31.629,2240.188,0.0,39.8,0.0
148,12.018,ok,31.629,2240.188,0.0,39.8,0.0
149,11.842,ok,31.629,2240.188,0.0,39.8,0.0
150,12.437,ok,31.629,2240.188,0.0,39.8,0.0
151,12.205,ok,31.629,2240.188,0.0,39.8,0.0
152,11.845,ok,31.629,2240.188,0.0,39.8,0.0
153,11.402,ok,31.629,2240.188,0.0,39.8,0.0
154,11.726,ok,31.629,2240.188,0.0,39.8,0.0
155,11.975,ok,31.629,2240.188,0.0,39.8,0.0
156,11.387,ok,31.629,2240.188,0.0,39.8,0.0
157,11.933,ok,31.629,2240.188,0.0,39.8,0.0
158,11.913,ok,31.629,2240.188,0.0,39.8,0.0
159,12.451,ok,31.629,2240.188,0.0,39.8,0.0
160,11.630,ok,31.629,2240.188,0.0,39.8,0.0
161,12.238,ok,31.629,2240.188,0.0,39.8,0.0
162,11.643,ok,31.629,2240.188,0.0,39.8,0.0
163,11.885,ok,31.629,2240.188,0.0,39.8,0.0
164,12.518,ok,31.629,2240.188,0.0,39.8,0.0
165,12.384,ok,31.629,2240.188,0.0,39.8,0.0
166,12.075,ok,31.629,2240.188,0.0,39.8,0.0
167,12.178,ok,31.629,2240.188,0.0,39.8,0.0
168,12.126,ok,31.629,2240.188,0.0,39.8,0.0
169,12.194,ok,31.629,2240.188,0.0,39.8,0.0
170,11.958,ok,31.629,2240.188,0.0,39.8,0.0
171,11.773,ok,31.629,2240.188,0.0,39.8,0.0
172,12.344,ok,31.629,2240.188,0.0,39.8,0.0
173,12.552,ok,31.637,2240.188,5.0,39.8,0.0
174,11.787,ok,31.637,2240.188,5.0,39.8,0.0
175,11.902,ok,31.637,2240.188,5.0,39.8,0.0
176,12.172,ok,31.637,2240.188,5.0,39.8,0.0
177,11.570,ok,31.637,2240.188,5.0,39.8,0.0
178,11.998,ok,31.637,2240.188,5.0,39.8,0.0
179,12.442,ok,31.637,2240.188,5.0,39.8,0.0
180,12.409,ok,31.637,2240.188,5.0,39.8,0.0
181,12.072,ok,31.637,2240.188,5.0,39.8,0.0
182,12.235,ok,31.637,2240.188,5.0,39.8,0.0
183,12.131,ok,31.637,2240.188,5.0,39.8,0.0
184,12.251,ok,31.637,2240.188,5.0,39.8,0.0
185,12.354,ok,31.637,2240.188,5.0,39.8,0.0
186,12.058,ok,31.637,2240.188,5.0,39.8,0.0
187,11.935,ok,31.637,2240.188,5.0,39.8,0.0
188,12.037,ok,31.637,2240.188,5.0,39.8,0.0
189,12.242,ok,31.637,2240.188,0.0,39.8,0.0
190,12.086,ok,31.637,2240.188,0.0,39.8,0.0
191,12.442,ok,31.637,2240.188,0.0,39.8,0.0
192,12.080,ok,31.637,2240.188,0.0,39.8,0.0
193,12.110,ok,31.637,2240.188,0.0,39.8,0.0
194,11.938,ok,31.637,2240.188,0.0,39.8,0.0
195,12.101,ok,31.637,2240.188,0.0,39.8,0.0
196,11.594,ok,31.637,2240.188,0.0,39.8,0.0
197,12.354,ok,31.637,2240.188,0.0,39.8,0.0
198,11.916,ok,31.637,2240.188,0.0,39.8,0.0
199,11.649,ok,31.637,2240.188,0.0,39.8,0.0
200,11.676,ok,31.637,2240.188,0.0,39.8,0.0
201,11.800,ok,31.637,2240.188,0.0,39.8,0.0
202,11.645,ok,31.637,2240.188,0.0,39.8,0.0
203,11.658,ok,31.637,2240.188,0.0,39.8,0.0
204,11.794,ok,31.637,2240.188,0.0,39.8,0.0
205,11.611,ok,31.637,2240.188,0.0,39.8,0.0
206,11.993,ok,31.637,2240.188,0.0,39.8,0.0
207,11.850,ok,31.637,2240.188,0.0,39.8,0.0
208,11.718,ok,31.637,2240.188,0.0,39.8,0.0
209,11.749,ok,31.637,2240.188,0.0,39.8,0.0
210,11.267,ok,31.637,2240.188,0.0,39.8,0.0
211,11.870,ok,31.637,2240.188,0.0,39.8,0.0
212,12.613,ok,31.637,2240.188,0.0,39.8,0.0
213,11.723,ok,31.637,2240.188,0.0,39.8,0.0
214,12.030,ok,31.637,2240.188,0.0,39.8,0.0
215,11.868,ok,31.637,2240.188,0.0,39.8,0.0
216,12.025,ok,31.637,2240.188,0.0,39.8,0.0
217,11.790,ok,31.637,2240.188,0.0,39.8,0.0
218,11.657,ok,31.637,2240.188,0.0,39.8,0.0
219,12.207,ok,31.637,2240.188,0.0,39.8,0.0
220,12.364,ok,31.637,2240.188,0.0,39.8,0.0
221,12.808,ok,31.637,2240.188,0.0,39.8,0.0
222,12.059,ok,31.637,2240.188,0.0,39.8,0.0
223,11.958,ok,31.637,2240.188,5.0,39.8,0.0
224,11.629,ok,31.637,2240.188,5.0,39.8,0.0
225,11.757,ok,31.637,2240.188,5.0,39.8,0.0
226,12.537,ok,31.637,2240.188,5.0,39.8,0.0
227,12.012,ok,31.637,2240.188,5.0,39.8,0.0
228,11.970,ok,31.637,2240.188,5.0,39.8,0.0
229,12.157,ok,31.637,2240.188,5.0,39.8,0.0
230,12.144,ok,31.637,2240.188,5.0,39.8,0.0
231,12.298,ok,31.637,2240.188,5.0,39.8,0.0
232,12.085,ok,31.637,2240.188,5.0,39.8,0.0
233,12.089,ok,31.637,2240.188,5.0,39.8,0.0
234,12.210,ok,31.637,2240.188,5.0,39.8,0.0
235,12.330,ok,31.637,2240.188,5.0,39.8,0.0
236,12.012,ok,31.637,2240.188,5.0,39.8,0.0
237,12.083,ok,31.637,2240.188,5.0,39.8,0.0
238,12.141,ok,31.637,2240.188,5.0,39.8,0.0
239,11.869,ok,31.641,2240.188,5.0,39.8,0.0
240,12.122,ok,31.641,2240.188,5.0,39.8,0.0
241,11.398,ok,31.641,2240.188,5.0,39.8,0.0
242,11.782,ok,31.641,2240.188,5.0,39.8,0.0
243,11.342,ok,31.641,2240.188,5.0,39.8,0.0
244,12.207,ok,31.641,2240.188,5.0,39.8,0.0
245,11.993,ok,31.641,2240.188,5.0,39.8,0.0
246,12.139,ok,31.641,2240.188,5.0,39.8,0.0
247,11.499,ok,31.641,2240.188,5.0,39.8,0.0
248,12.267,ok,31.641,2240.188,5.0,39.8,0.0
249,11.749,ok,31.641,2240.188,5.0,39.8,0.0
250,12.019,ok,31.641,2240.188,5.0,39.8,0.0
251,12.072,ok,31.641,2240.188,5.0,39.8,0.0
252,11.706,ok,31.641,2240.188,5.0,39.8,0.0
253,12.139,ok,31.641,2240.188,5.0,39.8,0.0
254,12.422,ok,31.641,2240.188,5.0,39.8,0.0
255,12.318,ok,31.641,2240.188,5.0,39.8,0.0
256,11.991,ok,31.641,2240.188,0.0,39.8,0.0
257,12.006,ok,31.641,2240.188,0.0,39.8,0.0
258,12.695,ok,31.641,2240.188,0.0,39.8,0.0
259,11.620,ok,31.641,2240.188,0.0,39.8,0.0
260,12.064,ok,31.641,2240.188,0.0,39.8,0.0
261,12.037,ok,31.641,2240.188,0.0,39.8,0.0
262,11.849,ok,31.641,2240.188,0.0,39.8,0.0
263,12.074,ok,31.641,2240.188,0.0,39.8,0.0
264,12.104,ok,31.641,2240.188,0.0,39.8,0.0
265,12.349,ok,31.641,2240.188,0.0,39.8,0.0
266,12.747,ok,31.641,2240.188,0.0,39.8,0.0
267,12.837,ok,31.641,2240.188,0.0,39.8,0.0
268,12.894,ok,31.641,2240.188,0.0,39.8,0.0
269,12.172,ok,31.641,2240.188,0.0,39.8,0.0
270,12.902,ok,31.641,2240.188,0.0,39.8,0.0
271,12.496,ok,31.641,2240.188,0.0,39.8,0.0
272,11.790,ok,31.645,2240.188,5.0,39.8,0.0
273,12.320,ok,31.645,2240.188,5.0,39.8,0.0
274,12.895,ok,31.645,2240.188,5.0,39.8,0.0
275,12.644,ok,31.645,2240.188,5.0,39.8,0.0
276,13.032,ok,31.645,2240.188,5.0,39.8,0.0
277,13.201,ok,31.645,2240.188,5.0,39.8,0.0
278,13.204,ok,31.645,2240.188,5.0,39.8,0.0
279,13.057,ok,31.645,2240.188,5.0,39.8,0.0
280,12.270,ok,31.645,2240.188,5.0,39.8,0.0
281,12.417,ok,31.645,2240.188,5.0,39.8,0.0
282,12.166,ok,31.645,2240.188,5.0,39.8,0.0
283,12.494,ok,31.645,2240.188,5.0,39.8,0.0
284,12.210,ok,31.645,2240.188,5.0,39.8,0.0
285,11.726,ok,31.645,2240.188,5.0,39.8,0.0
286,12.448,ok,31.645,2240.188,5.0,39.8,0.0
287,12.319,ok,31.645,2240.188,5.0,39.8,0.0
288,12.334,ok,31.648,2240.188,0.0,39.8,0.0
289,12.588,ok,31.648,2240.188,0.0,39.8,0.0
290,12.747,ok,31.648,2240.188,0.0,39.8,0.0
291,13.014,ok,31.648,2240.188,0.0,39.8,0.0
292,12.271,ok,31.648,2240.188,0.0,39.8,0.0
293,12.868,ok,31.648,2240.188,0.0,39.8,0.0
294,12.619,ok,31.648,2240.188,0.0,39.8,0.0
295,12.474,ok,31.648,2240.188,0.0,39.8,0.0
296,12.423,ok,31.648,2240.188,0.0,39.8,0.0
297,12.244,ok,31.648,2240.188,0.0,39.8,0.0
298,12.940,ok,31.648,2240.188,0.0,39.8,0.0
299,13.120,ok,31.648,2240.188,0.0,39.8,0.0
300,12.707,ok,31.648,2240.188,0.0,39.8,0.0
301,13.126,ok,31.648,2240.188,0.0,39.8,0.0
302,13.034,ok,31.648,2240.188,0.0,39.8,0.0
303,13.694,ok,31.648,2240.188,0.0,39.8,0.0
304,12.166,ok,31.648,2240.188,5.0,39.8,0.0
305,12.489,ok,31.648,2240.188,5.0,39.8,0.0
306,12.772,ok,31.648,2240.188,5.0,39.8,0.0
307,13.062,ok,31.648,2240.188,5.0,39.8,0.0
308,12.963,ok,31.648,2240.188,5.0,39.8,0.0
309,12.758,ok,31.648,2240.188,5.0,39.8,0.0
310,12.768,ok,31.648,2240.188,5.0,39.8,0.0
311,12.976,ok,31.648,2240.188,5.0,39.8,0.0
312,12.388,ok,31.648,2240.188,5.0,39.8,0.0
313,12.157,ok,31.648,2240.188,5.0,39.8,0.0
314,12.568,ok,31.648,2240.188,5.0,39.8,0.0
315,12.559,ok,31.648,2240.188,5.0,39.8,0.0
316,12.349,ok,31.648,2240.188,5.0,39.8,0.0
317,12.452,ok,31.648,2240.188,5.0,39.8,0.0
318,12.456,ok,31.648,2240.188,5.0,39.8,0.0
319,12.454,ok,31.648,2240.188,5.0,39.8,0.0
320,12.444,ok,31.648,2240.188,5.0,39.8,0.0
321,12.571,ok,31.648,2240.188,5.0,39.8,0.0
322,12.388,ok,31.648,2240.188,5.0,39.8,0.0
323,11.997,ok,31.648,2240.188,5.0,39.8,0.0
324,12.331,ok,31.648,2240.188,5.0,39.8,0.0
325,12.365,ok,31.648,2240.188,5.0,39.8,0.0
326,12.913,ok,31.648,2240.188,5.0,39.8,0.0
327,13.019,ok,31.648,2240.188,5.0,39.8,0.0
328,13.007,ok,31.648,2240.188,5.0,39.8,0.0
329,12.426,ok,31.648,2240.188,5.0,39.8,0.0
330,13.028,ok,31.648,2240.188,5.0,39.8,0.0
331,13.215,ok,31.648,2240.188,5.0,39.8,0.0
332,12.802,ok,31.648,2240.188,5.0,39.8,0.0
333,12.583,ok,31.648,2240.188,5.0,39.8,0.0
334,12.273,ok,31.648,2240.188,5.0,39.8,0.0
335,12.555,ok,31.648,2240.188,5.0,39.8,0.0
336,12.115,ok,31.648,2240.188,0.0,39.8,0.0
337,12.595,ok,31.648,2240.188,0.0,39.8,0.0
338,12.433,ok,31.648,2240.188,0.0,39.8,0.0
339,12.437,ok,31.648,2240.188,0.0,39.8,0.0
340,11.945,ok,31.648,2240.188,0.0,39.8,0.0
341,12.273,ok,31.648,2240.188,0.0,39.8,0.0
342,12.987,ok,31.648,2240.188,0.0,39.8,0.0
343,12.354,ok,31.648,2240.188,0.0,39.8,0.0
344,13.846,ok,31.648,2240.188,0.0,39.8,0.0
345,13.210,ok,31.648,2240.188,0.0,39.8,0.0
346,12.819,ok,31.648,2240.188,0.0,39.8,0.0
347,12.936,ok,31.648,2240.188,0.0,39.8,0.0
348,12.771,ok,31.648,2240.188,0.0,39.8,0.0
349,12.397,ok,31.648,2240.188,0.0,39.8,0.0
350,12.799,ok,31.648,2240.188,0.0,39.8,0.0
351,12.700,ok,31.648,2240.188,0.0,39.8,0.0
352,13.310,ok,31.652,2240.188,5.0,39.8,0.0
353,12.783,ok,31.652,2240.188,5.0,39.8,0.0
354,12.867,ok,31.652,2240.188,5.0,39.8,0.0
355,12.833,ok,31.652,2240.188,5.0,39.8,0.0
356,12.539,ok,31.652,2240.188,5.0,39.8,0.0
357,12.210,ok,31.652,2240.188,5.0,39.8,0.0
358,12.972,ok,31.652,2240.188,5.0,39.8,0.0
359,12.662,ok,31.652,2240.188,5.0,39.8,0.0
360,13.050,ok,31.652,2240.188,5.0,39.8,0.0
361,13.019,ok,31.652,2240.188,5.0,39.8,0.0
362,12.895,ok,31.652,2240.188,5.0,39.8,0.0
363,12.985,ok,31.652,2240.188,5.0,39.8,0.0
364,12.906,ok,31.652,2240.188,5.0,39.8,0.0
365,13.044,ok,31.652,2240.188,5.0,39.8,0.0
366,12.265,ok,31.652,2240.188,5.0,39.8,0.0
367,12.038,ok,31.656,2240.188,5.0,39.8,0.0
368,12.143,ok,31.656,2240.188,5.0,39.8,0.0
369,12.499,ok,31.656,2240.188,5.0,39.8,0.0
370,13.006,ok,31.656,2240.188,5.0,39.8,0.0
371,12.531,ok,31.656,2240.188,5.0,39.8,0.0
372,12.765,ok,31.656,2240.188,5.0,39.8,0.0
373,12.908,ok,31.656,2240.188,5.0,39.8,0.0
374,13.167,ok,31.656,2240.188,5.0,39.8,0.0
375,13.232,ok,31.656,2240.188,5.0,39.8,0.0
376,12.779,ok,31.656,2240.188,5.0,39.8,0.0
377,12.420,ok,31.656,2240.188,5.0,39.8,0.0
378,12.664,ok,31.656,2240.188,5.0,39.8,0.0
379,11.702,ok,31.656,2240.188,5.0,39.8,0.0
380,11.965,ok,31.656,2240.188,5.0,39.8,0.0
381,12.585,ok,31.656,2240.188,5.0,39.8,0.0
382,11.857,ok,31.656,2240.188,5.0,39.8,0.0
383,12.229,ok,31.656,2240.188,0.0,39.8,0.0
384,11.506,ok,31.656,2240.188,0.0,39.8,0.0
385,11.898,ok,31.656,2240.188,0.0,39.8,0.0
386,12.041,ok,31.656,2240.188,0.0,39.8,0.0
387,12.021,ok,31.656,2240.188,0.0,39.8,0.0
388,12.209,ok,31.656,2240.188,0.0,39.8,0.0
389,11.787,ok,31.656,2240.188,0.0,39.8,0.0
390,11.709,ok,31.656,2240.188,0.0,39.8,0.0
391,11.462,ok,31.656,2240.188,0.0,39.8,0.0
392,11.717,ok,31.656,2240.188,0.0,39.8,0.0
393,11.998,ok,31.656,2240.188,0.0,39.8,0.0
394,12.154,ok,31.656,2240.188,0.0,39.8,0.0
395,11.782,ok,31.656,2240.188,0.0,39.8,0.0
396,12.327,ok,31.656,2240.188,0.0,39.8,0.0
397,12.075,ok,31.656,2240.188,0.0,39.8,0.0
398,12.286,ok,31.656,2240.188,0.0,39.8,0.0
399,11.979,ok,31.656,2240.188,0.0,39.8,0.0
400,12.347,ok,31.672,2240.188,5.0,39.8,0.0
401,12.426,ok,31.672,2240.188,5.0,39.8,0.0
402,11.347,ok,31.672,2240.188,5.0,39.8,0.0
403,12.038,ok,31.672,2240.188,5.0,39.8,0.0
404,12.093,ok,31.672,2240.188,5.0,39.8,0.0
405,11.764,ok,31.672,2240.188,5.0,39.8,0.0
406,12.298,ok,31.672,2240.188,5.0,39.8,0.0
407,12.313,ok,31.672,2240.188,5.0,39.8,0.0
408,12.359,ok,31.672,2240.188,5.0,39.8,0.0
409,11.230,ok,31.672,2240.188,5.0,39.8,0.0
410,11.781,ok,31.672,2240.188,5.0,39.8,0.0
411,11.803,ok,31.672,2240.188,5.0,39.8,0.0
412,11.873,ok,31.672,2240.188,5.0,39.8,0.0
413,12.196,ok,31.672,2240.188,5.0,39.8,0.0
414,12.581,ok,31.672,2240.188,5.0,39.8,0.0
415,13.060,ok,31.672,2240.188,5.0,39.8,0.0
416,12.482,ok,31.672,2240.188,5.0,39.8,0.0
417,12.169,ok,31.672,2240.188,0.0,39.8,0.0
418,12.608,ok,31.672,2240.188,0.0,39.8,0.0
419,12.532,ok,31.672,2240.188,0.0,39.8,0.0
420,12.009,ok,31.672,2240.188,0.0,39.8,0.0
421,11.781,ok,31.672,2240.188,0.0,39.8,0.0
422,11.990,ok,31.672,2240.188,0.0,39.8,0.0
423,12.021,ok,31.672,2240.188,0.0,39.8,0.0
424,12.210,ok,31.672,2240.188,0.0,39.8,0.0
425,11.852,ok,31.672,2240.188,0.0,39.8,0.0
426,11.570,ok,31.672,2240.188,0.0,39.8,0.0
427,11.912,ok,31.672,2240.188,0.0,39.8,0.0
428,11.955,ok,31.672,2240.188,0.0,39.8,0.0
429,11.778,ok,31.672,2240.188,0.0,39.8,0.0
430,11.738,ok,31.672,2240.188,0.0,39.8,0.0
431,11.728,ok,31.672,2240.188,0.0,39.8,0.0
432,11.949,ok,31.672,2240.188,0.0,39.8,0.0
433,12.110,ok,31.672,2240.188,5.0,39.8,0.0
434,11.765,ok,31.672,2240.188,5.0,39.8,0.0
435,12.174,ok,31.672,2240.188,5.0,39.8,0.0
436,12.086,ok,31.672,2240.188,5.0,39.8,0.0
437,12.115,ok,31.672,2240.188,5.0,39.8,0.0
438,12.259,ok,31.672,2240.188,5.0,39.8,0.0
439,12.341,ok,31.672,2240.188,5.0,39.8,0.0
440,12.827,ok,31.672,2240.188,5.0,39.8,0.0
441,11.871,ok,31.672,2240.188,5.0,39.8,0.0
442,12.177,ok,31.672,2240.188,5.0,39.8,0.0
443,11.297,ok,31.672,2240.188,5.0,39.8,0.0
444,11.173,ok,31.672,2240.188,5.0,39.8,0.0
445,11.363,ok,31.672,2240.188,5.0,39.8,0.0
446,11.336,ok,31.672,2240.188,5.0,39.8,0.0
447,11.666,ok,31.672,2240.188,5.0,39.8,0.0
448,11.514,ok,31.672,2240.188,5.0,39.8,0.0
449,11.826,ok,31.672,2240.188,5.0,39.8,0.0
450,11.967,ok,31.672,2240.188,5.0,39.8,0.0
451,11.861,ok,31.672,2240.188,5.0,39.8,0.0
452,11.841,ok,31.672,2240.188,5.0,39.8,0.0
453,11.734,ok,31.672,2240.188,5.0,39.8,0.0
454,11.437,ok,31.672,2240.188,5.0,39.8,0.0
455,11.288,ok,31.672,2240.188,5.0,39.8,0.0
456,11.560,ok,31.672,2240.188,5.0,39.8,0.0
457,11.780,ok,31.672,2240.188,5.0,39.8,0.0
458,11.875,ok,31.672,2240.188,5.0,39.8,0.0
459,12.277,ok,31.672,2240.188,5.0,39.8,0.0
460,12.222,ok,31.672,2240.188,5.0,39.8,0.0
461,11.564,ok,31.672,2240.188,5.0,39.8,0.0
462,11.494,ok,31.672,2240.188,5.0,39.8,0.0
463,12.115,ok,31.672,2240.188,5.0,39.8,0.0
464,11.585,ok,31.672,2240.188,5.0,39.8,0.0
465,11.855,ok,31.672,2240.188,5.0,39.8,0.0
466,11.778,ok,31.672,2240.188,5.0,39.8,0.0
467,11.479,ok,31.676,2240.188,0.0,39.8,0.0
468,11.851,ok,31.676,2240.188,0.0,39.8,0.0
469,11.620,ok,31.676,2240.188,0.0,39.8,0.0
470,11.704,ok,31.676,2240.188,0.0,39.8,0.0
471,12.019,ok,31.676,2240.188,0.0,39.8,0.0
472,11.339,ok,31.676,2240.188,0.0,39.8,0.0
473,11.865,ok,31.676,2240.188,0.0,39.8,0.0
474,12.234,ok,31.676,2240.188,0.0,39.8,0.0
475,11.590,ok,31.676,2240.188,0.0,39.8,0.0
476,11.739,ok,31.676,2240.188,0.0,39.8,0.0
477,11.697,ok,31.676,2240.188,0.0,39.8,0.0
478,11.780,ok,31.676,2240.188,0.0,39.8,0.0
479,11.949,ok,31.676,2240.188,0.0,39.8,0.0
480,12.234,ok,31.676,2240.188,0.0,39.8,0.0
481,12.006,ok,31.676,2240.188,0.0,39.8,0.0
482,11.990,ok,31.676,2240.188,0.0,39.8,0.0
483,11.772,ok,31.676,2240.188,0.0,39.8,0.0
484,11.824,ok,31.680,2240.188,0.0,39.8,0.0
485,11.863,ok,31.680,2240.188,0.0,39.8,0.0
486,11.343,ok,31.680,2240.188,0.0,39.8,0.0
487,11.403,ok,31.680,2240.188,0.0,39.8,0.0
488,11.536,ok,31.680,2240.188,0.0,39.8,0.0
489,11.338,ok,31.680,2240.188,0.0,39.8,0.0
490,11.789,ok,31.680,2240.188,0.0,39.8,0.0
491,11.823,ok,31.680,2240.188,0.0,39.8,0.0
492,11.692,ok,31.680,2240.188,0.0,39.8,0.0
493,11.728,ok,31.680,2240.188,0.0,39.8,0.0
494,11.745,ok,31.680,2240.188,0.0,39.8,0.0
495,11.550,ok,31.680,2240.188,0.0,39.8,0.0
496,11.464,ok,31.680,2240.188,0.0,39.8,0.0
497,12.327,ok,31.680,2240.188,0.0,39.8,0.0
498,12.140,ok,31.680,2240.188,0.0,39.8,0.0
499,11.987,ok,31.680,2240.188,0.0,39.8,0.0
500,10.965,ok,31.680,2240.188,0.0,39.8,0.0
501,11.251,ok,31.680,2240.188,5.0,39.8,0.0
502,11.490,ok,31.680,2240.188,5.0,39.8,0.0
503,11.783,ok,31.680,2240.188,5.0,39.8,0.0
504,12.168,ok,31.680,2240.188,5.0,39.8,0.0
505,11.905,ok,31.680,2240.188,5.0,39.8,0.0
506,12.105,ok,31.680,2240.188,5.0,39.8,0.0
507,11.447,ok,31.680,2240.188,5.0,39.8,0.0
508,11.813,ok,31.680,2240.188,5.0,39.8,0.0
509,12.016,ok,31.680,2240.188,5.0,39.8,0.0
510,12.229,ok,31.680,2240.188,5.0,39.8,0.0
511,12.029,ok,31.680,2240.188,5.0,39.8,0.0
512,12.429,ok,31.680,2240.188,5.0,39.8,0.0
513,11.718,ok,31.680,2240.188,5.0,39.8,0.0
514,11.958,ok,31.680,2240.188,5.0,39.8,0.0
515,12.337,ok,31.680,2240.188,5.0,39.8,0.0
516,12.389,ok,31.680,2240.188,5.0,39.8,0.0
517,11.811,ok,31.680,2240.188,5.0,39.8,0.0
518,12.110,ok,31.684,2240.188,0.0,39.8,0.0
519,11.951,ok,31.684,2240.188,0.0,39.8,0.0
520,11.899,ok,31.684,2240.188,0.0,39.8,0.0
521,12.266,ok,31.684,2240.188,0.0,39.8,0.0
522,11.799,ok,31.684,2240.188,0.0,39.8,0.0
523,11.914,ok,31.684,2240.188,0.0,39.8,0.0
524,11.695,ok,31.684,2240.188,0.0,39.8,0.0
525,11.692,ok,31.684,2240.188,0.0,39.8,0.0
526,11.785,ok,31.684,2240.188,0.0,39.8,0.0
527,11.784,ok,31.684,2240.188,0.0,39.8,0.0
528,12.073,ok,31.684,2240.188,0.0,39.8,0.0
529,11.310,ok,31.684,2240.188,0.0,39.8,0.0
530,11.381,ok,31.684,2240.188,0.0,39.8,0.0
531,12.394,ok,31.684,2240.188,0.0,39.8,0.0
532,11.583,ok,31.684,2240.188,0.0,39.8,0.0
533,11.731,ok,31.684,2240.188,0.0,39.8,0.0
534,11.698,ok,31.684,2240.188,0.0,39.8,0.0
535,12.265,ok,31.684,2240.188,5.0,39.8,0.0
536,12.774,ok,31.684,2240.188,5.0,39.8,0.0
537,12.725,ok,31.684,2240.188,5.0,39.8,0.0
538,12.138,ok,31.684,2240.188,5.0,39.8,0.0
539,12.858,ok,31.684,2240.188,5.0,39.8,0.0
540,12.994,ok,31.684,2240.188,5.0,39.8,0.0
541,12.662,ok,31.684,2240.188,5.0,39.8,0.0
542,12.769,ok,31.684,2240.188,5.0,39.8,0.0
543,13.009,ok,31.684,2240.188,5.0,39.8,0.0
544,12.715,ok,31.684,2240.188,5.0,39.8,0.0
545,12.345,ok,31.684,2240.188,5.0,39.8,0.0
546,12.408,ok,31.684,2240.188,5.0,39.8,0.0
547,13.301,ok,31.684,2240.188,5.0,39.8,0.0
548,12.002,ok,31.684,2240.188,5.0,39.8,0.0
549,12.037,ok,31.684,2240.188,5.0,39.8,0.0
550,11.883,ok,31.684,2240.188,5.0,39.8,0.0
551,12.532,ok,31.684,2240.188,0.0,39.8,0.0
552,12.669,ok,31.684,2240.188,0.0,39.8,0.0
553,13.094,ok,31.684,2240.188,0.0,39.8,0.0
554,12.106,ok,31.684,2240.188,0.0,39.8,0.0
555,12.073,ok,31.684,2240.188,0.0,39.8,0.0
556,11.597,ok,31.684,2240.188,0.0,39.8,0.0
557,11.425,ok,31.684,2240.188,0.0,39.8,0.0
558,11.585,ok,31.684,2240.188,0.0,39.8,0.0
559,11.988,ok,31.684,2240.188,0.0,39.8,0.0
560,11.571,ok,31.684,2240.188,0.0,39.8,0.0
561,11.755,ok,31.684,2240.188,0.0,39.8,0.0
562,11.547,ok,31.684,2240.188,0.0,39.8,0.0
563,12.306,ok,31.684,2240.188,0.0,39.8,0.0
564,11.935,ok,31.684,2240.188,0.0,39.8,0.0
565,12.182,ok,31.684,2240.188,0.0,39.8,0.0
566,12.401,ok,31.684,2240.188,0.0,39.8,0.0
567,12.156,ok,31.684,2240.188,0.0,39.8,0.0
568,11.598,ok,31.684,2240.188,0.0,39.8,0.0
569,11.630,ok,31.684,2240.188,0.0,39.8,0.0
570,11.853,ok,31.684,2240.188,0.0,39.8,0.0
571,11.375,ok,31.684,2240.188,0.0,39.8,0.0
572,11.405,ok,31.684,2240.188,0.0,39.8,0.0
573,11.393,ok,31.684,2240.188,0.0,39.8,0.0
574,11.716,ok,31.684,2240.188,0.0,39.8,0.0
575,11.734,ok,31.684,2240.188,0.0,39.8,0.0
576,11.936,ok,31.684,2240.188,0.0,39.8,0.0
577,12.111,ok,31.684,2240.188,0.0,39.8,0.0
578,11.380,ok,31.684,2240.188,0.0,39.8,0.0
579,11.499,ok,31.684,2240.188,0.0,39.8,0.0
580,11.777,ok,31.684,2240.188,0.0,39.8,0.0
581,11.679,ok,31.684,2240.188,0.0,39.8,0.0
582,11.443,ok,31.684,2240.188,0.0,39.8,0.0
583,11.815,ok,31.684,2240.188,0.0,39.8,0.0
584,11.769,ok,31.684,2240.188,0.0,39.8,0.0
585,11.171,ok,31.691,2240.188,5.0,39.8,0.0
586,11.353,ok,31.691,2240.188,5.0,39.8,0.0
587,11.889,ok,31.691,2240.188,5.0,39.8,0.0
588,11.277,ok,31.691,2240.188,5.0,39.8,0.0
589,11.599,ok,31.691,2240.188,5.0,39.8,0.0
590,12.035,ok,31.691,2240.188,5.0,39.8,0.0
591,11.736,ok,31.691,2240.188,5.0,39.8,0.0
592,11.200,ok,31.691,2240.188,5.0,39.8,0.0
593,11.917,ok,31.691,2240.188,5.0,39.8,0.0
594,11.831,ok,31.691,2240.188,5.0,39.8,0.0
595,11.116,ok,31.691,2240.188,5.0,39.8,0.0
596,11.571,ok,31.691,2240.188,5.0,39.8,0.0
597,11.980,ok,31.691,2240.188,5.0,39.8,0.0
598,11.613,ok,31.691,2240.188,5.0,39.8,0.0
599,12.069,ok,31.691,2240.188,5.0,39.8,0.0
600,11.767,ok,31.691,2240.188,5.0,39.8,0.0
601,11.412,ok,31.691,2240.188,5.0,39.8,0.0
602,11.439,ok,31.691,2240.188,0.0,39.8,0.0
603,11.235,ok,31.691,2240.188,0.0,39.8,0.0
604,11.468,ok,31.691,2240.188,0.0,39.8,0.0
605,11.183,ok,31.691,2240.188,0.0,39.8,0.0
606,11.618,ok,31.691,2240.188,0.0,39.8,0.0
607,12.410,ok,31.691,2240.188,0.0,39.8,0.0
608,12.066,ok,31.691,2240.188,0.0,39.8,0.0
609,12.203,ok,31.691,2240.188,0.0,39.8,0.0
610,12.171,ok,31.691,2240.188,0.0,39.8,0.0
611,12.007,ok,31.691,2240.188,0.0,39.8,0.0
612,11.459,ok,31.691,2240.188,0.0,39.8,0.0
613,11.601,ok,31.691,2240.188,0.0,39.8,0.0
614,11.577,ok,31.691,2240.188,0.0,39.8,0.0
615,11.451,ok,31.691,2240.188,0.0,39.8,0.0
616,11.563,ok,31.691,2240.188,0.0,39.8,0.0
617,11.803,ok,31.691,2240.188,0.0,39.8,0.0
618,12.046,ok,31.691,2240.188,0.0,39.8,0.0
619,12.318,ok,31.691,2240.188,5.0,39.8,0.0
620,12.825,ok,31.691,2240.188,5.0,39.8,0.0
621,12.967,ok,31.691,2240.188,5.0,39.8,0.0
622,11.849,ok,31.691,2240.188,5.0,39.8,0.0
623,11.618,ok,31.691,2240.188,5.0,39.8,0.0
624,12.215,ok,31.691,2240.188,5.0,39.8,0.0
625,12.017,ok,31.691,2240.188,5.0,39.8,0.0
626,11.683,ok,31.691,2240.188,5.0,39.8,0.0
627,12.348,ok,31.691,2240.188,5.0,39.8,0.0
628,13.345,ok,31.691,2240.188,5.0,39.8,0.0
629,12.709,ok,31.691,2240.188,5.0,39.8,0.0
630,13.034,ok,31.691,2240.188,5.0,39.8,0.0
631,12.960,ok,31.691,2240.188,5.0,39.8,0.0
632,13.023,ok,31.691,2240.188,5.0,39.8,0.0
633,12.144,ok,31.691,2240.188,5.0,39.8,0.0
634,12.950,ok,31.691,2240.188,5.0,39.8,0.0
635,13.354,ok,31.695,2240.188,0.0,39.8,0.0
636,12.671,ok,31.695,2240.188,0.0,39.8,0.0
637,12.832,ok,31.695,2240.188,0.0,39.8,0.0
638,12.710,ok,31.695,2240.188,0.0,39.8,0.0
639,12.023,ok,31.695,2240.188,0.0,39.8,0.0
640,12.459,ok,31.695,2240.188,0.0,39.8,0.0
641,11.807,ok,31.695,2240.188,0.0,39.8,0.0
642,12.270,ok,31.695,2240.188,0.0,39.8,0.0
643,11.377,ok,31.695,2240.188,0.0,39.8,0.0
644,11.721,ok,31.695,2240.188,0.0,39.8,0.0
645,12.881,ok,31.695,2240.188,0.0,39.8,0.0
646,11.654,ok,31.695,2240.188,0.0,39.8,0.0
647,12.121,ok,31.695,2240.188,0.0,39.8,0.0
648,12.440,ok,31.695,2240.188,0.0,39.8,0.0
649,12.788,ok,31.695,2240.188,0.0,39.8,0.0
650,13.126,ok,31.695,2240.188,0.0,39.8,0.0
651,12.771,ok,31.695,2240.188,5.0,39.8,0.0
652,13.247,ok,31.695,2240.188,5.0,39.8,0.0
653,12.414,ok,31.695,2240.188,5.0,39.8,0.0
654,12.211,ok,31.695,2240.188,5.0,39.8,0.0
655,12.851,ok,31.695,2240.188,5.0,39.8,0.0
656,12.474,ok,31.695,2240.188,5.0,39.8,0.0
657,12.660,ok,31.695,2240.188,5.0,39.8,0.0
658,12.115,ok,31.695,2240.188,5.0,39.8,0.0
659,11.906,ok,31.695,2240.188,5.0,39.8,0.0
660,11.981,ok,31.695,2240.188,5.0,39.8,0.0
661,12.544,ok,31.695,2240.188,5.0,39.8,0.0
662,12.424,ok,31.695,2240.188,5.0,39.8,0.0
663,12.179,ok,31.695,2240.188,5.0,39.8,0.0
664,12.562,ok,31.695,2240.188,5.0,39.8,0.0
665,12.411,ok,31.695,2240.188,5.0,39.8,0.0
666,12.229,ok,31.695,2240.188,5.0,39.8,0.0
667,11.482,ok,31.695,2240.188,5.0,39.8,0.0
668,12.169,ok,31.695,2240.188,5.0,39.8,0.0
669,12.254,ok,31.695,2240.188,5.0,39.8,0.0
670,11.659,ok,31.695,2240.188,5.0,39.8,0.0
671,11.664,ok,31.695,2240.188,5.0,39.8,0.0
672,12.138,ok,31.695,2240.188,5.0,39.8,0.0
673,11.824,ok,31.695,2240.188,5.0,39.8,0.0
674,12.577,ok,31.695,2240.188,5.0,39.8,0.0
675,12.430,ok,31.695,2240.188,5.0,39.8,0.0
676,12.245,ok,31.695,2240.188,5.0,39.8,0.0
677,12.408,ok,31.695,2240.188,5.0,39.8,0.0
678,12.645,ok,31.695,2240.188,5.0,39.8,0.0
679,12.893,ok,31.695,2240.188,5.0,39.8,0.0
680,12.755,ok,31.695,2240.188,5.0,39.8,0.0
681,12.119,ok,31.695,2240.188,5.0,39.8,0.0
682,12.833,ok,31.695,2240.188,5.0,39.8,0.0
683,12.298,ok,31.695,2240.188,5.0,39.8,0.0
684,12.607,ok,31.699,2240.188,0.0,39.8,0.0
685,11.748,ok,31.699,2240.188,0.0,39.8,0.0
686,11.919,ok,31.699,2240.188,0.0,39.8,0.0
687,11.964,ok,31.699,2240.188,0.0,39.8,0.0
688,12.277,ok,31.699,2240.188,0.0,39.8,0.0
689,11.562,ok,31.699,2240.188,0.0,39.8,0.0
690,11.751,ok,31.699,2240.188,0.0,39.8,0.0
691,12.056,ok,31.699,2240.188,0.0,39.8,0.0
692,12.137,ok,31.699,2240.188,0.0,39.8,0.0
693,12.514,ok,31.699,2240.188,0.0,39.8,0.0
694,12.810,ok,31.699,2240.188,0.0,39.8,0.0
695,13.159,ok,31.699,2240.188,0.0,39.8,0.0
696,12.966,ok,31.699,2240.188,0.0,39.8,0.0
697,13.110,ok,31.699,2240.188,0.0,39.8,0.0
698,12.243,ok,31.699,2240.188,0.0,39.8,0.0
699,11.818,ok,31.699,2240.188,0.0,39.8,0.0
700,12.803,ok,31.699,2240.188,0.0,39.8,0.0
701,13.027,ok,31.699,2240.188,0.0,39.8,0.0
702,13.063,ok,31.699,2240.188,0.0,39.8,0.0
703,13.358,ok,31.699,2240.188,0.0,39.8,0.0
704,12.738,ok,31.699,2240.188,0.0,39.8,0.0
705,12.929,ok,31.699,2240.188,0.0,39.8,0.0
706,12.327,ok,31.699,2240.188,0.0,39.8,0.0
707,12.080,ok,31.699,2240.188,0.0,39.8,0.0
708,12.615,ok,31.699,2240.188,0.0,39.8,0.0
709,12.347,ok,31.699,2240.188,0.0,39.8,0.0
710,11.620,ok,31.699,2240.188,0.0,39.8,0.0
711,12.336,ok,31.699,2240.188,0.0,39.8,0.0
712,11.841,ok,31.699,2240.188,0.0,39.8,0.0
713,12.078,ok,31.699,2240.188,0.0,39.8,0.0
714,11.839,ok,31.699,2240.188,0.0,39.8,0.0
715,12.436,ok,31.699,2240.188,0.0,39.8,0.0
716,12.556,ok,31.699,2240.188,5.0,39.8,0.0
717,12.204,ok,31.699,2240.188,5.0,39.8,0.0
718,11.895,ok,31.699,2240.188,5.0,39.8,0.0
719,12.169,ok,31.699,2240.188,5.0,39.8,0.0
720,12.026,ok,31.699,2240.188,5.0,39.8,0.0
721,12.312,ok,31.699,2240.188,5.0,39.8,0.0
722,12.494,ok,31.699,2240.188,5.0,39.8,0.0
723,12.139,ok,31.699,2240.188,5.0,39.8,0.0
724,12.480,ok,31.699,2240.188,5.0,39.8,0.0
725,12.174,ok,31.699,2240.188,5.0,39.8,0.0
726,12.551,ok,31.699,2240.188,5.0,39.8,0.0
727,12.408,ok,31.699,2240.188,5.0,39.8,0.0
728,11.275,ok,31.699,2240.188,5.0,39.8,0.0
729,12.020,ok,31.699,2240.188,5.0,39.8,0.0
730,12.248,ok,31.699,2240.188,5.0,39.8,0.0
731,12.043,ok,31.699,2240.188,5.0,39.8,0.0
732,12.286,ok,31.703,2240.188,5.0,39.8,0.0
733,12.321,ok,31.703,2240.188,5.0,39.8,0.0
734,11.407,ok,31.703,2240.188,5.0,39.8,0.0
735,11.684,ok,31.703,2240.188,5.0,39.8,0.0
736,12.309,ok,31.703,2240.188,5.0,39.8,0.0
737,11.905,ok,31.703,2240.188,5.0,39.8,0.0
738,11.576,ok,31.703,2240.188,5.0,39.8,0.0
739,12.003,ok,31.703,2240.188,5.0,39.8,0.0
740,11.988,ok,31.703,2240.188,5.0,39.8,0.0
741,11.934,ok,31.703,2240.188,5.0,39.8,0.0
742,11.891,ok,31.703,2240.188,5.0,39.8,0.0
743,11.905,ok,31.703,2240.188,5.0,39.8,0.0
744,11.759,ok,31.703,2240.188,5.0,39.8,0.0
745,11.776,ok,31.703,2240.188,5.0,39.8,0.0
746,11.865,ok,31.703,2240.188,5.0,39.8,0.0
747,12.411,ok,31.703,2240.188,5.0,39.8,0.0
748,11.678,ok,31.703,2240.188,5.0,39.8,0.0
749,11.594,ok,31.707,2240.188,0.0,39.8,0.0
750,11.943,ok,31.707,2240.188,0.0,39.8,0.0
751,11.868,ok,31.707,2240.188,0.0,39.8,0.0
752,12.319,ok,31.707,2240.188,0.0,39.8,0.0
753,11.910,ok,31.707,2240.188,0.0,39.8,0.0
754,12.022,ok,31.707,2240.188,0.0,39.8,0.0
755,12.066,ok,31.707,2240.188,0.0,39.8,0.0
756,11.798,ok,31.707,2240.188,0.0,39.8,0.0
757,11.780,ok,31.707,2240.188,0.0,39.8,0.0
758,11.570,ok,31.707,2240.188,0.0,39.8,0.0
759,11.856,ok,31.707,2240.188,0.0,39.8,0.0
760,12.249,ok,31.707,2240.188,0.0,39.8,0.0
761,12.557,ok,31.707,2240.188,0.0,39.8,0.0
762,12.466,ok,31.707,2240.188,0.0,39.8,0.0
763,12.372,ok,31.707,2240.188,0.0,39.8,0.0
764,12.599,ok,31.707,2240.188,0.0,39.8,0.0
765,12.386,ok,31.707,2240.188,0.0,39.8,0.0
766,12.161,ok,31.707,2240.188,5.0,39.8,0.0
767,11.935,ok,31.707,2240.188,5.0,39.8,0.0
768,12.329,ok,31.707,2240.188,5.0,39.8,0.0
769,12.058,ok,31.707,2240.188,5.0,39.8,0.0
770,12.180,ok,31.707,2240.188,5.0,39.8,0.0
771,12.079,ok,31.707,2240.188,5.0,39.8,0.0
772,12.254,ok,31.707,2240.188,5.0,39.8,0.0
773,12.743,ok,31.707,2240.188,5.0,39.8,0.0
774,12.536,ok,31.707,2240.188,5.0,39.8,0.0
775,12.441,ok,31.707,2240.188,5.0,39.8,0.0
776,12.297,ok,31.707,2240.188,5.0,39.8,0.0
777,11.090,ok,31.707,2240.188,5.0,39.8,0.0
778,11.685,ok,31.707,2240.188,5.0,39.8,0.0
779,11.621,ok,31.707,2240.188,5.0,39.8,0.0
780,11.787,ok,31.707,2240.188,5.0,39.8,0.0
781,11.899,ok,31.707,2240.188,5.0,39.8,0.0
782,11.601,ok,31.707,2240.188,0.0,39.8,0.0
783,11.898,ok,31.707,2240.188,0.0,39.8,0.0
784,12.586,ok,31.707,2240.188,0.0,39.8,0.0
785,12.611,ok,31.707,2240.188,0.0,39.8,0.0
786,12.571,ok,31.707,2240.188,0.0,39.8,0.0
787,12.775,ok,31.707,2240.188,0.0,39.8,0.0
788,12.506,ok,31.707,2240.188,0.0,39.8,0.0
789,12.553,ok,31.707,2240.188,0.0,39.8,0.0
790,12.894,ok,31.707,2240.188,0.0,39.8,0.0
791,12.331,ok,31.707,2240.188,0.0,39.8,0.0
792,12.443,ok,31.707,2240.188,0.0,39.8,0.0
793,12.077,ok,31.707,2240.188,0.0,39.8,0.0
794,12.054,ok,31.707,2240.188,0.0,39.8,0.0
795,11.953,ok,31.707,2240.188,0.0,39.8,0.0
796,12.453,ok,31.707,2240.188,0.0,39.8,0.0
797,12.657,ok,31.707,2240.188,0.0,39.8,0.0
798,11.800,ok,31.707,2240.188,0.0,39.8,0.0
799,12.871,ok,31.715,2240.188,5.0,39.8,0.0
800,12.546,ok,31.715,2240.188,5.0,39.8,0.0
801,12.809,ok,31.715,2240.188,5.0,39.8,0.0
802,12.638,ok,31.715,2240.188,5.0,39.8,0.0
803,12.753,ok,31.715,2240.188,5.0,39.8,0.0
804,12.758,ok,31.715,2240.188,5.0,39.8,0.0
805,12.555,ok,31.715,2240.188,5.0,39.8,0.0
806,12.692,ok,31.715,2240.188,5.0,39.8,0.0
807,12.432,ok,31.715,2240.188,5.0,39.8,0.0
808,12.231,ok,31.715,2240.188,5.0,39.8,0.0
809,11.861,ok,31.715,2240.188,5.0,39.8,0.0
810,12.299,ok,31.715,2240.188,5.0,39.8,0.0
811,12.570,ok,31.715,2240.188,5.0,39.8,0.0
812,12.594,ok,31.715,2240.188,5.0,39.8,0.0
813,12.548,ok,31.715,2240.188,5.0,39.8,0.0
814,12.932,ok,31.715,2240.188,5.0,39.8,0.0
815,12.512,ok,31.719,2240.188,0.0,39.8,0.0
816,12.438,ok,31.719,2240.188,0.0,39.8,0.0
817,11.691,ok,31.719,2240.188,0.0,39.8,0.0
818,12.492,ok,31.719,2240.188,0.0,39.8,0.0
819,12.947,ok,31.719,2240.188,0.0,39.8,0.0
820,13.129,ok,31.719,2240.188,0.0,39.8,0.0
821,12.209,ok,31.719,2240.188,0.0,39.8,0.0
822,12.386,ok,31.719,2240.188,0.0,39.8,0.0
823,12.567,ok,31.719,2240.188,0.0,39.8,0.0
824,12.449,ok,31.719,2240.188,0.0,39.8,0.0
825,12.530,ok,31.719,2240.188,0.0,39.8,0.0
826,13.127,ok,31.719,2240.188,0.0,39.8,0.0
827,13.088,ok,31.719,2240.188,0.0,39.8,0.0
828,13.096,ok,31.719,2240.188,0.0,39.8,0.0
829,11.718,ok,31.719,2240.188,0.0,39.8,0.0
830,12.332,ok,31.719,2240.188,5.0,39.8,0.0
831,11.929,ok,31.719,2240.188,5.0,39.8,0.0
832,11.838,ok,31.719,2240.188,5.0,39.8,0.0
833,12.135,ok,31.719,2240.188,5.0,39.8,0.0
834,12.376,ok,31.719,2240.188,5.0,39.8,0.0
835,12.078,ok,31.719,2240.188,5.0,39.8,0.0
836,11.603,ok,31.719,2240.188,5.0,39.8,0.0
837,11.566,ok,31.719,2240.188,5.0,39.8,0.0
838,11.701,ok,31.719,2240.188,5.0,39.8,0.0
839,11.844,ok,31.719,2240.188,5.0,39.8,0.0
840,12.020,ok,31.719,2240.188,5.0,39.8,0.0
841,12.541,ok,31.719,2240.188,5.0,39.8,0.0
842,12.740,ok,31.719,2240.188,5.0,39.8,0.0
843,12.312,ok,31.719,2240.188,5.0,39.8,0.0
844,12.448,ok,31.719,2240.188,5.0,39.8,0.0
845,12.692,ok,31.719,2240.188,5.0,39.8,0.0
846,12.105,ok,31.719,2240.188,5.0,39.8,0.0
847,12.248,ok,31.719,2240.188,5.0,39.8,0.0
848,12.344,ok,31.719,2240.188,5.0,39.8,0.0
849,11.794,ok,31.719,2240.188,5.0,39.8,0.0
850,12.052,ok,31.719,2240.188,5.0,39.8,0.0
851,12.111,ok,31.719,2240.188,5.0,39.8,0.0
852,11.764,ok,31.719,2240.188,5.0,39.8,0.0
853,12.152,ok,31.719,2240.188,5.0,39.8,0.0
854,12.163,ok,31.719,2240.188,5.0,39.8,0.0
855,12.240,ok,31.719,2240.188,5.0,39.8,0.0
856,12.504,ok,31.719,2240.188,5.0,39.8,0.0
857,11.878,ok,31.719,2240.188,5.0,39.8,0.0
858,12.453,ok,31.719,2240.188,5.0,39.8,0.0
859,12.319,ok,31.719,2240.188,5.0,39.8,0.0
860,11.917,ok,31.719,2240.188,5.0,39.8,0.0
861,12.362,ok,31.719,2240.188,5.0,39.8,0.0
862,12.376,ok,31.719,2240.188,5.0,39.8,0.0
863,11.350,ok,31.723,2240.188,5.0,39.8,0.0
864,12.067,ok,31.723,2240.188,5.0,39.8,0.0
865,11.935,ok,31.723,2240.188,5.0,39.8,0.0
866,11.866,ok,31.723,2240.188,5.0,39.8,0.0
867,12.048,ok,31.723,2240.188,5.0,39.8,0.0
868,11.774,ok,31.723,2240.188,5.0,39.8,0.0
869,11.858,ok,31.723,2240.188,5.0,39.8,0.0
870,12.107,ok,31.723,2240.188,5.0,39.8,0.0
871,11.942,ok,31.723,2240.188,5.0,39.8,0.0
872,12.420,ok,31.723,2240.188,5.0,39.8,0.0
873,12.057,ok,31.723,2240.188,5.0,39.8,0.0
874,12.616,ok,31.723,2240.188,5.0,39.8,0.0
875,12.246,ok,31.723,2240.188,5.0,39.8,0.0
876,12.432,ok,31.723,2240.188,5.0,39.8,0.0
877,12.471,ok,31.723,2240.188,5.0,39.8,0.0
878,12.338,ok,31.723,2240.188,5.0,39.8,0.0
879,12.459,ok,31.723,2240.188,5.0,39.8,0.0
880,12.185,ok,31.727,2240.188,0.0,39.8,0.0
881,12.395,ok,31.727,2240.188,0.0,39.8,0.0
882,12.713,ok,31.727,2240.188,0.0,39.8,0.0
883,12.461,ok,31.727,2240.188,0.0,39.8,0.0
884,12.415,ok,31.727,2240.188,0.0,39.8,0.0
885,12.258,ok,31.727,2240.188,0.0,39.8,0.0
886,12.654,ok,31.727,2240.188,0.0,39.8,0.0
887,12.608,ok,31.727,2240.188,0.0,39.8,0.0
888,12.607,ok,31.727,2240.188,0.0,39.8,0.0
889,12.032,ok,31.727,2240.188,0.0,39.8,0.0
890,12.779,ok,31.727,2240.188,0.0,39.8,0.0
891,12.480,ok,31.727,2240.188,0.0,39.8,0.0
892,12.507,ok,31.727,2240.188,0.0,39.8,0.0
893,12.163,ok,31.727,2240.188,0.0,39.8,0.0
894,13.170,ok,31.727,2240.188,0.0,39.8,0.0
895,13.067,ok,31.727,2240.188,0.0,39.8,0.0
896,12.969,ok,31.727,2240.188,0.0,39.8,0.0
897,12.693,ok,31.727,2240.188,0.0,39.8,0.0
898,12.765,ok,31.727,2240.188,0.0,39.8,0.0
899,12.755,ok,31.727,2240.188,0.0,39.8,0.0
900,13.148,ok,31.727,2240.188,0.0,39.8,0.0
901,13.288,ok,31.727,2240.188,0.0,39.8,0.0
902,12.181,ok,31.727,2240.188,0.0,39.8,0.0
903,12.212,ok,31.727,2240.188,0.0,39.8,0.0
904,12.337,ok,31.727,2240.188,0.0,39.8,0.0
905,11.779,ok,31.727,2240.188,0.0,39.8,0.0
906,11.847,ok,31.727,2240.188,0.0,39.8,0.0
907,11.781,ok,31.727,2240.188,0.0,39.8,0.0
908,12.223,ok,31.727,2240.188,0.0,39.8,0.0
909,11.620,ok,31.727,2240.188,0.0,39.8,0.0
910,12.148,ok,31.727,2240.188,0.0,39.8,0.0
911,11.397,ok,31.727,2240.188,0.0,39.8,0.0
912,11.761,ok,31.730,2240.188,5.0,39.8,0.0
913,12.024,ok,31.730,2240.188,5.0,39.8,0.0
914,11.935,ok,31.730,2240.188,5.0,39.8,0.0
915,12.203,ok,31.730,2240.188,5.0,39.8,0.0
916,11.974,ok,31.730,2240.188,5.0,39.8,0.0
917,12.404,ok,31.730,2240.188,5.0,39.8,0.0
918,11.875,ok,31.730,2240.188,5.0,39.8,0.0
919,11.781,ok,31.730,2240.188,5.0,39.8,0.0
920,11.768,ok,31.730,2240.188,5.0,39.8,0.0
921,12.248,ok,31.730,2240.188,5.0,39.8,0.0
922,12.210,ok,31.730,2240.188,5.0,39.8,0.0
923,12.649,ok,31.730,2240.188,5.0,39.8,0.0
924,12.438,ok,31.730,2240.188,5.0,39.8,0.0
925,12.606,ok,31.730,2240.188,5.0,39.8,0.0
926,12.160,ok,31.730,2240.188,5.0,39.8,0.0
927,12.269,ok,31.730,2240.188,5.0,39.8,0.0
928,11.752,ok,31.730,2240.188,5.0,39.8,0.0
929,12.202,ok,31.730,2240.188,5.0,39.8,0.0
930,13.162,ok,31.730,2240.188,5.0,39.8,0.0
931,12.396,ok,31.730,2240.188,5.0,39.8,0.0
932,12.669,ok,31.730,2240.188,5.0,39.8,0.0
933,12.821,ok,31.730,2240.188,5.0,39.8,0.0
934,13.733,ok,31.730,2240.188,5.0,39.8,0.0
935,12.647,ok,31.730,2240.188,5.0,39.8,0.0
936,12.290,ok,31.730,2240.188,5.0,39.8,0.0
937,12.170,ok,31.730,2240.188,5.0,39.8,0.0
938,12.596,ok,31.730,2240.188,5.0,39.8,0.0
939,12.410,ok,31.730,2240.188,5.0,39.8,0.0
940,11.913,ok,31.730,2240.188,5.0,39.8,0.0
941,11.579,ok,31.730,2240.188,5.0,39.8,0.0
942,11.783,ok,31.730,2240.188,5.0,39.8,0.0
943,12.495,ok,31.730,2240.188,5.0,39.8,0.0
944,11.747,ok,31.730,2240.188,5.0,39.8,0.0
945,12.329,ok,31.730,2240.188,0.0,39.8,0.0
946,12.750,ok,31.730,2240.188,0.0,39.8,0.0
947,12.906,ok,31.730,2240.188,0.0,39.8,0.0
948,12.949,ok,31.730,2240.188,0.0,39.8,0.0
949,12.548,ok,31.730,2240.188,0.0,39.8,0.0
950,12.626,ok,31.730,2240.188,0.0,39.8,0.0
951,12.932,ok,31.730,2240.188,0.0,39.8,0.0
952,12.795,ok,31.730,2240.188,0.0,39.8,0.0
953,12.343,ok,31.730,2240.188,0.0,39.8,0.0
954,12.220,ok,31.730,2240.188,0.0,39.8,0.0
955,13.066,ok,31.730,2240.188,0.0,39.8,0.0
956,12.557,ok,31.730,2240.188,0.0,39.8,0.0
957,13.005,ok,31.730,2240.188,0.0,39.8,0.0
958,12.399,ok,31.730,2240.188,0.0,39.8,0.0
959,12.255,ok,31.730,2240.188,0.0,39.8,0.0
960,12.348,ok,31.730,2240.188,0.0,39.8,0.0
961,12.661,ok,31.730,2240.188,5.0,39.8,0.0
962,12.330,ok,31.730,2240.188,5.0,39.8,0.0
963,12.652,ok,31.730,2240.188,5.0,39.8,0.0
964,12.427,ok,31.730,2240.188,5.0,39.8,0.0
965,13.072,ok,31.730,2240.188,5.0,39.8,0.0
966,12.957,ok,31.730,2240.188,5.0,39.8,0.0
967,13.332,ok,31.730,2240.188,5.0,39.8,0.0
968,13.330,ok,31.730,2240.188,5.0,39.8,0.0
969,11.981,ok,31.730,2240.188,5.0,39.8,0.0
970,12.879,ok,31.730,2240.188,5.0,39.8,0.0
971,12.535,ok,31.730,2240.188,5.0,39.8,0.0
972,13.091,ok,31.730,2240.188,5.0,39.8,0.0
973,13.436,ok,31.730,2240.188,5.0,39.8,0.0
974,13.533,ok,31.730,2240.188,5.0,39.8,0.0
975,12.850,ok,31.730,2240.188,5.0,39.8,0.0
976,13.178,ok,31.734,2240.188,5.0,39.8,0.0
977,12.828,ok,31.734,2240.188,5.0,39.8,0.0
978,12.616,ok,31.734,2240.188,5.0,39.8,0.0
979,12.168,ok,31.734,2240.188,5.0,39.8,0.0
980,12.311,ok,31.734,2240.188,5.0,39.8,0.0
981,11.700,ok,31.734,2240.188,5.0,39.8,0.0
982,12.409,ok,31.734,2240.188,5.0,39.8,0.0
983,12.113,ok,31.734,2240.188,5.0,39.8,0.0
984,12.330,ok,31.734,2240.188,5.0,39.8,0.0
985,12.088,ok,31.734,2240.188,5.0,39.8,0.0
986,12.227,ok,31.734,2240.188,5.0,39.8,0.0
987,12.407,ok,31.734,2240.188,5.0,39.8,0.0
988,12.101,ok,31.734,2240.188,5.0,39.8,0.0
989,12.212,ok,31.734,2240.188,5.0,39.8,0.0
990,12.366,ok,31.734,2240.188,5.0,39.8,0.0
991,11.691,ok,31.734,2240.188,5.0,39.8,0.0
992,11.339,ok,31.734,2240.188,5.0,39.8,0.0
993,11.411,ok,31.734,2240.188,0.0,39.8,0.0
994,11.550,ok,31.734,2240.188,0.0,39.8,0.0
995,11.344,ok,31.734,2240.188,0.0,39.8,0.0
996,11.687,ok,31.734,2240.188,0.0,39.8,0.0
997,12.108,ok,31.734,2240.188,0.0,39.8,0.0
998,11.070,ok,31.734,2240.188,0.0,39.8,0.0
999,11.669,ok,31.734,2240.188,0.0,39.8,0.0
1000,11.864,ok,31.734,2240.188,0.0,39.8,0.0
1001,12.292,ok,31.734,2240.188,0.0,39.8,0.0
1002,11.627,ok,31.734,2240.188,0.0,39.8,0.0
1003,11.740,ok,31.734,2240.188,0.0,39.8,0.0
1004,11.834,ok,31.734,2240.188,0.0,39.8,0.0
1005,12.360,ok,31.734,2240.188,0.0,39.8,0.0
1006,11.857,ok,31.734,2240.188,0.0,39.8,0.0
1007,11.881,ok,31.734,2240.188,0.0,39.8,0.0
1008,12.310,ok,31.734,2240.188,0.0,39.8,0.0
1009,11.539,ok,31.734,2240.188,0.0,39.8,0.0
1010,11.216,ok,31.734,2240.188,5.0,39.8,0.0
1011,11.663,ok,31.734,2240.188,5.0,39.8,0.0
1012,12.146,ok,31.734,2240.188,5.0,39.8,0.0
1013,12.050,ok,31.734,2240.188,5.0,39.8,0.0
1014,11.899,ok,31.734,2240.188,5.0,39.8,0.0
1015,12.228,ok,31.734,2240.188,5.0,39.8,0.0
1016,12.072,ok,31.734,2240.188,5.0,39.8,0.0
1017,12.319,ok,31.734,2240.188,5.0,39.8,0.0
1018,12.322,ok,31.734,2240.188,5.0,39.8,0.0
1019,11.885,ok,31.734,2240.188,5.0,39.8,0.0
1020,12.344,ok,31.734,2240.188,5.0,39.8,0.0
1021,12.348,ok,31.734,2240.188,5.0,39.8,0.0
1022,12.421,ok,31.734,2240.188,5.0,39.8,0.0
1023,11.931,ok,31.734,2240.188,5.0,39.8,0.0
1024,12.519,ok,31.734,2240.188,5.0,39.8,0.0
1025,12.073,ok,31.734,2240.188,5.0,39.8,0.0
1026,12.542,ok,31.742,2240.188,0.0,39.8,0.0
1027,12.028,ok,31.742,2240.188,0.0,39.8,0.0
1028,12.302,ok,31.742,2240.188,0.0,39.8,0.0
1029,12.298,ok,31.742,2240.188,0.0,39.8,0.0
1030,11.915,ok,31.742,2240.188,0.0,39.8,0.0
1031,11.903,ok,31.742,2240.188,0.0,39.8,0.0
1032,12.194,ok,31.742,2240.188,0.0,39.8,0.0
1033,12.244,ok,31.742,2240.188,0.0,39.8,0.0
1034,11.925,ok,31.742,2240.188,0.0,39.8,0.0
1035,12.015,ok,31.742,2240.188,0.0,39.8,0.0
1036,12.290,ok,31.742,2240.188,0.0,39.8,0.0
1037,12.039,ok,31.742,2240.188,0.0,39.8,0.0
1038,11.878,ok,31.742,2240.188,0.0,39.8,0.0
1039,12.210,ok,31.742,2240.188,0.0,39.8,0.0
1040,12.231,ok,31.742,2240.188,0.0,39.8,0.0
1041,11.958,ok,31.742,2240.188,0.0,39.8,0.0
1042,11.924,ok,31.742,2240.188,0.0,39.8,0.0
1043,12.207,ok,31.742,2240.188,0.0,39.8,0.0
1044,12.295,ok,31.742,2240.188,0.0,39.8,0.0
1045,12.137,ok,31.742,2240.188,0.0,39.8,0.0
1046,12.051,ok,31.742,2240.188,0.0,39.8,0.0
1047,12.161,ok,31.742,2240.188,0.0,39.8,0.0
1048,12.120,ok,31.742,2240.188,0.0,39.8,0.0
1049,11.853,ok,31.742,2240.188,0.0,39.8,0.0
1050,11.637,ok,31.742,2240.188,0.0,39.8,0.0
1051,11.633,ok,31.742,2240.188,0.0,39.8,0.0
1052,12.232,ok,31.742,2240.188,0.0,39.8,0.0
1053,11.376,ok,31.742,2240.188,0.0,39.8,0.0
1054,11.570,ok,31.742,2240.188,0.0,39.8,0.0
1055,12.042,ok,31.742,2240.188,0.0,39.8,0.0
1056,11.189,ok,31.742,2240.188,0.0,39.8,0.0
1057,11.613,ok,31.742,2240.188,0.0,39.8,0.0
1058,11.617,ok,31.742,2240.188,0.0,39.8,0.0
1059,11.998,ok,31.742,2240.188,0.0,39.8,0.0
1060,11.872,ok,31.742,2240.188,5.0,39.8,0.0
1061,11.376,ok,31.742,2240.188,5.0,39.8,0.0
1062,12.101,ok,31.742,2240.188,5.0,39.8,0.0
1063,11.607,ok,31.742,2240.188,5.0,39.8,0.0
1064,11.171,ok,31.742,2240.188,5.0,39.8,0.0
1065,11.817,ok,31.742,2240.188,5.0,39.8,0.0
1066,11.461,ok,31.742,2240.188,5.0,39.8,0.0
1067,11.673,ok,31.742,2240.188,5.0,39.8,0.0
1068,11.949,ok,31.742,2240.188,5.0,39.8,0.0
1069,12.049,ok,31.742,2240.188,5.0,39.8,0.0
1070,11.925,ok,31.742,2240.188,5.0,39.8,0.0
1071,12.012,ok,31.742,2240.188,5.0,39.8,0.0
1072,11.920,ok,31.742,2240.188,5.0,39.8,0.0
1073,11.348,ok,31.742,2240.188,5.0,39.8,0.0
1074,11.805,ok,31.742,2240.188,5.0,39.8,0.0
1075,12.157,ok,31.742,2240.188,5.0,39.8,0.0
1076,11.491,ok,31.742,2240.188,5.0,39.8,0.0
1077,11.366,ok,31.742,2240.188,0.0,39.8,0.0
1078,11.984,ok,31.742,2240.188,0.0,39.8,0.0
1079,11.880,ok,31.742,2240.188,0.0,39.8,0.0
1080,11.718,ok,31.742,2240.188,0.0,39.8,0.0
1081,11.525,ok,31.742,2240.188,0.0,39.8,0.0
1082,11.439,ok,31.742,2240.188,0.0,39.8,0.0
1083,11.408,ok,31.742,2240.188,0.0,39.8,0.0
1084,11.599,ok,31.742,2240.188,0.0,39.8,0.0
1085,11.587,ok,31.742,2240.188,0.0,39.8,0.0
1086,11.527,ok,31.742,2240.188,0.0,39.8,0.0
1087,11.808,ok,31.742,2240.188,0.0,39.8,0.0
1088,12.084,ok,31.742,2240.188,0.0,39.8,0.0
1089,11.523,ok,31.742,2240.188,0.0,39.8,0.0
1090,11.731,ok,31.742,2240.188,0.0,39.8,0.0
1091,11.911,ok,31.742,2240.188,0.0,39.8,0.0
1092,11.877,ok,31.742,2240.188,0.0,39.8,0.0
1093,11.518,ok,31.742,2240.188,0.0,39.8,0.0
1094,11.740,ok,31.746,2240.188,0.0,39.8,0.0
1095,12.027,ok,31.746,2240.188,0.0,39.8,0.0
1096,11.912,ok,31.746,2240.188,0.0,39.8,0.0
1097,11.659,ok,31.746,2240.188,0.0,39.8,0.0
1098,11.803,ok,31.746,2240.188,0.0,39.8,0.0
1099,11.998,ok,31.746,2240.188,0.0,39.8,0.0
1100,11.627,ok,31.746,2240.188,0.0,39.8,0.0
1101,12.004,ok,31.746,2240.188,0.0,39.8,0.0
1102,12.263,ok,31.746,2240.188,0.0,39.8,0.0
1103,11.785,ok,31.746,2240.188,0.0,39.8,0.0
1104,11.786,ok,31.746,2240.188,0.0,39.8,0.0
1105,11.786,ok,31.746,2240.188,0.0,39.8,0.0
1106,11.928,ok,31.746,2240.188,0.0,39.8,0.0
1107,10.913,ok,31.746,2240.188,0.0,39.8,0.0
1108,10.971,ok,31.746,2240.188,0.0,39.8,0.0
1109,11.210,ok,31.746,2240.188,0.0,39.8,0.0
1110,11.447,ok,31.746,2240.188,0.0,39.8,0.0
1111,11.731,ok,31.746,2240.188,5.0,39.8,0.0
1112,12.007,ok,31.746,2240.188,5.0,39.8,0.0
1113,11.947,ok,31.746,2240.188,5.0,39.8,0.0
1114,12.242,ok,31.746,2240.188,5.0,39.8,0.0
1115,11.817,ok,31.746,2240.188,5.0,39.8,0.0
1116,11.727,ok,31.746,2240.188,5.0,39.8,0.0
1117,11.525,ok,31.746,2240.188,5.0,39.8,0.0
1118,11.829,ok,31.746,2240.188,5.0,39.8,0.0
1119,11.355,ok,31.746,2240.188,5.0,39.8,0.0
1120,12.117,ok,31.746,2240.188,5.0,39.8,0.0
1121,11.919,ok,31.746,2240.188,5.0,39.8,0.0
1122,11.673,ok,31.746,2240.188,5.0,39.8,0.0
1123,12.664,ok,31.746,2240.188,5.0,39.8,0.0
1124,11.231,ok,31.746,2240.188,5.0,39.8,0.0
1125,11.441,ok,31.746,2240.188,5.0,39.8,0.0
1126,11.715,ok,31.746,2240.188,5.0,39.8,0.0
1127,11.659,ok,31.746,2240.188,5.0,39.8,0.0
1128,11.211,ok,31.746,2240.188,5.0,39.8,0.0
1129,11.680,ok,31.746,2240.188,5.0,39.8,0.0
1130,11.749,ok,31.746,2240.188,5.0,39.8,0.0
1131,11.488,ok,31.746,2240.188,5.0,39.8,0.0
1132,11.787,ok,31.746,2240.188,5.0,39.8,0.0
1133,11.969,ok,31.746,2240.188,5.0,39.8,0.0
1134,11.710,ok,31.746,2240.188,5.0,39.8,0.0
1135,11.198,ok,31.746,2240.188,5.0,39.8,0.0
1136,11.721,ok,31.746,2240.188,5.0,39.8,0.0
1137,11.258,ok,31.746,2240.188,5.0,39.8,0.0
1138,11.269,ok,31.746,2240.188,5.0,39.8,0.0
1139,11.819,ok,31.746,2240.188,5.0,39.8,0.0
1140,12.057,ok,31.746,2240.188,5.0,39.8,0.0
1141,11.273,ok,31.746,2240.188,5.0,39.8,0.0
1142,11.589,ok,31.746,2240.188,5.0,39.8,0.0
1143,11.470,ok,31.746,2240.188,5.0,39.8,0.0
1144,11.360,ok,31.746,2240.188,5.0,39.8,0.0
1145,11.505,ok,31.750,2240.188,0.0,39.8,0.0
1146,11.204,ok,31.750,2240.188,0.0,39.8,0.0
1147,11.887,ok,31.750,2240.188,0.0,39.8,0.0
1148,11.695,ok,31.750,2240.188,0.0,39.8,0.0
1149,12.074,ok,31.750,2240.188,0.0,39.8,0.0
1150,11.443,ok,31.750,2240.188,0.0,39.8,0.0
1151,11.780,ok,31.750,2240.188,0.0,39.8,0.0
1152,11.656,ok,31.750,2240.188,0.0,39.8,0.0
1153,12.145,ok,31.750,2240.188,0.0,39.8,0.0
1154,11.460,ok,31.750,2240.188,0.0,39.8,0.0
1155,11.812,ok,31.750,2240.188,0.0,39.8,0.0
1156,11.902,ok,31.750,2240.188,0.0,39.8,0.0
1157,11.319,ok,31.750,2240.188,0.0,39.8,0.0
1158,11.752,ok,31.750,2240.188,0.0,39.8,0.0
1159,12.015,ok,31.750,2240.188,0.0,39.8,0.0
1160,12.165,ok,31.750,2240.188,0.0,39.8,0.0
1161,12.359,ok,31.750,2240.188,0.0,39.8,0.0
1162,12.351,ok,31.750,2240.188,0.0,39.8,0.0
1163,11.984,ok,31.750,2240.188,0.0,39.8,0.0
1164,12.013,ok,31.750,2240.188,0.0,39.8,0.0
1165,12.123,ok,31.750,2240.188,0.0,39.8,0.0
1166,12.308,ok,31.750,2240.188,0.0,39.8,0.0
1167,12.541,ok,31.750,2240.188,0.0,39.8,0.0
1168,11.909,ok,31.750,2240.188,0.0,39.8,0.0
1169,12.233,ok,31.750,2240.188,0.0,39.8,0.0
1170,12.302,ok,31.750,2240.188,0.0,39.8,0.0
1171,12.268,ok,31.750,2240.188,0.0,39.8,0.0
1172,12.506,ok,31.750,2240.188,0.0,39.8,0.0
1173,12.164,ok,31.750,2240.188,0.0,39.8,0.0
1174,12.548,ok,31.750,2240.188,0.0,39.8,0.0
1175,12.873,ok,31.750,2240.188,0.0,39.8,0.0
1176,11.907,ok,31.750,2240.188,0.0,39.8,0.0
1177,11.701,ok,31.750,2240.188,0.0,39.8,0.0
1178,12.229,ok,31.750,2240.188,0.0,39.8,0.0
1179,12.273,ok,31.750,2240.188,5.0,39.8,0.0
1180,12.151,ok,31.750,2240.188,5.0,39.8,0.0
1181,12.565,ok,31.750,2240.188,5.0,39.8,0.0
1182,12.632,ok,31.750,2240.188,5.0,39.8,0.0
1183,13.238,ok,31.750,2240.188,5.0,39.8,0.0
1184,13.055,ok,31.750,2240.188,5.0,39.8,0.0
1185,13.263,ok,31.750,2240.188,5.0,39.8,0.0
1186,12.122,ok,31.750,2240.188,5.0,39.8,0.0
1187,12.638,ok,31.750,2240.188,5.0,39.8,0.0
1188,12.699,ok,31.750,2240.188,5.0,39.8,0.0
1189,12.600,ok,31.750,2240.188,5.0,39.8,0.0
1190,12.909,ok,31.750,2240.188,5.0,39.8,0.0
1191,12.983,ok,31.750,2240.188,5.0,39.8,0.0
1192,12.991,ok,31.750,2240.188,5.0,39.8,0.0
1193,12.888,ok,31.750,2240.188,5.0,39.8,0.0
1194,13.337,ok,31.750,2240.188,5.0,39.8,0.0
1195,12.688,ok,31.750,2240.188,5.0,39.8,0.0
1196,12.478,ok,31.750,2240.188,5.0,39.8,0.0
1197,12.571,ok,31.750,2240.188,5.0,39.8,0.0
1198,12.938,ok,31.750,2240.188,5.0,39.8,0.0
1199,13.283,ok,31.750,2240.188,5.0,39.8,0.0
1200,12.754,ok,31.750,2240.188,5.0,39.8,0.0
1201,12.339,ok,31.750,2240.188,5.0,39.8,0.0
1202,12.589,ok,31.750,2240.188,5.0,39.8,0.0
1203,12.874,ok,31.750,2240.188,5.0,39.8,0.0
1204,12.561,ok,31.750,2240.188,5.0,39.8,0.0
1205,12.485,ok,31.750,2240.188,5.0,39.8,0.0
1206,13.104,ok,31.750,2240.188,5.0,39.8,0.0
1207,12.502,ok,31.750,2240.188,5.0,39.8,0.0
1208,12.523,ok,31.750,2240.188,5.0,39.8,0.0
1209,12.717,ok,31.750,2240.188,5.0,39.8,0.0
1210,12.403,ok,31.758,2240.188,5.0,39.8,0.0
1211,12.186,ok,31.758,2240.188,5.0,39.8,0.0
1212,12.670,ok,31.758,2240.188,5.0,39.8,0.0
1213,12.268,ok,31.758,2240.188,5.0,39.8,0.0
1214,13.110,ok,31.758,2240.188,5.0,39.8,0.0
1215,12.553,ok,31.758,2240.188,5.0,39.8,0.0
1216,12.201,ok,31.758,2240.188,5.0,39.8,0.0
1217,12.157,ok,31.758,2240.188,5.0,39.8,0.0
1218,11.687,ok,31.758,2240.188,5.0,39.8,0.0
1219,11.867,ok,31.758,2240.188,5.0,39.8,0.0
1220,12.253,ok,31.758,2240.188,5.0,39.8,0.0
1221,12.117,ok,31.758,2240.188,5.0,39.8,0.0
1222,12.044,ok,31.758,2240.188,5.0,39.8,0.0
1223,11.827,ok,31.758,2240.188,5.0,39.8,0.0
1224,12.020,ok,31.758,2240.188,5.0,39.8,0.0
1225,11.656,ok,31.758,2240.188,5.0,39.8,0.0
1226,11.836,ok,31.758,2240.188,0.0,39.8,0.0
1227,11.875,ok,31.758,2240.188,0.0,39.8,0.0
1228,11.260,ok,31.758,2240.188,0.0,39.8,0.0
1229,11.914,ok,31.758,2240.188,0.0,39.8,0.0
1230,12.159,ok,31.758,2240.188,0.0,39.8,0.0
1231,12.269,ok,31.758,2240.188,0.0,39.8,0.0
1232,12.362,ok,31.758,2240.188,0.0,39.8,0.0
1233,12.204,ok,31.758,2240.188,0.0,39.8,0.0
1234,12.149,ok,31.758,2240.188,0.0,39.8,0.0
1235,11.571,ok,31.758,2240.188,0.0,39.8,0.0
1236,11.649,ok,31.758,2240.188,0.0,39.8,0.0
1237,12.185,ok,31.758,2240.188,0.0,39.8,0.0
1238,12.104,ok,31.758,2240.188,0.0,39.8,0.0
1239,11.859,ok,31.758,2240.188,0.0,39.8,0.0
1240,12.205,ok,31.758,2240.188,0.0,39.8,0.0
1241,12.178,ok,31.758,2240.188,0.0,39.8,0.0
1242,11.707,ok,31.758,2240.188,0.0,39.8,0.0
1243,11.909,ok,31.758,2240.188,0.0,39.8,0.0
1244,12.416,ok,31.758,2240.188,0.0,39.8,0.0
1245,11.611,ok,31.758,2240.188,0.0,39.8,0.0
1246,11.507,ok,31.758,2240.188,0.0,39.8,0.0
1247,11.663,ok,31.758,2240.188,0.0,39.8,0.0
1248,11.939,ok,31.758,2240.188,0.0,39.8,0.0
1249,11.873,ok,31.758,2240.188,0.0,39.8,0.0
1250,11.824,ok,31.758,2240.188,0.0,39.8,0.0
1251,12.665,ok,31.758,2240.188,0.0,39.8,0.0
1252,11.417,ok,31.758,2240.188,0.0,39.8,0.0
1253,12.094,ok,31.758,2240.188,0.0,39.8,0.0
1254,12.236,ok,31.758,2240.188,0.0,39.8,0.0
1255,12.006,ok,31.758,2240.188,0.0,39.8,0.0
1256,11.765,ok,31.758,2240.188,0.0,39.8,0.0
1257,12.132,ok,31.758,2240.188,0.0,39.8,0.0
1258,11.999,ok,31.758,2240.188,0.0,39.8,0.0
1259,11.979,ok,31.758,2240.188,0.0,39.8,0.0
1260,11.419,ok,31.762,2240.188,0.0,39.8,0.0
1261,11.691,ok,31.762,2240.188,0.0,39.8,0.0
1262,12.104,ok,31.762,2240.188,0.0,39.8,0.0
1263,11.631,ok,31.762,2240.188,0.0,39.8,0.0
1264,12.029,ok,31.762,2240.188,0.0,39.8,0.0
1265,12.385,ok,31.762,2240.188,0.0,39.8,0.0
1266,11.814,ok,31.762,2240.188,0.0,39.8,0.0
1267,12.010,ok,31.762,2240.188,0.0,39.8,0.0
1268,12.034,ok,31.762,2240.188,0.0,39.8,0.0
1269,11.879,ok,31.762,2240.188,0.0,39.8,0.0
1270,11.269,ok,31.762,2240.188,0.0,39.8,0.0
1271,11.690,ok,31.762,2240.188,0.0,39.8,0.0
1272,11.801,ok,31.762,2240.188,0.0,39.8,0.0
1273,11.339,ok,31.762,2240.188,0.0,39.8,0.0
1274,11.459,ok,31.762,2240.188,0.0,39.8,0.0
1275,12.129,ok,31.762,2240.188,0.0,39.8,0.0
1276,11.988,ok,31.762,2240.188,0.0,39.8,0.0
1277,11.910,ok,31.762,2240.188,0.0,39.8,0.0
1278,11.941,ok,31.762,2240.188,0.0,39.8,0.0
1279,11.710,ok,31.762,2240.188,0.0,39.8,0.0
1280,12.347,ok,31.762,2240.188,0.0,39.8,0.0
1281,12.058,ok,31.762,2240.188,0.0,39.8,0.0
1282,12.058,ok,31.762,2240.188,0.0,39.8,0.0
1283,12.024,ok,31.762,2240.188,0.0,39.8,0.0
1284,12.247,ok,31.762,2240.188,0.0,39.8,0.0
1285,12.105,ok,31.762,2240.188,0.0,39.8,0.0
1286,12.660,ok,31.762,2240.188,0.0,39.8,0.0
1287,13.034,ok,31.762,2240.188,0.0,39.8,0.0
1288,12.779,ok,31.762,2240.188,0.0,39.8,0.0
1289,12.637,ok,31.762,2240.188,0.0,39.8,0.0
1290,12.608,ok,31.762,2240.188,0.0,39.8,0.0
1291,12.380,ok,31.762,2240.188,0.0,39.8,0.0
1292,12.529,ok,31.762,2240.188,0.0,39.8,0.0
1293,12.040,ok,31.762,2240.188,10.0,39.8,0.0
1294,12.620,ok,31.762,2240.188,10.0,39.8,0.0
1295,11.948,ok,31.762,2240.188,10.0,39.8,0.0
1296,12.469,ok,31.762,2240.188,10.0,39.8,0.0
1297,12.921,ok,31.762,2240.188,10.0,39.8,0.0
1298,12.528,ok,31.762,2240.188,10.0,39.8,0.0
1299,12.282,ok,31.762,2240.188,10.0,39.8,0.0
1300,12.555,ok,31.762,2240.188,10.0,39.8,0.0
1301,12.460,ok,31.762,2240.188,10.0,39.8,0.0
1302,11.564,ok,31.762,2240.188,10.0,39.8,0.0
1303,12.063,ok,31.762,2240.188,10.0,39.8,0.0
1304,12.015,ok,31.762,2240.188,10.0,39.8,0.0
1305,12.497,ok,31.762,2240.188,10.0,39.8,0.0
1306,12.240,ok,31.762,2240.188,10.0,39.8,0.0
1307,12.745,ok,31.762,2240.188,10.0,39.8,0.0
1308,12.590,ok,31.762,2240.188,10.0,39.8,0.0
1309,12.504,ok,31.762,2240.188,0.0,39.8,0.0
1310,12.750,ok,31.762,2240.188,0.0,39.8,0.0
1311,12.158,ok,31.762,2240.188,0.0,39.8,0.0
1312,12.266,ok,31.762,2240.188,0.0,39.8,0.0
1313,12.765,ok,31.762,2240.188,0.0,39.8,0.0
1314,12.475,ok,31.762,2240.188,0.0,39.8,0.0
1315,12.823,ok,31.762,2240.188,0.0,39.8,0.0
1316,12.599,ok,31.762,2240.188,0.0,39.8,0.0
1317,13.081,ok,31.762,2240.188,0.0,39.8,0.0
1318,12.682,ok,31.762,2240.188,0.0,39.8,0.0
1319,12.814,ok,31.762,2240.188,0.0,39.8,0.0
1320,12.579,ok,31.762,2240.188,0.0,39.8,0.0
1321,13.225,ok,31.762,2240.188,0.0,39.8,0.0
1322,12.369,ok,31.762,2240.188,0.0,39.8,0.0
1323,12.658,ok,31.762,2240.188,0.0,39.8,0.0
1324,11.538,ok,31.762,2240.188,0.0,39.8,0.0
1325,11.582,ok,31.766,2240.188,0.0,39.8,0.0
1326,12.176,ok,31.766,2240.188,0.0,39.8,0.0
1327,11.854,ok,31.766,2240.188,0.0,39.8,0.0
1328,12.448,ok,31.766,2240.188,0.0,39.8,0.0
1329,12.678,ok,31.766,2240.188,0.0,39.8,0.0
1330,12.906,ok,31.766,2240.188,0.0,39.8,0.0
1331,12.521,ok,31.766,2240.188,0.0,39.8,0.0
1332,11.804,ok,31.766,2240.188,0.0,39.8,0.0
1333,12.246,ok,31.766,2240.188,0.0,39.8,0.0
1334,12.776,ok,31.766,2240.188,0.0,39.8,0.0
1335,12.885,ok,31.766,2240.188,0.0,39.8,0.0
1336,12.659,ok,31.766,2240.188,0.0,39.8,0.0
1337,12.566,ok,31.766,2240.188,0.0,39.8,0.0
1338,13.037,ok,31.766,2240.188,0.0,39.8,0.0
1339,12.243,ok,31.766,2240.188,0.0,39.8,0.0
1340,11.990,ok,31.766,2240.188,0.0,39.8,0.0
1341,12.722,ok,31.770,2240.188,0.0,39.8,0.0
1342,12.225,ok,31.770,2240.188,0.0,39.8,0.0
1343,12.869,ok,31.770,2240.188,0.0,39.8,0.0
1344,12.456,ok,31.770,2240.188,0.0,39.8,0.0
1345,12.547,ok,31.770,2240.188,0.0,39.8,0.0
1346,12.552,ok,31.770,2240.188,0.0,39.8,0.0
1347,12.035,ok,31.770,2240.188,0.0,39.8,0.0
1348,11.541,ok,31.770,2240.188,0.0,39.8,0.0
1349,11.569,ok,31.770,2240.188,0.0,39.8,0.0
1350,11.801,ok,31.770,2240.188,0.0,39.8,0.0
1351,11.562,ok,31.770,2240.188,0.0,39.8,0.0
1352,11.512,ok,31.770,2240.188,0.0,39.8,0.0
1353,11.940,ok,31.770,2240.188,0.0,39.8,0.0
1354,12.216,ok,31.770,2240.188,0.0,39.8,0.0
1355,12.226,ok,31.770,2240.188,0.0,39.8,0.0
1356,12.943,ok,31.770,2240.188,0.0,39.8,0.0
1357,13.115,ok,31.770,2240.188,0.0,39.8,0.0
1358,12.894,ok,31.770,2240.188,10.0,39.8,0.0
1359,12.904,ok,31.770,2240.188,10.0,39.8,0.0
1360,12.236,ok,31.770,2240.188,10.0,39.8,0.0
1361,13.172,ok,31.770,2240.188,10.0,39.8,0.0
1362,12.643,ok,31.770,2240.188,10.0,39.8,0.0
1363,13.003,ok,31.770,2240.188,10.0,39.8,0.0
1364,12.408,ok,31.770,2240.188,10.0,39.8,0.0
1365,13.030,ok,31.770,2240.188,10.0,39.8,0.0
1366,12.689,ok,31.770,2240.188,10.0,39.8,0.0
1367,12.473,ok,31.770,2240.188,10.0,39.8,0.0
1368,12.570,ok,31.770,2240.188,10.0,39.8,0.0
1369,13.344,ok,31.770,2240.188,10.0,39.8,0.0
1370,13.492,ok,31.770,2240.188,10.0,39.8,0.0
1371,12.240,ok,31.770,2240.188,10.0,39.8,0.0
1372,12.794,ok,31.770,2240.188,10.0,39.8,0.0
1373,12.670,ok,31.770,2240.188,10.0,39.8,0.0
1374,11.910,ok,31.773,2240.188,0.0,39.8,0.0
1375,12.173,ok,31.773,2240.188,0.0,39.8,0.0
1376,12.705,ok,31.773,2240.188,0.0,39.8,0.0
1377,12.490,ok,31.773,2240.188,0.0,39.8,0.0
1378,12.120,ok,31.773,2240.188,0.0,39.8,0.0
1379,12.156,ok,31.773,2240.188,0.0,39.8,0.0
1380,12.640,ok,31.773,2240.188,0.0,39.8,0.0
1381,12.376,ok,31.773,2240.188,0.0,39.8,0.0
1382,12.185,ok,31.773,2240.188,0.0,39.8,0.0
1383,12.628,ok,31.773,2240.188,0.0,39.8,0.0
1384,12.957,ok,31.773,2240.188,0.0,39.8,0.0
1385,13.044,ok,31.773,2240.188,0.0,39.8,0.0
1386,12.865,ok,31.773,2240.188,0.0,39.8,0.0
1387,12.988,ok,31.773,2240.188,0.0,39.8,0.0
1388,12.191,ok,31.773,2240.188,0.0,39.8,0.0
1389,12.971,ok,31.773,2240.188,0.0,39.8,0.0
1390,12.811,ok,31.773,2240.188,5.0,39.8,0.0
1391,12.273,ok,31.773,2240.188,5.0,39.8,0.0
1392,12.776,ok,31.773,2240.188,5.0,39.8,0.0
1393,13.069,ok,31.773,2240.188,5.0,39.8,0.0
1394,13.070,ok,31.773,2240.188,5.0,39.8,0.0
1395,12.894,ok,31.773,2240.188,5.0,39.8,0.0
1396,12.657,ok,31.773,2240.188,5.0,39.8,0.0
1397,12.015,ok,31.773,2240.188,5.0,39.8,0.0
1398,12.044,ok,31.773,2240.188,5.0,39.8,0.0
1399,11.829,ok,31.773,2240.188,5.0,39.8,0.0
1400,11.767,ok,31.773,2240.188,5.0,39.8,0.0
1401,12.301,ok,31.773,2240.188,5.0,39.8,0.0
1402,12.512,ok,31.773,2240.188,5.0,39.8,0.0
1403,12.769,ok,31.773,2240.188,5.0,39.8,0.0
1404,12.354,ok,31.773,2240.188,5.0,39.8,0.0
1405,11.711,ok,31.773,2240.188,5.0,39.8,0.0
1406,11.848,ok,31.773,2240.188,0.0,39.8,0.0
1407,12.251,ok,31.773,2240.188,0.0,39.8,0.0
1408,11.908,ok,31.773,2240.188,0.0,39.8,0.0
1409,12.051,ok,31.773,2240.188,0.0,39.8,0.0
1410,12.056,ok,31.773,2240.188,0.0,39.8,0.0
1411,11.991,ok,31.773,2240.188,0.0,39.8,0.0
1412,11.618,ok,31.773,2240.188,0.0,39.8,0.0
1413,11.817,ok,31.773,2240.188,0.0,39.8,0.0
1414,12.059,ok,31.773,2240.188,0.0,39.8,0.0
1415,11.904,ok,31.773,2240.188,0.0,39.8,0.0
1416,12.515,ok,31.773,2240.188,0.0,39.8,0.0
1417,12.324,ok,31.773,2240.188,0.0,39.8,0.0
1418,13.186,ok,31.773,2240.188,0.0,39.8,0.0
1419,12.490,ok,31.773,2240.188,0.0,39.8,0.0
1420,12.355,ok,31.773,2240.188,0.0,39.8,0.0
1421,12.713,ok,31.773,2240.188,0.0,39.8,0.0
1422,12.359,ok,31.773,2240.188,0.0,39.8,0.0
1423,12.282,ok,31.773,2240.188,0.0,39.8,0.0
1424,12.366,ok,31.773,2240.188,0.0,39.8,0.0
1425,13.007,ok,31.773,2240.188,0.0,39.8,0.0
1426,12.061,ok,31.773,2240.188,0.0,39.8,0.0
1427,12.369,ok,31.773,2240.188,0.0,39.8,0.0
1428,12.148,ok,31.773,2240.188,0.0,39.8,0.0
1429,13.005,ok,31.773,2240.188,0.0,39.8,0.0
1430,12.531,ok,31.773,2240.188,0.0,39.8,0.0
1431,11.858,ok,31.773,2240.188,0.0,39.8,0.0
1432,12.114,ok,31.773,2240.188,0.0,39.8,0.0
1433,12.437,ok,31.773,2240.188,0.0,39.8,0.0
1434,12.603,ok,31.773,2240.188,0.0,39.8,0.0
1435,12.674,ok,31.773,2240.188,0.0,39.8,0.0
1436,12.698,ok,31.773,2240.188,0.0,39.8,0.0
1437,12.346,ok,31.773,2240.188,0.0,39.8,0.0
1438,11.449,ok,31.777,2240.188,10.0,39.8,0.0
1439,11.534,ok,31.777,2240.188,10.0,39.8,0.0
1440,11.254,ok,31.777,2240.188,10.0,39.8,0.0
1441,11.292,ok,31.777,2240.188,10.0,39.8,0.0
1442,11.750,ok,31.777,2240.188,10.0,39.8,0.0
1443,11.577,ok,31.777,2240.188,10.0,39.8,0.0
1444,11.500,ok,31.777,2240.188,10.0,39.8,0.0
1445,12.124,ok,31.777,2240.188,10.0,39.8,0.0
1446,11.841,ok,31.777,2240.188,10.0,39.8,0.0
1447,12.176,ok,31.777,2240.188,10.0,39.8,0.0
1448,11.867,ok,31.777,2240.188,10.0,39.8,0.0
1449,12.671,ok,31.777,2240.188,10.0,39.8,0.0
1450,12.914,ok,31.777,2240.188,10.0,39.8,0.0
1451,12.747,ok,31.777,2240.188,10.0,39.8,0.0
1452,12.450,ok,31.777,2240.188,10.0,39.8,0.0
1453,12.825,ok,31.777,2240.188,10.0,39.8,0.0
1454,12.259,ok,31.777,2240.188,10.0,39.8,0.0
1455,12.287,ok,31.781,2240.188,0.0,39.8,0.0
1456,12.499,ok,31.781,2240.188,0.0,39.8,0.0
1457,12.305,ok,31.781,2240.188,0.0,39.8,0.0
1458,12.179,ok,31.781,2240.188,0.0,39.8,0.0
1459,12.481,ok,31.781,2240.188,0.0,39.8,0.0
1460,11.969,ok,31.781,2240.188,0.0,39.8,0.0
1461,12.508,ok,31.781,2240.188,0.0,39.8,0.0
1462,12.896,ok,31.781,2240.188,0.0,39.8,0.0
1463,12.602,ok,31.781,2240.188,0.0,39.8,0.0
1464,12.112,ok,31.781,2240.188,0.0,39.8,0.0
1465,12.229,ok,31.781,2240.188,0.0,39.8,0.0
1466,12.636,ok,31.781,2240.188,0.0,39.8,0.0
1467,13.085,ok,31.781,2240.188,0.0,39.8,0.0
1468,12.020,ok,31.781,2240.188,0.0,39.8,0.0
1469,11.803,ok,31.781,2240.188,0.0,39.8,0.0
1470,12.062,ok,31.781,2240.188,0.0,39.8,0.0
1471,11.966,ok,31.781,2240.188,5.0,39.8,0.0
1472,11.396,ok,31.781,2240.188,5.0,39.8,0.0
1473,11.828,ok,31.781,2240.188,5.0,39.8,0.0
1474,11.846,ok,31.781,2240.188,5.0,39.8,0.0
1475,12.352,ok,31.781,2240.188,5.0,39.8,0.0
1476,11.776,ok,31.781,2240.188,5.0,39.8,0.0
1477,11.717,ok,31.781,2240.188,5.0,39.8,0.0
1478,11.829,ok,31.781,2240.188,5.0,39.8,0.0
1479,11.971,ok,31.781,2240.188,5.0,39.8,0.0
1480,11.986,ok,31.781,2240.188,5.0,39.8,0.0
1481,12.508,ok,31.781,2240.188,5.0,39.8,0.0
1482,11.871,ok,31.781,2240.188,5.0,39.8,0.0
1483,11.960,ok,31.781,2240.188,5.0,39.8,0.0
1484,12.686,ok,31.781,2240.188,5.0,39.8,0.0
1485,12.661,ok,31.781,2240.188,5.0,39.8,0.0
1486,12.216,ok,31.781,2240.188,5.0,39.8,0.0
1487,11.542,ok,31.781,2240.188,5.0,39.8,0.0
1488,12.090,ok,31.785,2240.188,0.0,39.8,0.0
1489,12.135,ok,31.785,2240.188,0.0,39.8,0.0
1490,12.522,ok,31.785,2240.188,0.0,39.8,0.0
1491,12.375,ok,31.785,2240.188,0.0,39.8,0.0
1492,12.078,ok,31.785,2240.188,0.0,39.8,0.0
1493,11.983,ok,31.785,2240.188,0.0,39.8,0.0
1494,11.283,ok,31.785,2240.188,0.0,39.8,0.0
1495,11.901,ok,31.785,2240.188,0.0,39.8,0.0
1496,11.883,ok,31.785,2240.188,0.0,39.8,0.0
1497,11.813,ok,31.785,2240.188,0.0,39.8,0.0
1498,11.859,ok,31.785,2240.188,0.0,39.8,0.0
1499,11.714,ok,31.785,2240.188,0.0,39.8,0.0
1500,11.898,ok,31.785,2240.188,0.0,39.8,0.0
1501,12.212,ok,31.785,2240.188,0.0,39.8,0.0
1502,12.050,ok,31.785,2240.188,0.0,39.8,0.0
1503,12.252,ok,31.785,2240.188,0.0,39.8,0.0
1504,11.540,ok,31.789,2240.188,0.0,39.8,0.0
1505,11.785,ok,31.789,2240.188,0.0,39.8,0.0
1506,12.059,ok,31.789,2240.188,0.0,39.8,0.0
1507,12.641,ok,31.789,2240.188,0.0,39.8,0.0
1508,12.113,ok,31.789,2240.188,0.0,39.8,0.0
1509,11.802,ok,31.789,2240.188,0.0,39.8,0.0
1510,11.617,ok,31.789,2240.188,0.0,39.8,0.0
1511,11.966,ok,31.789,2240.188,0.0,39.8,0.0
1512,11.736,ok,31.789,2240.188,0.0,39.8,0.0
1513,12.036,ok,31.789,2240.188,0.0,39.8,0.0
1514,11.963,ok,31.789,2240.188,0.0,39.8,0.0
1515,11.433,ok,31.789,2240.188,0.0,39.8,0.0
1516,11.812,ok,31.789,2240.188,0.0,39.8,0.0
1517,11.376,ok,31.789,2240.188,0.0,39.8,0.0
1518,12.126,ok,31.789,2240.188,0.0,39.8,0.0
1519,12.106,ok,31.789,2240.188,0.0,39.8,0.0
1520,11.705,ok,31.789,2240.188,0.0,39.8,0.0
1521,11.556,ok,31.789,2240.188,5.0,39.8,0.0
1522,11.904,ok,31.789,2240.188,5.0,39.8,0.0
1523,11.888,ok,31.789,2240.188,5.0,39.8,0.0
1524,11.446,ok,31.789,2240.188,5.0,39.8,0.0
1525,11.906,ok,31.789,2240.188,5.0,39.8,0.0
1526,12.132,ok,31.789,2240.188,5.0,39.8,0.0
1527,12.258,ok,31.789,2240.188,5.0,39.8,0.0
1528,12.513,ok,31.789,2240.188,5.0,39.8,0.0
1529,12.667,ok,31.789,2240.188,5.0,39.8,0.0
1530,12.426,ok,31.789,2240.188,5.0,39.8,0.0
1531,12.367,ok,31.789,2240.188,5.0,39.8,0.0
1532,12.402,ok,31.789,2240.188,5.0,39.8,0.0
1533,11.900,ok,31.789,2240.188,5.0,39.8,0.0
1534,12.193,ok,31.789,2240.188,5.0,39.8,0.0
1535,12.549,ok,31.789,2240.188,5.0,39.8,0.0
1536,12.903,ok,31.789,2240.188,5.0,39.8,0.0
1537,12.947,ok,31.789,2240.188,5.0,39.8,0.0
1538,12.533,ok,31.793,2240.188,5.0,39.8,0.0
1539,12.888,ok,31.793,2240.188,5.0,39.8,0.0
1540,12.678,ok,31.793,2240.188,5.0,39.8,0.0
1541,12.219,ok,31.793,2240.188,5.0,39.8,0.0
1542,11.884,ok,31.793,2240.188,5.0,39.8,0.0
1543,11.378,ok,31.793,2240.188,5.0,39.8,0.0
1544,11.425,ok,31.793,2240.188,5.0,39.8,0.0
1545,12.034,ok,31.793,2240.188,5.0,39.8,0.0
1546,12.297,ok,31.793,2240.188,5.0,39.8,0.0
1547,12.044,ok,31.793,2240.188,5.0,39.8,0.0
1548,11.565,ok,31.793,2240.188,5.0,39.8,0.0
1549,11.486,ok,31.793,2240.188,5.0,39.8,0.0
1550,11.706,ok,31.793,2240.188,5.0,39.8,0.0
1551,11.381,ok,31.793,2240.188,5.0,39.8,0.0
1552,11.787,ok,31.793,2240.188,5.0,39.8,0.0
1553,11.799,ok,31.793,2240.188,5.0,39.8,0.0
1554,11.440,ok,31.793,2240.188,0.0,39.8,0.0
1555,11.437,ok,31.793,2240.188,0.0,39.8,0.0
1556,11.356,ok,31.793,2240.188,0.0,39.8,0.0
1557,11.206,ok,31.793,2240.188,0.0,39.8,0.0
1558,11.331,ok,31.793,2240.188,0.0,39.8,0.0
1559,11.501,ok,31.793,2240.188,0.0,39.8,0.0
1560,11.198,ok,31.793,2240.188,0.0,39.8,0.0
1561,11.362,ok,31.793,2240.188,0.0,39.8,0.0
1562,11.071,ok,31.793,2240.188,0.0,39.8,0.0
1563,11.055,ok,31.793,2240.188,0.0,39.8,0.0
1564,11.829,ok,31.793,2240.188,0.0,39.8,0.0
1565,11.331,ok,31.793,2240.188,0.0,39.8,0.0
1566,11.848,ok,31.793,2240.188,0.0,39.8,0.0
1567,12.099,ok,31.793,2240.188,0.0,39.8,0.0
1568,12.086,ok,31.793,2240.188,0.0,39.8,0.0
1569,11.893,ok,31.793,2240.188,0.0,39.8,0.0
1570,12.123,ok,31.793,2240.188,0.0,39.8,0.0
1571,11.954,ok,31.793,2240.188,0.0,39.8,0.0
1572,12.129,ok,31.793,2240.188,0.0,39.8,0.0
1573,12.028,ok,31.793,2240.188,0.0,39.8,0.0
1574,12.222,ok,31.793,2240.188,0.0,39.8,0.0
1575,11.896,ok,31.793,2240.188,0.0,39.8,0.0
1576,11.600,ok,31.793,2240.188,0.0,39.8,0.0
1577,11.704,ok,31.793,2240.188,0.0,39.8,0.0
1578,11.611,ok,31.793,2240.188,0.0,39.8,0.0
1579,11.371,ok,31.793,2240.188,0.0,39.8,0.0
1580,11.921,ok,31.793,2240.188,0.0,39.8,0.0
1581,11.964,ok,31.793,2240.188,0.0,39.8,0.0
1582,11.712,ok,31.793,2240.188,0.0,39.8,0.0
1583,11.892,ok,31.793,2240.188,0.0,39.8,0.0
1584,11.881,ok,31.793,2240.188,0.0,39.8,0.0
1585,11.812,ok,31.793,2240.188,0.0,39.8,0.0
1586,11.815,ok,31.793,2240.188,0.0,39.8,0.0
1587,11.753,ok,31.793,2240.188,0.0,39.8,0.0
1588,11.657,ok,31.793,2240.188,0.0,39.8,0.0
1589,11.309,ok,31.793,2240.188,5.0,39.8,0.0
1590,11.091,ok,31.793,2240.188,5.0,39.8,0.0
1591,11.501,ok,31.793,2240.188,5.0,39.8,0.0
1592,11.779,ok,31.793,2240.188,5.0,39.8,0.0
1593,12.114,ok,31.793,2240.188,5.0,39.8,0.0
1594,11.820,ok,31.793,2240.188,5.0,39.8,0.0
1595,11.800,ok,31.793,2240.188,5.0,39.8,0.0
1596,11.218,ok,31.793,2240.188,5.0,39.8,0.0
1597,11.337,ok,31.793,2240.188,5.0,39.8,0.0
1598,11.345,ok,31.793,2240.188,5.0,39.8,0.0
1599,11.014,ok,31.793,2240.188,5.0,39.8,0.0
1600,11.236,ok,31.793,2240.188,5.0,39.8,0.0
1601,11.748,ok,31.793,2240.188,5.0,39.8,0.0
1602,11.682,ok,31.793,2240.188,5.0,39.8,0.0
1603,11.737,ok,31.793,2240.188,5.0,39.8,0.0
1604,11.917,ok,31.793,2240.188,5.0,39.8,0.0
1605,11.774,ok,31.793,2240.188,5.0,39.8,0.0
1606,11.488,ok,31.797,2240.188,0.0,39.8,0.0
1607,12.009,ok,31.797,2240.188,0.0,39.8,0.0
1608,11.663,ok,31.797,2240.188,0.0,39.8,0.0
1609,11.880,ok,31.797,2240.188,0.0,39.8,0.0
1610,11.822,ok,31.797,2240.188,0.0,39.8,0.0
1611,11.478,ok,31.797,2240.188,0.0,39.8,0.0
1612,11.716,ok,31.797,2240.188,0.0,39.8,0.0
1613,12.264,ok,31.797,2240.188,0.0,39.8,0.0
1614,12.030,ok,31.797,2240.188,0.0,39.8,0.0
1615,11.601,ok,31.797,2240.188,0.0,39.8,0.0
1616,11.715,ok,31.797,2240.188,0.0,39.8,0.0
1617,11.857,ok,31.797,2240.188,0.0,39.8,0.0
1618,11.533,ok,31.797,2240.188,0.0,39.8,0.0
1619,11.692,ok,31.797,2240.188,0.0,39.8,0.0
1620,11.458,ok,31.797,2240.188,0.0,39.8,0.0
1621,11.602,ok,31.797,2240.188,0.0,39.8,0.0
1622,11.866,ok,31.797,2240.188,0.0,39.8,0.0
1623,11.256,ok,31.797,2240.188,0.0,39.8,0.0
1624,10.948,ok,31.797,2240.188,0.0,39.8,0.0
1625,11.047,ok,31.797,2240.188,0.0,39.8,0.0
1626,11.968,ok,31.797,2240.188,0.0,39.8,0.0
1627,12.092,ok,31.797,2240.188,0.0,39.8,0.0
1628,12.001,ok,31.797,2240.188,0.0,39.8,0.0
1629,11.476,ok,31.797,2240.188,0.0,39.8,0.0
1630,11.211,ok,31.797,2240.188,0.0,39.8,0.0
1631,11.721,ok,31.797,2240.188,0.0,39.8,0.0
1632,11.692,ok,31.797,2240.188,0.0,39.8,0.0
1633,12.208,ok,31.797,2240.188,0.0,39.8,0.0
1634,12.514,ok,31.797,2240.188,0.0,39.8,0.0
1635,11.986,ok,31.797,2240.188,0.0,39.8,0.0
1636,11.736,ok,31.797,2240.188,0.0,39.8,0.0
1637,11.792,ok,31.797,2240.188,0.0,39.8,0.0
1638,12.339,ok,31.797,2240.188,0.0,39.8,0.0
1639,12.057,ok,31.797,2240.188,0.0,39.8,0.0
1640,12.305,ok,31.805,2240.188,5.0,39.8,0.0
1641,11.935,ok,31.805,2240.188,5.0,39.8,0.0
1642,12.142,ok,31.805,2240.188,5.0,39.8,0.0
1643,12.174,ok,31.805,2240.188,5.0,39.8,0.0
1644,11.836,ok,31.805,2240.188,5.0,39.8,0.0
1645,11.590,ok,31.805,2240.188,5.0,39.8,0.0
1646,11.675,ok,31.805,2240.188,5.0,39.8,0.0
1647,11.856,ok,31.805,2240.188,5.0,39.8,0.0
1648,11.963,ok,31.805,2240.188,5.0,39.8,0.0
1649,12.148,ok,31.805,2240.188,5.0,39.8,0.0
1650,12.247,ok,31.805,2240.188,5.0,39.8,0.0
1651,12.173,ok,31.805,2240.188,5.0,39.8,0.0
1652,12.001,ok,31.805,2240.188,5.0,39.8,0.0
1653,11.794,ok,31.805,2240.188,5.0,39.8,0.0
1654,12.310,ok,31.805,2240.188,5.0,39.8,0.0
1655,11.347,ok,31.805,2240.188,5.0,39.8,0.0
1656,11.968,ok,31.805,2240.188,5.0,39.8,0.0
1657,11.817,ok,31.812,2240.188,0.0,39.8,0.0
1658,12.043,ok,31.812,2240.188,0.0,39.8,0.0
1659,12.246,ok,31.812,2240.188,0.0,39.8,0.0
1660,12.083,ok,31.812,2240.188,0.0,39.8,0.0
1661,11.873,ok,31.812,2240.188,0.0,39.8,0.0
1662,12.312,ok,31.812,2240.188,0.0,39.8,0.0
1663,11.726,ok,31.812,2240.188,0.0,39.8,0.0
1664,12.068,ok,31.812,2240.188,0.0,39.8,0.0
1665,11.370,ok,31.812,2240.188,0.0,39.8,0.0
1666,11.655,ok,31.812,2240.188,0.0,39.8,0.0
1667,11.860,ok,31.812,2240.188,0.0,39.8,0.0
1668,12.347,ok,31.812,2240.188,0.0,39.8,0.0
1669,12.533,ok,31.812,2240.188,0.0,39.8,0.0
1670,12.227,ok,31.812,2240.188,0.0,39.8,0.0
1671,11.800,ok,31.812,2240.188,0.0,39.8,0.0
1672,11.685,ok,31.812,2240.188,0.0,39.8,0.0
1673,12.128,ok,31.812,2240.188,0.0,39.8,0.0
1674,12.028,ok,31.812,2240.188,0.0,39.8,0.0
1675,12.025,ok,31.812,2240.188,0.0,39.8,0.0
1676,11.705,ok,31.812,2240.188,0.0,39.8,0.0
1677,11.787,ok,31.812,2240.188,0.0,39.8,0.0
1678,11.588,ok,31.812,2240.188,0.0,39.8,0.0
1679,11.589,ok,31.812,2240.188,0.0,39.8,0.0
1680,12.530,ok,31.812,2240.188,0.0,39.8,0.0
1681,11.945,ok,31.812,2240.188,0.0,39.8,0.0
1682,11.860,ok,31.812,2240.188,0.0,39.8,0.0
1683,12.300,ok,31.812,2240.188,0.0,39.8,0.0
1684,12.065,ok,31.812,2240.188,0.0,39.8,0.0
1685,11.451,ok,31.812,2240.188,0.0,39.8,0.0
1686,11.902,ok,31.812,2240.188,0.0,39.8,0.0
1687,11.980,ok,31.812,2240.188,0.0,39.8,0.0
1688,11.906,ok,31.812,2240.188,0.0,39.8,0.0
1689,11.813,ok,31.812,2240.188,0.0,39.8,0.0
1690,11.790,ok,31.812,2240.188,5.0,39.8,0.0
1691,11.538,ok,31.812,2240.188,5.0,39.8,0.0
1692,11.812,ok,31.812,2240.188,5.0,39.8,0.0
1693,11.843,ok,31.812,2240.188,5.0,39.8,0.0
1694,11.560,ok,31.812,2240.188,5.0,39.8,0.0
1695,11.506,ok,31.812,2240.188,5.0,39.8,0.0
1696,11.839,ok,31.812,2240.188,5.0,39.8,0.0
1697,11.900,ok,31.812,2240.188,5.0,39.8,0.0
1698,11.597,ok,31.812,2240.188,5.0,39.8,0.0
1699,11.804,ok,31.812,2240.188,5.0,39.8,0.0
1700,11.653,ok,31.812,2240.188,5.0,39.8,0.0
1701,11.663,ok,31.812,2240.188,5.0,39.8,0.0
1702,11.883,ok,31.812,2240.188,5.0,39.8,0.0
1703,11.481,ok,31.812,2240.188,5.0,39.8,0.0
1704,11.597,ok,31.812,2240.188,5.0,39.8,0.0
1705,11.794,ok,31.812,2240.188,5.0,39.8,0.0
1706,12.020,ok,31.812,2240.188,5.0,39.8,0.0
1707,11.784,ok,31.812,2240.188,0.0,39.8,0.0
1708,11.859,ok,31.812,2240.188,0.0,39.8,0.0
1709,12.157,ok,31.812,2240.188,0.0,39.8,0.0
1710,12.272,ok,31.812,2240.188,0.0,39.8,0.0
1711,11.919,ok,31.812,2240.188,0.0,39.8,0.0
1712,12.593,ok,31.812,2240.188,0.0,39.8,0.0
1713,11.534,ok,31.812,2240.188,0.0,39.8,0.0
1714,12.093,ok,31.812,2240.188,0.0,39.8,0.0
1715,12.592,ok,31.812,2240.188,0.0,39.8,0.0
1716,12.063,ok,31.812,2240.188,0.0,39.8,0.0
1717,11.557,ok,31.812,2240.188,0.0,39.8,0.0
1718,11.796,ok,31.812,2240.188,0.0,39.8,0.0
1719,11.741,ok,31.812,2240.188,0.0,39.8,0.0
1720,11.737,ok,31.812,2240.188,0.0,39.8,0.0
1721,12.138,ok,31.812,2240.188,0.0,39.8,0.0
1722,12.009,ok,31.812,2240.188,0.0,39.8,0.0
1723,11.686,ok,31.812,2240.188,0.0,39.8,0.0
1724,11.893,ok,31.816,2240.188,5.0,39.8,0.0
1725,11.565,ok,31.816,2240.188,5.0,39.8,0.0
1726,11.400,ok,31.816,2240.188,5.0,39.8,0.0
1727,11.859,ok,31.816,2240.188,5.0,39.8,0.0
1728,11.411,ok,31.816,2240.188,5.0,39.8,0.0
1729,12.321,ok,31.816,2240.188,5.0,39.8,0.0
1730,11.781,ok,31.816,2240.188,5.0,39.8,0.0
1731,12.182,ok,31.816,2240.188,5.0,39.8,0.0
1732,13.115,ok,31.816,2240.188,5.0,39.8,0.0
1733,12.325,ok,31.816,2240.188,5.0,39.8,0.0
1734,12.094,ok,31.816,2240.188,5.0,39.8,0.0
1735,12.406,ok,31.816,2240.188,5.0,39.8,0.0
1736,12.365,ok,31.816,2240.188,5.0,39.8,0.0
1737,12.476,ok,31.816,2240.188,5.0,39.8,0.0
1738,12.399,ok,31.816,2240.188,5.0,39.8,0.0
1739,11.856,ok,31.816,2240.188,5.0,39.8,0.0
1740,11.516,ok,31.816,2240.188,5.0,39.8,0.0
1741,11.052,ok,31.816,2240.188,5.0,39.8,0.0
1742,11.597,ok,31.816,2240.188,5.0,39.8,0.0
1743,11.104,ok,31.816,2240.188,5.0,39.8,0.0
1744,11.441,ok,31.816,2240.188,5.0,39.8,0.0
1745,11.816,ok,31.816,2240.188,5.0,39.8,0.0
1746,11.422,ok,31.816,2240.188,5.0,39.8,0.0
1747,11.771,ok,31.816,2240.188,5.0,39.8,0.0
1748,11.067,ok,31.816,2240.188,5.0,39.8,0.0
1749,11.535,ok,31.816,2240.188,5.0,39.8,0.0
1750,11.497,ok,31.816,2240.188,5.0,39.8,0.0
1751,11.100,ok,31.816,2240.188,5.0,39.8,0.0
1752,11.874,ok,31.816,2240.188,5.0,39.8,0.0
1753,11.433,ok,31.816,2240.188,5.0,39.8,0.0
1754,11.609,ok,31.816,2240.188,5.0,39.8,0.0
1755,11.475,ok,31.816,2240.188,5.0,39.8,0.0
1756,11.719,ok,31.816,2240.188,5.0,39.8,0.0
1757,11.904,ok,31.816,2240.188,5.0,39.8,0.0
1758,11.655,ok,31.816,2240.188,0.0,39.8,0.0
1759,11.271,ok,31.816,2240.188,0.0,39.8,0.0
1760,11.217,ok,31.816,2240.188,0.0,39.8,0.0
1761,11.235,ok,31.816,2240.188,0.0,39.8,0.0
1762,12.083,ok,31.816,2240.188,0.0,39.8,0.0
1763,11.290,ok,31.816,2240.188,0.0,39.8,0.0
1764,11.361,ok,31.816,2240.188,0.0,39.8,0.0
1765,11.612,ok,31.816,2240.188,0.0,39.8,0.0
1766,11.667,ok,31.816,2240.188,0.0,39.8,0.0
1767,11.324,ok,31.816,2240.188,0.0,39.8,0.0
1768,11.704,ok,31.816,2240.188,0.0,39.8,0.0
1769,11.539,ok,31.816,2240.188,0.0,39.8,0.0
1770,11.359,ok,31.816,2240.188,0.0,39.8,0.0
1771,11.667,ok,31.816,2240.188,0.0,39.8,0.0
1772,11.705,ok,31.816,2240.188,0.0,39.8,0.0
1773,11.847,ok,31.816,2240.188,0.0,39.8,0.0
1774,11.747,ok,31.816,2240.188,0.0,39.8,0.0
1775,12.170,ok,31.820,2240.188,0.0,39.8,0.0
1776,11.850,ok,31.820,2240.188,0.0,39.8,0.0
1777,11.349,ok,31.820,2240.188,0.0,39.8,0.0
1778,11.065,ok,31.820,2240.188,0.0,39.8,0.0
1779,11.083,ok,31.820,2240.188,0.0,39.8,0.0
1780,11.400,ok,31.820,2240.188,0.0,39.8,0.0
1781,11.980,ok,31.820,2240.188,0.0,39.8,0.0
1782,12.201,ok,31.820,2240.188,0.0,39.8,0.0
1783,11.624,ok,31.820,2240.188,0.0,39.8,0.0
1784,11.842,ok,31.820,2240.188,0.0,39.8,0.0
1785,11.794,ok,31.820,2240.188,0.0,39.8,0.0
1786,11.877,ok,31.820,2240.188,0.0,39.8,0.0
1787,11.368,ok,31.820,2240.188,0.0,39.8,0.0
1788,11.653,ok,31.820,2240.188,0.0,39.8,0.0
1789,12.183,ok,31.820,2240.188,0.0,39.8,0.0
1790,11.898,ok,31.820,2240.188,0.0,39.8,0.0
1791,11.899,ok,31.820,2240.188,0.0,39.8,0.0
1792,12.386,ok,31.820,2240.188,0.0,39.8,0.0
1793,12.284,ok,31.820,2240.188,0.0,39.8,0.0
1794,12.302,ok,31.820,2240.188,0.0,39.8,0.0
1795,12.425,ok,31.820,2240.188,0.0,39.8,0.0
1796,12.664,ok,31.820,2240.188,0.0,39.8,0.0
1797,12.576,ok,31.820,2240.188,0.0,39.8,0.0
1798,12.620,ok,31.820,2240.188,0.0,39.8,0.0
1799,12.854,ok,31.820,2240.188,0.0,39.8,0.0
1800,13.162,ok,31.820,2240.188,0.0,39.8,0.0
1801,12.464,ok,31.820,2240.188,0.0,39.8,0.0
1802,12.373,ok,31.820,2240.188,0.0,39.8,0.0
1803,12.324,ok,31.820,2240.188,0.0,39.8,0.0
1804,12.402,ok,31.820,2240.188,0.0,39.8,0.0
1805,12.250,ok,31.820,2240.188,0.0,39.8,0.0
1806,12.544,ok,31.820,2240.188,0.0,39.8,0.0
1807,12.723,ok,31.820,2240.188,0.0,39.8,0.0
1808,12.297,ok,31.824,2240.188,0.0,39.8,0.0
1809,11.630,ok,31.824,2240.188,0.0,39.8,0.0
1810,11.488,ok,31.824,2240.188,0.0,39.8,0.0
1811,12.099,ok,31.824,2240.188,0.0,39.8,0.0
1812,12.533,ok,31.824,2240.188,0.0,39.8,0.0
1813,12.351,ok,31.824,2240.188,0.0,39.8,0.0
1814,12.138,ok,31.824,2240.188,0.0,39.8,0.0
1815,12.578,ok,31.824,2240.188,0.0,39.8,0.0
1816,12.290,ok,31.824,2240.188,0.0,39.8,0.0
1817,11.951,ok,31.824,2240.188,0.0,39.8,0.0
1818,12.262,ok,31.824,2240.188,0.0,39.8,0.0
1819,12.255,ok,31.824,2240.188,0.0,39.8,0.0
1820,12.157,ok,31.824,2240.188,0.0,39.8,0.0
1821,12.752,ok,31.824,2240.188,0.0,39.8,0.0
1822,12.919,ok,31.824,2240.188,0.0,39.8,0.0
1823,12.809,ok,31.824,2240.188,0.0,39.8,0.0
1824,12.416,ok,31.824,2240.188,0.0,39.8,0.0
1825,12.354,ok,31.828,2240.188,5.0,39.8,0.0
1826,12.772,ok,31.828,2240.188,5.0,39.8,0.0
1827,12.186,ok,31.828,2240.188,5.0,39.8,0.0
1828,12.087,ok,31.828,2240.188,5.0,39.8,0.0
1829,11.394,ok,31.828,2240.188,5.0,39.8,0.0
1830,11.686,ok,31.828,2240.188,5.0,39.8,0.0
1831,12.398,ok,31.828,2240.188,5.0,39.8,0.0
1832,12.986,ok,31.828,2240.188,5.0,39.8,0.0
1833,12.707,ok,31.828,2240.188,5.0,39.8,0.0
1834,12.790,ok,31.828,2240.188,5.0,39.8,0.0
1835,13.167,ok,31.828,2240.188,5.0,39.8,0.0
1836,12.788,ok,31.828,2240.188,5.0,39.8,0.0
1837,13.110,ok,31.828,2240.188,5.0,39.8,0.0
1838,12.448,ok,31.828,2240.188,5.0,39.8,0.0
1839,12.443,ok,31.828,2240.188,5.0,39.8,0.0
1840,12.188,ok,31.828,2240.188,5.0,39.8,0.0
1841,12.152,ok,31.828,2240.188,5.0,39.8,0.0
1842,13.002,ok,31.828,2240.188,5.0,39.8,0.0
1843,12.407,ok,31.828,2240.188,5.0,39.8,0.0
1844,12.571,ok,31.828,2240.188,5.0,39.8,0.0
1845,12.210,ok,31.828,2240.188,5.0,39.8,0.0
1846,12.999,ok,31.828,2240.188,5.0,39.8,0.0
1847,13.101,ok,31.828,2240.188,5.0,39.8,0.0
1848,12.847,ok,31.828,2240.188,5.0,39.8,0.0
1849,12.248,ok,31.828,2240.188,5.0,39.8,0.0
1850,12.587,ok,31.828,2240.188,5.0,39.8,0.0
1851,12.525,ok,31.828,2240.188,5.0,39.8,0.0
1852,12.801,ok,31.828,2240.188,5.0,39.8,0.0
1853,11.952,ok,31.828,2240.188,5.0,39.8,0.0
1854,11.795,ok,31.828,2240.188,5.0,39.8,0.0
1855,12.108,ok,31.828,2240.188,5.0,39.8,0.0
1856,12.371,ok,31.828,2240.188,5.0,39.8,0.0
1857,13.083,ok,31.828,2240.188,5.0,39.8,0.0
1858,12.528,ok,31.828,2240.188,5.0,39.8,0.0
1859,12.025,ok,31.828,2240.188,5.0,39.8,0.0
1860,11.925,ok,31.828,2240.188,5.0,39.8,0.0
1861,12.400,ok,31.828,2240.188,5.0,39.8,0.0
1862,12.130,ok,31.828,2240.188,5.0,39.8,0.0
1863,12.657,ok,31.828,2240.188,5.0,39.8,0.0
1864,12.002,ok,31.828,2240.188,5.0,39.8,0.0
1865,11.709,ok,31.828,2240.188,5.0,39.8,0.0
1866,11.793,ok,31.828,2240.188,5.0,39.8,0.0
1867,11.422,ok,31.828,2240.188,5.0,39.8,0.0
1868,11.512,ok,31.828,2240.188,5.0,39.8,0.0
1869,11.725,ok,31.828,2240.188,5.0,39.8,0.0
1870,11.876,ok,31.828,2240.188,5.0,39.8,0.0
1871,12.149,ok,31.828,2240.188,5.0,39.8,0.0
1872,11.827,ok,31.828,2240.188,5.0,39.8,0.0
1873,12.235,ok,31.828,2240.188,5.0,39.8,0.0
1874,12.991,ok,31.828,2240.188,0.0,39.8,0.0
1875,12.287,ok,31.828,2240.188,0.0,39.8,0.0
1876,12.464,ok,31.828,2240.188,0.0,39.8,0.0
1877,12.388,ok,31.828,2240.188,0.0,39.8,0.0
1878,12.152,ok,31.828,2240.188,0.0,39.8,0.0
1879,12.044,ok,31.828,2240.188,0.0,39.8,0.0
1880,12.784,ok,31.828,2240.188,0.0,39.8,0.0
1881,12.720,ok,31.828,2240.188,0.0,39.8,0.0
1882,12.604,ok,31.828,2240.188,0.0,39.8,0.0
1883,12.925,ok,31.828,2240.188,0.0,39.8,0.0
1884,13.208,ok,31.828,2240.188,0.0,39.8,0.0
1885,13.012,ok,31.828,2240.188,0.0,39.8,0.0
1886,12.770,ok,31.828,2240.188,0.0,39.8,0.0
1887,12.790,ok,31.828,2240.188,0.0,39.8,0.0
1888,12.049,ok,31.828,2240.188,0.0,39.8,0.0
1889,12.047,ok,31.832,2240.188,0.0,39.8,0.0
1890,11.605,ok,31.832,2240.188,0.0,39.8,0.0
1891,12.222,ok,31.832,2240.188,0.0,39.8,0.0
1892,12.620,ok,31.832,2240.188,0.0,39.8,0.0
1893,11.751,ok,31.832,2240.188,0.0,39.8,0.0
1894,12.019,ok,31.832,2240.188,0.0,39.8,0.0
1895,12.013,ok,31.832,2240.188,0.0,39.8,0.0
1896,11.603,ok,31.832,2240.188,0.0,39.8,0.0
1897,11.449,ok,31.832,2240.188,0.0,39.8,0.0
1898,11.509,ok,31.832,2240.188,0.0,39.8,0.0
1899,11.974,ok,31.832,2240.188,0.0,39.8,0.0
1900,12.446,ok,31.832,2240.188,0.0,39.8,0.0
1901,11.891,ok,31.832,2240.188,0.0,39.8,0.0
1902,12.043,ok,31.832,2240.188,0.0,39.8,0.0
1903,12.130,ok,31.832,2240.188,0.0,39.8,0.0
1904,12.154,ok,31.832,2240.188,0.0,39.8,0.0
1905,11.833,ok,31.832,2240.188,0.0,39.8,0.0
1906,11.325,ok,31.832,2240.188,0.0,39.8,0.0
1907,11.754,ok,31.832,2240.188,0.0,39.8,0.0
1908,11.676,ok,31.832,2240.188,0.0,39.8,0.0
1909,11.849,ok,31.832,2240.188,0.0,39.8,0.0
1910,12.478,ok,31.832,2240.188,0.0,39.8,0.0
1911,11.571,ok,31.832,2240.188,0.0,39.8,0.0
1912,12.428,ok,31.832,2240.188,0.0,39.8,0.0
1913,12.086,ok,31.832,2240.188,0.0,39.8,0.0
1914,11.804,ok,31.832,2240.188,0.0,39.8,0.0
1915,12.180,ok,31.832,2240.188,0.0,39.8,0.0
1916,11.567,ok,31.832,2240.188,0.0,39.8,0.0
1917,11.834,ok,31.832,2240.188,0.0,39.8,0.0
1918,11.996,ok,31.832,2240.188,0.0,39.8,0.0
1919,11.935,ok,31.832,2240.188,0.0,39.8,0.0
1920,11.674,ok,31.832,2240.188,0.0,39.8,0.0
1921,12.506,ok,31.832,2240.188,0.0,39.8,0.0
1922,12.605,ok,31.832,2240.188,0.0,39.8,0.0
1923,12.213,ok,31.836,2240.188,5.0,39.8,0.0
1924,12.130,ok,31.836,2240.188,5.0,39.8,0.0
1925,12.190,ok,31.836,2240.188,5.0,39.8,0.0
1926,12.288,ok,31.836,2240.188,5.0,39.8,0.0
1927,11.474,ok,31.836,2240.188,5.0,39.8,0.0
1928,11.823,ok,31.836,2240.188,5.0,39.8,0.0
1929,12.290,ok,31.836,2240.188,5.0,39.8,0.0
1930,11.996,ok,31.836,2240.188,5.0,39.8,0.0
1931,12.360,ok,31.836,2240.188,5.0,39.8,0.0
1932,12.099,ok,31.836,2240.188,5.0,39.8,0.0
1933,12.116,ok,31.836,2240.188,5.0,39.8,0.0
1934,11.911,ok,31.836,2240.188,5.0,39.8,0.0
1935,12.184,ok,31.836,2240.188,5.0,39.8,0.0
1936,12.138,ok,31.836,2240.188,5.0,39.8,0.0
1937,11.559,ok,31.836,2240.188,5.0,39.8,0.0
1938,11.701,ok,31.836,2240.188,5.0,39.8,0.0
1939,11.516,ok,31.836,2240.188,5.0,39.8,0.0
1940,11.894,ok,31.840,2240.188,5.0,39.8,0.0
1941,11.067,ok,31.840,2240.188,5.0,39.8,0.0
1942,11.740,ok,31.840,2240.188,5.0,39.8,0.0
1943,12.144,ok,31.840,2240.188,5.0,39.8,0.0
1944,11.890,ok,31.840,2240.188,5.0,39.8,0.0
1945,12.202,ok,31.840,2240.188,5.0,39.8,0.0
1946,12.186,ok,31.840,2240.188,5.0,39.8,0.0
1947,12.128,ok,31.840,2240.188,5.0,39.8,0.0
1948,11.904,ok,31.840,2240.188,5.0,39.8,0.0
1949,12.242,ok,31.840,2240.188,5.0,39.8,0.0
1950,12.423,ok,31.840,2240.188,5.0,39.8,0.0
1951,12.787,ok,31.840,2240.188,5.0,39.8,0.0
1952,12.801,ok,31.840,2240.188,5.0,39.8,0.0
1953,13.237,ok,31.840,2240.188,5.0,39.8,0.0
1954,12.916,ok,31.840,2240.188,5.0,39.8,0.0
1955,12.448,ok,31.840,2240.188,5.0,39.8,0.0
1956,12.546,ok,31.840,2240.188,0.0,39.8,0.0
1957,12.754,ok,31.840,2240.188,0.0,39.8,0.0
1958,13.256,ok,31.840,2240.188,0.0,39.8,0.0
1959,13.074,ok,31.840,2240.188,0.0,39.8,0.0
1960,12.717,ok,31.840,2240.188,0.0,39.8,0.0
1961,13.138,ok,31.840,2240.188,0.0,39.8,0.0
1962,12.820,ok,31.840,2240.188,0.0,39.8,0.0
1963,12.649,ok,31.840,2240.188,0.0,39.8,0.0
1964,12.456,ok,31.840,2240.188,0.0,39.8,0.0
1965,12.363,ok,31.840,2240.188,0.0,39.8,0.0
1966,11.970,ok,31.840,2240.188,0.0,39.8,0.0
1967,12.328,ok,31.840,2240.188,0.0,39.8,0.0
1968,11.802,ok,31.840,2240.188,0.0,39.8,0.0
1969,11.751,ok,31.840,2240.188,0.0,39.8,0.0
1970,11.463,ok,31.840,2240.188,0.0,39.8,0.0
1971,11.931,ok,31.840,2240.188,0.0,39.8,0.0
1972,11.945,ok,31.844,2240.188,5.0,39.8,0.0
1973,11.860,ok,31.844,2240.188,5.0,39.8,0.0
1974,12.301,ok,31.844,2240.188,5.0,39.8,0.0
1975,12.486,ok,31.844,2240.188,5.0,39.8,0.0
1976,11.254,ok,31.844,2240.188,5.0,39.8,0.0
1977,12.180,ok,31.844,2240.188,5.0,39.8,0.0
1978,12.457,ok,31.844,2240.188,5.0,39.8,0.0
1979,11.482,ok,31.844,2240.188,5.0,39.8,0.0
1980,11.817,ok,31.844,2240.188,5.0,39.8,0.0
1981,12.139,ok,31.844,2240.188,5.0,39.8,0.0
1982,11.757,ok,31.844,2240.188,5.0,39.8,0.0
1983,11.631,ok,31.844,2240.188,5.0,39.8,0.0
1984,12.452,ok,31.844,2240.188,5.0,39.8,0.0
1985,12.176,ok,31.844,2240.188,5.0,39.8,0.0
1986,11.892,ok,31.844,2240.188,5.0,39.8,0.0
1987,11.961,ok,31.844,2240.188,5.0,39.8,0.0
1988,12.048,ok,31.844,2240.188,5.0,39.8,0.0
1989,11.997,ok,31.844,2240.188,5.0,39.8,0.0
1990,11.978,ok,31.844,2240.188,5.0,39.8,0.0
1991,12.068,ok,31.844,2240.188,5.0,39.8,0.0
1992,12.081,ok,31.844,2240.188,5.0,39.8,0.0
1993,12.030,ok,31.844,2240.188,5.0,39.8,0.0
1994,12.240,ok,31.844,2240.188,5.0,39.8,0.0
1995,12.122,ok,31.844,2240.188,5.0,39.8,0.0
1996,12.404,ok,31.844,2240.188,5.0,39.8,0.0
1997,12.660,ok,31.844,2240.188,5.0,39.8,0.0
1998,11.869,ok,31.844,2240.188,5.0,39.8,0.0
1999,12.015,ok,31.844,2240.188,5.0,39.8,0.0
2000,12.152,ok,31.844,2240.188,5.0,39.8,0.0
2001,11.335,ok,31.844,2240.188,5.0,39.8,0.0
2002,11.331,ok,31.844,2240.188,5.0,39.8,0.0
2003,11.774,ok,31.844,2240.188,5.0,39.8,0.0
2004,11.811,ok,31.844,2240.188,5.0,39.8,0.0
2005,11.421,ok,31.848,2240.188,0.0,39.8,0.0
2006,12.092,ok,31.848,2240.188,0.0,39.8,0.0
2007,12.160,ok,31.848,2240.188,0.0,39.8,0.0
2008,11.569,ok,31.848,2240.188,0.0,39.8,0.0
2009,11.908,ok,31.848,2240.188,0.0,39.8,0.0
2010,12.191,ok,31.848,2240.188,0.0,39.8,0.0
2011,12.169,ok,31.848,2240.188,0.0,39.8,0.0
2012,12.211,ok,31.848,2240.188,0.0,39.8,0.0
2013,12.712,ok,31.848,2240.188,0.0,39.8,0.0
2014,11.430,ok,31.848,2240.188,0.0,39.8,0.0
2015,12.878,ok,31.848,2240.188,0.0,39.8,0.0
2016,13.387,ok,31.848,2240.188,0.0,39.8,0.0
2017,12.825,ok,31.848,2240.188,0.0,39.8,0.0
2018,13.245,ok,31.848,2240.188,0.0,39.8,0.0
2019,12.360,ok,31.848,2240.188,0.0,39.8,0.0
2020,12.544,ok,31.848,2240.188,0.0,39.8,0.0
2021,13.314,ok,31.848,2240.188,0.0,39.8,0.0
2022,12.736,ok,31.848,2240.188,0.0,39.8,0.0
2023,12.652,ok,31.848,2240.188,0.0,39.8,0.0
2024,12.144,ok,31.848,2240.188,0.0,39.8,0.0
2025,12.469,ok,31.848,2240.188,0.0,39.8,0.0
2026,12.198,ok,31.848,2240.188,0.0,39.8,0.0
2027,12.901,ok,31.848,2240.188,0.0,39.8,0.0
2028,12.497,ok,31.848,2240.188,0.0,39.8,0.0
2029,13.051,ok,31.848,2240.188,0.0,39.8,0.0
2030,13.276,ok,31.848,2240.188,0.0,39.8,0.0
2031,12.425,ok,31.848,2240.188,0.0,39.8,0.0
2032,12.651,ok,31.848,2240.188,0.0,39.8,0.0
2033,13.130,ok,31.848,2240.188,0.0,39.8,0.0
2034,12.956,ok,31.848,2240.188,0.0,39.8,0.0
2035,13.648,ok,31.848,2240.188,0.0,39.8,0.0
2036,12.671,ok,31.848,2240.188,0.0,39.8,0.0
2037,12.351,ok,31.848,2240.188,0.0,39.8,0.0
2038,11.774,ok,31.848,2240.188,0.0,39.8,0.0
2039,12.274,ok,31.848,2240.188,0.0,39.8,0.0
2040,11.822,ok,31.848,2240.188,0.0,39.8,0.0
2041,11.858,ok,31.848,2240.188,0.0,39.8,0.0
2042,12.367,ok,31.848,2240.188,0.0,39.8,0.0
2043,12.053,ok,31.848,2240.188,0.0,39.8,0.0
2044,11.953,ok,31.848,2240.188,0.0,39.8,0.0
2045,11.487,ok,31.848,2240.188,0.0,39.8,0.0
2046,11.927,ok,31.848,2240.188,0.0,39.8,0.0
2047,11.570,ok,31.848,2240.188,0.0,39.8,0.0
2048,12.222,ok,31.848,2240.188,0.0,39.8,0.0
2049,12.145,ok,31.848,2240.188,0.0,39.8,0.0
2050,12.381,ok,31.848,2240.188,0.0,39.8,0.0
2051,11.225,ok,31.848,2240.188,0.0,39.8,0.0
2052,11.791,ok,31.848,2240.188,0.0,39.8,0.0
2053,12.039,ok,31.848,2240.188,0.0,39.8,0.0
2054,11.819,ok,31.855,2240.188,5.0,39.8,0.0
2055,11.227,ok,31.855,2240.188,5.0,39.8,0.0
2056,12.303,ok,31.855,2240.188,5.0,39.8,0.0
2057,11.895,ok,31.855,2240.188,5.0,39.8,0.0
2058,11.321,ok,31.855,2240.188,5.0,39.8,0.0
2059,12.081,ok,31.855,2240.188,5.0,39.8,0.0
2060,11.653,ok,31.855,2240.188,5.0,39.8,0.0
2061,11.624,ok,31.855,2240.188,5.0,39.8,0.0
2062,11.277,ok,31.855,2240.188,5.0,39.8,0.0
2063,11.916,ok,31.855,2240.188,5.0,39.8,0.0
2064,12.380,ok,31.855,2240.188,5.0,39.8,0.0
2065,11.648,ok,31.855,2240.188,5.0,39.8,0.0
2066,11.656,ok,31.855,2240.188,5.0,39.8,0.0
2067,11.573,ok,31.855,2240.188,5.0,39.8,0.0
2068,12.019,ok,31.855,2240.188,5.0,39.8,0.0
2069,12.205,ok,31.855,2240.188,5.0,39.8,0.0
2070,12.239,ok,31.855,2240.188,5.0,39.8,0.0
2071,12.291,ok,31.855,2240.188,0.0,39.8,0.0
2072,11.723,ok,31.855,2240.188,0.0,39.8,0.0
2073,11.268,ok,31.855,2240.188,0.0,39.8,0.0
2074,12.037,ok,31.855,2240.188,0.0,39.8,0.0
2075,11.222,ok,31.855,2240.188,0.0,39.8,0.0
2076,11.322,ok,31.855,2240.188,0.0,39.8,0.0
2077,11.974,ok,31.855,2240.188,0.0,39.8,0.0
2078,11.739,ok,31.855,2240.188,0.0,39.8,0.0
2079,12.069,ok,31.855,2240.188,0.0,39.8,0.0
2080,12.160,ok,31.855,2240.188,0.0,39.8,0.0
2081,12.074,ok,31.855,2240.188,0.0,39.8,0.0
2082,12.450,ok,31.855,2240.188,0.0,39.8,0.0
2083,12.618,ok,31.855,2240.188,0.0,39.8,0.0
2084,12.418,ok,31.855,2240.188,0.0,39.8,0.0
2085,11.686,ok,31.855,2240.188,0.0,39.8,0.0
2086,12.018,ok,31.855,2240.188,0.0,39.8,0.0
2087,12.645,ok,31.855,2240.188,0.0,39.8,0.0
2088,12.738,ok,31.855,2240.188,5.0,39.8,0.0
2089,12.813,ok,31.855,2240.188,5.0,39.8,0.0
2090,12.612,ok,31.855,2240.188,5.0,39.8,0.0
2091,12.091,ok,31.855,2240.188,5.0,39.8,0.0
2092,12.597,ok,31.855,2240.188,5.0,39.8,0.0
2093,12.315,ok,31.855,2240.188,5.0,39.8,0.0
2094,12.081,ok,31.855,2240.188,5.0,39.8,0.0
2095,12.612,ok,31.855,2240.188,5.0,39.8,0.0
2096,12.411,ok,31.855,2240.188,5.0,39.8,0.0
2097,12.841,ok,31.855,2240.188,5.0,39.8,0.0
2098,12.529,ok,31.855,2240.188,5.0,39.8,0.0
2099,13.087,ok,31.855,2240.188,5.0,39.8,0.0
2100,13.093,ok,31.855,2240.188,5.0,39.8,0.0
2101,12.600,ok,31.855,2240.188,5.0,39.8,0.0
2102,12.768,ok,31.855,2240.188,5.0,39.8,0.0
2103,12.566,ok,31.855,2240.188,5.0,39.8,0.0
2104,12.675,ok,31.859,2240.188,0.0,39.8,0.0
2105,12.980,ok,31.859,2240.188,0.0,39.8,0.0
2106,12.662,ok,31.859,2240.188,0.0,39.8,0.0
2107,12.130,ok,31.859,2240.188,0.0,39.8,0.0
2108,11.998,ok,31.859,2240.188,0.0,39.8,0.0
2109,11.423,ok,31.859,2240.188,0.0,39.8,0.0
2110,11.201,ok,31.859,2240.188,0.0,39.8,0.0
2111,11.813,ok,31.859,2240.188,0.0,39.8,0.0
2112,12.637,ok,31.859,2240.188,0.0,39.8,0.0
2113,12.641,ok,31.859,2240.188,0.0,39.8,0.0
2114,12.772,ok,31.859,2240.188,0.0,39.8,0.0
2115,12.348,ok,31.859,2240.188,0.0,39.8,0.0
2116,12.119,ok,31.859,2240.188,0.0,39.8,0.0
2117,12.657,ok,31.859,2240.188,0.0,39.8,0.0
2118,13.240,ok,31.859,2240.188,0.0,39.8,0.0
2119,12.507,ok,31.859,2240.188,0.0,39.8,0.0
2120,12.021,ok,31.863,2240.188,5.0,39.8,0.0
2121,12.053,ok,31.863,2240.188,5.0,39.8,0.0
2122,12.079,ok,31.863,2240.188,5.0,39.8,0.0
2123,12.821,ok,31.863,2240.188,5.0,39.8,0.0
2124,12.639,ok,31.863,2240.188,5.0,39.8,0.0
2125,12.412,ok,31.863,2240.188,5.0,39.8,0.0
2126,12.890,ok,31.863,2240.188,5.0,39.8,0.0
2127,12.162,ok,31.863,2240.188,5.0,39.8,0.0
2128,12.051,ok,31.863,2240.188,5.0,39.8,0.0
2129,12.691,ok,31.863,2240.188,5.0,39.8,0.0
2130,12.388,ok,31.863,2240.188,5.0,39.8,0.0
2131,12.737,ok,31.863,2240.188,5.0,39.8,0.0
2132,12.545,ok,31.863,2240.188,5.0,39.8,0.0
2133,12.496,ok,31.863,2240.188,5.0,39.8,0.0
2134,12.474,ok,31.863,2240.188,5.0,39.8,0.0
2135,12.242,ok,31.863,2240.188,5.0,39.8,0.0
2136,12.108,ok,31.863,2240.188,0.0,39.8,0.0
2137,11.659,ok,31.863,2240.188,0.0,39.8,0.0
2138,12.147,ok,31.863,2240.188,0.0,39.8,0.0
2139,12.670,ok,31.863,2240.188,0.0,39.8,0.0
2140,12.986,ok,31.863,2240.188,0.0,39.8,0.0
2141,12.075,ok,31.863,2240.188,0.0,39.8,0.0
2142,12.294,ok,31.863,2240.188,0.0,39.8,0.0
2143,12.637,ok,31.863,2240.188,0.0,39.8,0.0
2144,12.512,ok,31.863,2240.188,0.0,39.8,0.0
2145,12.911,ok,31.863,2240.188,0.0,39.8,0.0
2146,12.981,ok,31.863,2240.188,0.0,39.8,0.0
2147,12.298,ok,31.863,2240.188,0.0,39.8,0.0
2148,12.267,ok,31.863,2240.188,0.0,39.8,0.0
2149,12.312,ok,31.863,2240.188,0.0,39.8,0.0
2150,11.880,ok,31.863,2240.188,0.0,39.8,0.0
2151,11.321,ok,31.863,2240.188,0.0,39.8,0.0
2152,11.032,ok,31.863,2240.188,10.0,39.8,0.0
2153,11.377,ok,31.863,2240.188,10.0,39.8,0.0
2154,12.054,ok,31.863,2240.188,10.0,39.8,0.0
2155,12.000,ok,31.863,2240.188,10.0,39.8,0.0
2156,12.062,ok,31.863,2240.188,10.0,39.8,0.0
2157,12.281,ok,31.863,2240.188,10.0,39.8,0.0
2158,12.758,ok,31.863,2240.188,10.0,39.8,0.0
2159,12.026,ok,31.863,2240.188,10.0,39.8,0.0
2160,12.240,ok,31.863,2240.188,10.0,39.8,0.0
2161,13.278,ok,31.863,2240.188,10.0,39.8,0.0
2162,13.245,ok,31.863,2240.188,10.0,39.8,0.0
2163,13.415,ok,31.863,2240.188,10.0,39.8,0.0
2164,12.763,ok,31.863,2240.188,10.0,39.8,0.0
2165,12.659,ok,31.863,2240.188,10.0,39.8,0.0
2166,12.885,ok,31.863,2240.188,10.0,39.8,0.0
2167,12.223,ok,31.863,2240.188,10.0,39.8,0.0
2168,12.110,ok,31.867,2240.188,0.0,39.8,0.0
2169,12.503,ok,31.867,2240.188,0.0,39.8,0.0
2170,13.283,ok,31.867,2240.188,0.0,39.8,0.0
2171,13.586,ok,31.867,2240.188,0.0,39.8,0.0
2172,12.321,ok,31.867,2240.188,0.0,39.8,0.0
2173,12.992,ok,31.867,2240.188,0.0,39.8,0.0
2174,13.018,ok,31.867,2240.188,0.0,39.8,0.0
2175,12.715,ok,31.867,2240.188,0.0,39.8,0.0
2176,12.169,ok,31.867,2240.188,0.0,39.8,0.0
2177,12.341,ok,31.867,2240.188,0.0,39.8,0.0
2178,12.235,ok,31.867,2240.188,0.0,39.8,0.0
2179,11.921,ok,31.867,2240.188,0.0,39.8,0.0
2180,12.492,ok,31.867,2240.188,0.0,39.8,0.0
2181,12.504,ok,31.867,2240.188,0.0,39.8,0.0
2182,12.544,ok,31.867,2240.188,0.0,39.8,0.0
2183,13.234,ok,31.867,2240.188,0.0,39.8,0.0
2184,13.109,ok,31.867,2240.188,0.0,39.8,0.0
2185,13.346,ok,31.867,2240.188,0.0,39.8,0.0
2186,13.058,ok,31.867,2240.188,0.0,39.8,0.0
2187,13.040,ok,31.867,2240.188,0.0,39.8,0.0
2188,13.822,ok,31.867,2240.188,0.0,39.8,0.0
2189,13.174,ok,31.867,2240.188,0.0,39.8,0.0
2190,12.450,ok,31.867,2240.188,0.0,39.8,0.0
2191,12.243,ok,31.867,2240.188,0.0,39.8,0.0
2192,12.225,ok,31.867,2240.188,0.0,39.8,0.0
2193,12.234,ok,31.867,2240.188,0.0,39.8,0.0
2194,11.283,ok,31.867,2240.188,0.0,39.8,0.0
2195,11.501,ok,31.867,2240.188,0.0,39.8,0.0
2196,11.269,ok,31.867,2240.188,0.0,39.8,0.0
2197,12.047,ok,31.867,2240.188,0.0,39.8,0.0
2198,11.901,ok,31.867,2240.188,0.0,39.8,0.0
2199,12.385,ok,31.867,2240.188,0.0,39.8,0.0
2200,11.800,ok,31.867,2240.188,10.0,39.8,0.0
2201,12.162,ok,31.867,2240.188,10.0,39.8,0.0
2202,12.453,ok,31.867,2240.188,10.0,39.8,0.0
2203,12.882,ok,31.867,2240.188,10.0,39.8,0.0
2204,12.390,ok,31.867,2240.188,10.0,39.8,0.0
2205,12.762,ok,31.867,2240.188,10.0,39.8,0.0
2206,13.259,ok,31.867,2240.188,10.0,39.8,0.0
2207,13.116,ok,31.867,2240.188,10.0,39.8,0.0
2208,12.740,ok,31.867,2240.188,10.0,39.8,0.0
2209,12.945,ok,31.867,2240.188,10.0,39.8,0.0
2210,12.859,ok,31.867,2240.188,10.0,39.8,0.0
2211,12.682,ok,31.867,2240.188,10.0,39.8,0.0
2212,12.668,ok,31.867,2240.188,10.0,39.8,0.0
2213,11.652,ok,31.867,2240.188,10.0,39.8,0.0
2214,12.090,ok,31.867,2240.188,10.0,39.8,0.0
2215,12.278,ok,31.867,2240.188,10.0,39.8,0.0
2216,12.056,ok,31.867,2240.188,0.0,39.8,0.0
2217,11.840,ok,31.867,2240.188,0.0,39.8,0.0
2218,12.091,ok,31.867,2240.188,0.0,39.8,0.0
2219,11.919,ok,31.867,2240.188,0.0,39.8,0.0
2220,11.873,ok,31.867,2240.188,0.0,39.8,0.0
2221,11.603,ok,31.867,2240.188,0.0,39.8,0.0
2222,11.807,ok,31.867,2240.188,0.0,39.8,0.0
2223,11.548,ok,31.867,2240.188,0.0,39.8,0.0
2224,11.610,ok,31.867,2240.188,0.0,39.8,0.0
2225,11.602,ok,31.867,2240.188,0.0,39.8,0.0
2226,11.863,ok,31.867,2240.188,0.0,39.8,0.0
2227,11.615,ok,31.867,2240.188,0.0,39.8,0.0
2228,11.465,ok,31.867,2240.188,0.0,39.8,0.0
2229,12.006,ok,31.867,2240.188,0.0,39.8,0.0
2230,12.421,ok,31.867,2240.188,0.0,39.8,0.0
2231,11.481,ok,31.867,2240.188,0.0,39.8,0.0
2232,11.652,ok,31.867,2240.188,0.0,39.8,0.0
2233,11.922,ok,31.871,2240.188,5.0,39.8,0.0
2234,11.446,ok,31.871,2240.188,5.0,39.8,0.0
2235,11.545,ok,31.871,2240.188,5.0,39.8,0.0
2236,11.507,ok,31.871,2240.188,5.0,39.8,0.0
2237,11.284,ok,31.871,2240.188,5.0,39.8,0.0
2238,11.559,ok,31.871,2240.188,5.0,39.8,0.0
2239,11.865,ok,31.871,2240.188,5.0,39.8,0.0
2240,12.120,ok,31.871,2240.188,5.0,39.8,0.0
2241,11.439,ok,31.871,2240.188,5.0,39.8,0.0
2242,11.766,ok,31.871,2240.188,5.0,39.8,0.0
2243,11.421,ok,31.871,2240.188,5.0,39.8,0.0
2244,11.670,ok,31.871,2240.188,5.0,39.8,0.0
2245,12.180,ok,31.871,2240.188,5.0,39.8,0.0
2246,12.348,ok,31.871,2240.188,5.0,39.8,0.0
2247,12.006,ok,31.871,2240.188,5.0,39.8,0.0
2248,12.333,ok,31.871,2240.188,5.0,39.8,0.0
2249,11.595,ok,31.871,2240.188,5.0,39.8,0.0
2250,11.823,ok,31.875,2240.188,0.0,39.8,0.0
2251,11.580,ok,31.875,2240.188,0.0,39.8,0.0
2252,11.496,ok,31.875,2240.188,0.0,39.8,0.0
2253,12.042,ok,31.875,2240.188,0.0,39.8,0.0
2254,12.018,ok,31.875,2240.188,0.0,39.8,0.0
2255,11.479,ok,31.875,2240.188,0.0,39.8,0.0
2256,11.980,ok,31.875,2240.188,0.0,39.8,0.0
2257,12.171,ok,31.875,2240.188,0.0,39.8,0.0
2258,11.834,ok,31.875,2240.188,0.0,39.8,0.0
2259,12.011,ok,31.875,2240.188,0.0,39.8,0.0
2260,12.053,ok,31.875,2240.188,0.0,39.8,0.0
2261,12.224,ok,31.875,2240.188,0.0,39.8,0.0
2262,11.887,ok,31.875,2240.188,0.0,39.8,0.0
2263,11.739,ok,31.875,2240.188,0.0,39.8,0.0
2264,11.743,ok,31.875,2240.188,0.0,39.8,0.0
2265,11.644,ok,31.875,2240.188,0.0,39.8,0.0
2266,11.948,ok,31.875,2240.188,0.0,39.8,0.0
2267,12.615,ok,31.875,2240.188,0.0,39.8,0.0
2268,12.111,ok,31.875,2240.188,0.0,39.8,0.0
2269,12.074,ok,31.875,2240.188,0.0,39.8,0.0
2270,12.137,ok,31.875,2240.188,0.0,39.8,0.0
2271,11.742,ok,31.875,2240.188,0.0,39.8,0.0
2272,11.756,ok,31.875,2240.188,0.0,39.8,0.0
2273,11.944,ok,31.875,2240.188,0.0,39.8,0.0
2274,12.231,ok,31.875,2240.188,0.0,39.8,0.0
2275,12.045,ok,31.875,2240.188,0.0,39.8,0.0
2276,12.051,ok,31.875,2240.188,0.0,39.8,0.0
2277,11.743,ok,31.875,2240.188,0.0,39.8,0.0
2278,11.716,ok,31.875,2240.188,0.0,39.8,0.0
2279,11.744,ok,31.875,2240.188,0.0,39.8,0.0
2280,11.957,ok,31.875,2240.188,0.0,39.8,0.0
2281,12.010,ok,31.875,2240.188,0.0,39.8,0.0
2282,11.898,ok,31.875,2240.188,0.0,39.8,0.0
2283,11.922,ok,31.875,2240.188,0.0,39.8,0.0
2284,11.819,ok,31.879,2240.188,0.0,39.8,0.0
2285,12.303,ok,31.879,2240.188,0.0,39.8,0.0
2286,12.023,ok,31.879,2240.188,0.0,39.8,0.0
2287,11.921,ok,31.879,2240.188,0.0,39.8,0.0
2288,11.681,ok,31.879,2240.188,0.0,39.8,0.0
2289,12.473,ok,31.879,2240.188,0.0,39.8,0.0
2290,11.903,ok,31.879,2240.188,0.0,39.8,0.0
2291,12.010,ok,31.879,2240.188,0.0,39.8,0.0
2292,12.326,ok,31.879,2240.188,0.0,39.8,0.0
2293,12.008,ok,31.879,2240.188,0.0,39.8,0.0
2294,11.492,ok,31.879,2240.188,0.0,39.8,0.0
2295,12.210,ok,31.879,2240.188,0.0,39.8,0.0
2296,11.869,ok,31.879,2240.188,0.0,39.8,0.0
2297,11.694,ok,31.879,2240.188,0.0,39.8,0.0
2298,12.168,ok,31.879,2240.188,0.0,39.8,0.0
2299,12.571,ok,31.879,2240.188,0.0,39.8,0.0
2300,11.698,ok,31.879,2240.188,0.0,39.8,0.0
2301,11.623,ok,31.879,2240.188,5.0,39.8,0.0
2302,11.783,ok,31.879,2240.188,5.0,39.8,0.0
2303,12.436,ok,31.879,2240.188,5.0,39.8,0.0
2304,12.247,ok,31.879,2240.188,5.0,39.8,0.0
2305,12.648,ok,31.879,2240.188,5.0,39.8,0.0
2306,12.379,ok,31.879,2240.188,5.0,39.8,0.0
2307,12.756,ok,31.879,2240.188,5.0,39.8,0.0
2308,12.840,ok,31.879,2240.188,5.0,39.8,0.0
2309,12.884,ok,31.879,2240.188,5.0,39.8,0.0
2310,12.892,ok,31.879,2240.188,5.0,39.8,0.0
2311,12.131,ok,31.879,2240.188,5.0,39.8,0.0
2312,12.209,ok,31.879,2240.188,5.0,39.8,0.0
2313,12.687,ok,31.879,2240.188,5.0,39.8,0.0
2314,12.559,ok,31.879,2240.188,5.0,39.8,0.0
2315,12.014,ok,31.879,2240.188,5.0,39.8,0.0
2316,11.945,ok,31.879,2240.188,5.0,39.8,0.0
2317,11.953,ok,31.879,2240.188,5.0,39.8,0.0
2318,11.788,ok,31.879,2240.188,5.0,39.8,0.0
2319,12.070,ok,31.879,2240.188,5.0,39.8,0.0
2320,11.580,ok,31.879,2240.188,5.0,39.8,0.0
2321,12.260,ok,31.879,2240.188,5.0,39.8,0.0
2322,13.042,ok,31.879,2240.188,5.0,39.8,0.0
2323,12.416,ok,31.879,2240.188,5.0,39.8,0.0
2324,11.856,ok,31.879,2240.188,5.0,39.8,0.0
2325,12.541,ok,31.879,2240.188,5.0,39.8,0.0
2326,12.185,ok,31.879,2240.188,5.0,39.8,0.0
2327,12.668,ok,31.879,2240.188,5.0,39.8,0.0
2328,12.825,ok,31.879,2240.188,5.0,39.8,0.0
2329,12.348,ok,31.879,2240.188,5.0,39.8,0.0
2330,11.782,ok,31.879,2240.188,5.0,39.8,0.0
2331,11.517,ok,31.879,2240.188,5.0,39.8,0.0
2332,11.908,ok,31.879,2240.188,5.0,39.8,0.0
2333,12.830,ok,31.879,2240.188,0.0,39.8,0.0
2334,12.705,ok,31.879,2240.188,0.0,39.8,0.0
2335,12.271,ok,31.879,2240.188,0.0,39.8,0.0
2336,12.327,ok,31.879,2240.188,0.0,39.8,0.0
2337,12.045,ok,31.879,2240.188,0.0,39.8,0.0
2338,11.831,ok,31.879,2240.188,0.0,39.8,0.0
2339,11.743,ok,31.879,2240.188,0.0,39.8,0.0
2340,11.807,ok,31.879,2240.188,0.0,39.8,0.0
2341,11.857,ok,31.879,2240.188,0.0,39.8,0.0
2342,12.127,ok,31.879,2240.188,0.0,39.8,0.0
2343,11.902,ok,31.879,2240.188,0.0,39.8,0.0
2344,12.151,ok,31.879,2240.188,0.0,39.8,0.0
2345,12.208,ok,31.879,2240.188,0.0,39.8,0.0
2346,12.146,ok,31.879,2240.188,0.0,39.8,0.0
2347,12.336,ok,31.879,2240.188,0.0,39.8,0.0
2348,11.916,ok,31.879,2240.188,0.0,39.8,0.0
2349,12.230,ok,31.879,2240.188,0.0,39.8,0.0
2350,12.892,ok,31.883,2240.188,0.0,39.8,0.0
2351,12.743,ok,31.883,2240.188,0.0,39.8,0.0
2352,12.632,ok,31.883,2240.188,0.0,39.8,0.0
2353,12.487,ok,31.883,2240.188,0.0,39.8,0.0
2354,13.669,ok,31.883,2240.188,0.0,39.8,0.0
2355,12.240,ok,31.883,2240.188,0.0,39.8,0.0
2356,12.797,ok,31.883,2240.188,0.0,39.8,0.0
2357,12.705,ok,31.883,2240.188,0.0,39.8,0.0
2358,12.394,ok,31.883,2240.188,0.0,39.8,0.0
2359,12.616,ok,31.883,2240.188,0.0,39.8,0.0
2360,13.260,ok,31.883,2240.188,0.0,39.8,0.0
2361,13.154,ok,31.883,2240.188,0.0,39.8,0.0
2362,12.648,ok,31.883,2240.188,0.0,39.8,0.0
2363,13.385,ok,31.883,2240.188,0.0,39.8,0.0
2364,12.705,ok,31.883,2240.188,0.0,39.8,0.0
2365,12.891,ok,31.883,2240.188,10.0,39.8,0.0
2366,11.877,ok,31.883,2240.188,10.0,39.8,0.0
2367,12.227,ok,31.883,2240.188,10.0,39.8,0.0
2368,11.988,ok,31.883,2240.188,10.0,39.8,0.0
2369,12.949,ok,31.883,2240.188,10.0,39.8,0.0
2370,12.161,ok,31.883,2240.188,10.0,39.8,0.0
2371,12.718,ok,31.883,2240.188,10.0,39.8,0.0
2372,13.062,ok,31.883,2240.188,10.0,39.8,0.0
2373,12.475,ok,31.883,2240.188,10.0,39.8,0.0
2374,12.407,ok,31.883,2240.188,10.0,39.8,0.0
2375,12.331,ok,31.883,2240.188,10.0,39.8,0.0
2376,12.638,ok,31.883,2240.188,10.0,39.8,0.0
2377,12.758,ok,31.883,2240.188,10.0,39.8,0.0
2378,12.793,ok,31.883,2240.188,10.0,39.8,0.0
2379,12.571,ok,31.883,2240.188,10.0,39.8,0.0
2380,12.574,ok,31.883,2240.188,10.0,39.8,0.0
2381,12.077,ok,31.883,2240.188,0.0,39.8,0.0
2382,12.406,ok,31.883,2240.188,0.0,39.8,0.0
2383,11.540,ok,31.883,2240.188,0.0,39.8,0.0
2384,11.868,ok,31.883,2240.188,0.0,39.8,0.0
2385,12.455,ok,31.883,2240.188,0.0,39.8,0.0
2386,12.515,ok,31.883,2240.188,0.0,39.8,0.0
2387,12.569,ok,31.883,2240.188,0.0,39.8,0.0
2388,13.102,ok,31.883,2240.188,0.0,39.8,0.0
2389,12.820,ok,31.883,2240.188,0.0,39.8,0.0
2390,12.368,ok,31.883,2240.188,0.0,39.8,0.0
2391,11.980,ok,31.883,2240.188,0.0,39.8,0.0
2392,12.903,ok,31.883,2240.188,0.0,39.8,0.0
2393,12.277,ok,31.883,2240.188,0.0,39.8,0.0
2394,12.202,ok,31.883,2240.188,0.0,39.8,0.0
2395,11.834,ok,31.883,2240.188,0.0,39.8,0.0
2396,12.422,ok,31.883,2240.188,0.0,39.8,0.0
2397,12.025,ok,31.883,2240.188,0.0,39.8,0.0
2398,11.328,ok,31.891,2240.188,5.0,39.8,0.0
2399,11.858,ok,31.891,2240.188,5.0,39.8,0.0
2400,12.475,ok,31.891,2240.188,5.0,39.8,0.0
2401,11.721,ok,31.891,2240.188,5.0,39.8,0.0
2402,12.058,ok,31.891,2240.188,5.0,39.8,0.0
2403,11.728,ok,31.891,2240.188,5.0,39.8,0.0
2404,12.611,ok,31.891,2240.188,5.0,39.8,0.0
2405,11.953,ok,31.891,2240.188,5.0,39.8,0.0
2406,12.794,ok,31.891,2240.188,5.0,39.8,0.0
2407,12.908,ok,31.891,2240.188,5.0,39.8,0.0
2408,12.125,ok,31.891,2240.188,5.0,39.8,0.0
2409,11.381,ok,31.891,2240.188,5.0,39.8,0.0
2410,11.872,ok,31.891,2240.188,5.0,39.8,0.0
2411,12.355,ok,31.891,2240.188,5.0,39.8,0.0
2412,12.537,ok,31.891,2240.188,5.0,39.8,0.0
2413,11.849,ok,31.891,2240.188,5.0,39.8,0.0
2414,12.069,ok,31.891,2240.188,0.0,39.8,0.0
2415,12.419,ok,31.891,2240.188,0.0,39.8,0.0
2416,11.981,ok,31.891,2240.188,0.0,39.8,0.0
2417,12.369,ok,31.891,2240.188,0.0,39.8,0.0
2418,12.311,ok,31.891,2240.188,0.0,39.8,0.0
2419,12.285,ok,31.891,2240.188,0.0,39.8,0.0
2420,12.316,ok,31.891,2240.188,0.0,39.8,0.0
2421,12.313,ok,31.891,2240.188,0.0,39.8,0.0
2422,11.842,ok,31.891,2240.188,0.0,39.8,0.0
2423,11.916,ok,31.891,2240.188,0.0,39.8,0.0
2424,12.149,ok,31.891,2240.188,0.0,39.8,0.0
2425,12.245,ok,31.891,2240.188,0.0,39.8,0.0
2426,12.201,ok,31.891,2240.188,0.0,39.8,0.0
2427,12.163,ok,31.891,2240.188,0.0,39.8,0.0
2428,12.148,ok,31.891,2240.188,0.0,39.8,0.0
2429,12.190,ok,31.891,2240.188,0.0,39.8,0.0
2430,12.363,ok,31.891,2240.188,0.0,39.8,0.0
2431,12.133,ok,31.891,2240.188,0.0,39.8,0.0
2432,11.927,ok,31.891,2240.188,0.0,39.8,0.0
2433,11.889,ok,31.891,2240.188,0.0,39.8,0.0
2434,12.267,ok,31.891,2240.188,0.0,39.8,0.0
2435,11.536,ok,31.891,2240.188,0.0,39.8,0.0
2436,11.635,ok,31.891,2240.188,0.0,39.8,0.0
2437,11.939,ok,31.891,2240.188,0.0,39.8,0.0
2438,11.746,ok,31.891,2240.188,0.0,39.8,0.0
2439,11.631,ok,31.891,2240.188,0.0,39.8,0.0
2440,11.818,ok,31.891,2240.188,0.0,39.8,0.0
2441,11.657,ok,31.891,2240.188,0.0,39.8,0.0
2442,11.644,ok,31.891,2240.188,0.0,39.8,0.0
2443,11.766,ok,31.891,2240.188,0.0,39.8,0.0
2444,12.189,ok,31.891,2240.188,0.0,39.8,0.0
2445,11.741,ok,31.891,2240.188,0.0,39.8,0.0
2446,11.722,ok,31.891,2240.188,0.0,39.8,0.0
2447,11.858,ok,31.891,2240.188,5.0,39.8,0.0
2448,11.876,ok,31.891,2240.188,5.0,39.8,0.0
2449,11.364,ok,31.891,2240.188,5.0,39.8,0.0
2450,12.267,ok,31.891,2240.188,5.0,39.8,0.0
2451,13.024,ok,31.891,2240.188,5.0,39.8,0.0
2452,13.091,ok,31.891,2240.188,5.0,39.8,0.0
2453,12.888,ok,31.891,2240.188,5.0,39.8,0.0
2454,12.981,ok,31.891,2240.188,5.0,39.8,0.0
2455,13.568,ok,31.891,2240.188,5.0,39.8,0.0
2456,12.958,ok,31.891,2240.188,5.0,39.8,0.0
2457,13.034,ok,31.891,2240.188,5.0,39.8,0.0
2458,12.360,ok,31.891,2240.188,5.0,39.8,0.0
2459,12.231,ok,31.891,2240.188,5.0,39.8,0.0
2460,12.762,ok,31.891,2240.188,5.0,39.8,0.0
2461,12.763,ok,31.891,2240.188,5.0,39.8,0.0
2462,11.984,ok,31.891,2240.188,5.0,39.8,0.0
2463,11.906,ok,31.898,2240.188,5.0,39.8,0.0
2464,11.571,ok,31.898,2240.188,5.0,39.8,0.0
2465,12.035,ok,31.898,2240.188,5.0,39.8,0.0
2466,11.656,ok,31.898,2240.188,5.0,39.8,0.0
2467,12.235,ok,31.898,2240.188,5.0,39.8,0.0
2468,12.360,ok,31.898,2240.188,5.0,39.8,0.0
2469,12.610,ok,31.898,2240.188,5.0,39.8,0.0
2470,12.541,ok,31.898,2240.188,5.0,39.8,0.0
2471,12.517,ok,31.898,2240.188,5.0,39.8,0.0
2472,12.454,ok,31.898,2240.188,5.0,39.8,0.0
2473,13.053,ok,31.898,2240.188,5.0,39.8,0.0
2474,13.084,ok,31.898,2240.188,5.0,39.8,0.0
2475,12.903,ok,31.898,2240.188,5.0,39.8,0.0
2476,12.390,ok,31.898,2240.188,5.0,39.8,0.0
2477,12.321,ok,31.898,2240.188,5.0,39.8,0.0
2478,11.993,ok,31.898,2240.188,5.0,39.8,0.0
2479,11.857,ok,31.898,2240.188,5.0,39.8,0.0
2480,11.703,ok,31.898,2240.188,5.0,39.8,0.0
2481,11.806,ok,31.898,2240.188,5.0,39.8,0.0
2482,12.268,ok,31.898,2240.188,5.0,39.8,0.0
2483,12.420,ok,31.898,2240.188,5.0,39.8,0.0
2484,12.407,ok,31.898,2240.188,5.0,39.8,0.0
2485,12.836,ok,31.898,2240.188,5.0,39.8,0.0
2486,12.482,ok,31.898,2240.188,5.0,39.8,0.0
2487,12.381,ok,31.898,2240.188,5.0,39.8,0.0
2488,12.508,ok,31.898,2240.188,5.0,39.8,0.0
2489,13.128,ok,31.898,2240.188,5.0,39.8,0.0
2490,12.656,ok,31.898,2240.188,5.0,39.8,0.0
2491,12.555,ok,31.898,2240.188,5.0,39.8,0.0
2492,12.666,ok,31.898,2240.188,5.0,39.8,0.0
2493,12.830,ok,31.898,2240.188,5.0,39.8,0.0
2494,12.672,ok,31.898,2240.188,5.0,39.8,0.0
2495,12.897,ok,31.898,2240.188,5.0,39.8,0.0
2496,13.065,ok,31.898,2240.188,0.0,39.8,0.0
2497,12.706,ok,31.898,2240.188,0.0,39.8,0.0
2498,13.431,ok,31.898,2240.188,0.0,39.8,0.0
2499,13.034,ok,31.898,2240.188,0.0,39.8,0.0
2500,13.104,ok,31.898,2240.188,0.0,39.8,0.0
2501,12.868,ok,31.898,2240.188,0.0,39.8,0.0
2502,12.980,ok,31.898,2240.188,0.0,39.8,0.0
2503,12.985,ok,31.898,2240.188,0.0,39.8,0.0
2504,12.879,ok,31.898,2240.188,0.0,39.8,0.0
2505,12.602,ok,31.898,2240.188,0.0,39.8,0.0
2506,12.442,ok,31.898,2240.188,0.0,39.8,0.0
2507,12.253,ok,31.898,2240.188,0.0,39.8,0.0
2508,12.443,ok,31.898,2240.188,0.0,39.8,0.0
2509,12.606,ok,31.898,2240.188,0.0,39.8,0.0
2510,12.796,ok,31.898,2240.188,0.0,39.8,0.0
2511,13.035,ok,31.902,2240.188,0.0,39.8,0.0
2512,12.685,ok,31.902,2240.188,0.0,39.8,0.0
2513,12.908,ok,31.902,2240.188,0.0,39.8,0.0
2514,12.231,ok,31.902,2240.188,0.0,39.8,0.0
2515,12.166,ok,31.902,2240.188,0.0,39.8,0.0
2516,12.158,ok,31.902,2240.188,0.0,39.8,0.0
2517,12.910,ok,31.902,2240.188,0.0,39.8,0.0
2518,13.016,ok,31.902,2240.188,0.0,39.8,0.0
2519,13.100,ok,31.902,2240.188,0.0,39.8,0.0
2520,13.444,ok,31.902,2240.188,0.0,39.8,0.0
2521,12.858,ok,31.902,2240.188,0.0,39.8,0.0
2522,12.644,ok,31.902,2240.188,0.0,39.8,0.0
2523,12.198,ok,31.902,2240.188,0.0,39.8,0.0
2524,12.750,ok,31.902,2240.188,0.0,39.8,0.0
2525,12.927,ok,31.902,2240.188,0.0,39.8,0.0
2526,12.193,ok,31.902,2240.188,0.0,39.8,0.0
2527,12.739,ok,31.902,2240.188,10.0,39.8,0.0
2528,12.278,ok,31.902,2240.188,10.0,39.8,0.0
2529,12.716,ok,31.902,2240.188,10.0,39.8,0.0
2530,12.204,ok,31.902,2240.188,10.0,39.8,0.0
2531,12.720,ok,31.902,2240.188,10.0,39.8,0.0
2532,12.594,ok,31.902,2240.188,10.0,39.8,0.0
2533,12.232,ok,31.902,2240.188,10.0,39.8,0.0
2534,12.381,ok,31.902,2240.188,10.0,39.8,0.0
2535,12.928,ok,31.902,2240.188,10.0,39.8,0.0
2536,12.959,ok,31.902,2240.188,10.0,39.8,0.0
2537,12.270,ok,31.902,2240.188,10.0,39.8,0.0
2538,12.046,ok,31.902,2240.188,10.0,39.8,0.0
2539,12.077,ok,31.902,2240.188,10.0,39.8,0.0
2540,12.296,ok,31.902,2240.188,10.0,39.8,0.0
2541,11.870,ok,31.902,2240.188,10.0,39.8,0.0
2542,12.259,ok,31.902,2240.188,10.0,39.8,0.0
2543,12.068,ok,31.902,2240.188,0.0,39.8,0.0
2544,12.253,ok,31.902,2240.188,0.0,39.8,0.0
2545,11.897,ok,31.902,2240.188,0.0,39.8,0.0
2546,11.987,ok,31.902,2240.188,0.0,39.8,0.0
2547,12.355,ok,31.902,2240.188,0.0,39.8,0.0
2548,12.369,ok,31.902,2240.188,0.0,39.8,0.0
2549,12.639,ok,31.902,2240.188,0.0,39.8,0.0
2550,12.491,ok,31.902,2240.188,0.0,39.8,0.0
2551,12.937,ok,31.902,2240.188,0.0,39.8,0.0
2552,12.449,ok,31.902,2240.188,0.0,39.8,0.0
2553,12.631,ok,31.902,2240.188,0.0,39.8,0.0
2554,12.117,ok,31.902,2240.188,0.0,39.8,0.0
2555,12.116,ok,31.902,2240.188,0.0,39.8,0.0
2556,12.173,ok,31.902,2240.188,0.0,39.8,0.0
2557,12.052,ok,31.902,2240.188,0.0,39.8,0.0
2558,11.518,ok,31.902,2240.188,0.0,39.8,0.0
2559,11.194,ok,31.902,2240.188,0.0,39.8,0.0
2560,11.066,ok,31.902,2240.188,0.0,39.8,0.0
2561,11.204,ok,31.902,2240.188,0.0,39.8,0.0
2562,11.225,ok,31.902,2240.188,0.0,39.8,0.0
2563,12.267,ok,31.902,2240.188,0.0,39.8,0.0
2564,12.066,ok,31.902,2240.188,0.0,39.8,0.0
2565,12.093,ok,31.902,2240.188,0.0,39.8,0.0
2566,12.143,ok,31.902,2240.188,0.0,39.8,0.0
2567,11.908,ok,31.902,2240.188,0.0,39.8,0.0
2568,11.874,ok,31.902,2240.188,0.0,39.8,0.0
2569,12.186,ok,31.902,2240.188,0.0,39.8,0.0
2570,11.955,ok,31.902,2240.188,0.0,39.8,0.0
2571,12.036,ok,31.902,2240.188,0.0,39.8,0.0
2572,12.273,ok,31.902,2240.188,0.0,39.8,0.0
2573,12.200,ok,31.902,2240.188,0.0,39.8,0.0
2574,12.366,ok,31.902,2240.188,0.0,39.8,0.0
2575,11.464,ok,31.902,2240.188,0.0,39.8,0.0
2576,11.677,ok,31.910,2240.188,5.0,39.8,0.0
2577,11.984,ok,31.910,2240.188,5.0,39.8,0.0
2578,12.616,ok,31.910,2240.188,5.0,39.8,0.0
2579,12.369,ok,31.910,2240.188,5.0,39.8,0.0
2580,12.808,ok,31.910,2240.188,5.0,39.8,0.0
2581,12.889,ok,31.910,2240.188,5.0,39.8,0.0
2582,12.269,ok,31.910,2240.188,5.0,39.8,0.0
2583,12.028,ok,31.910,2240.188,5.0,39.8,0.0
2584,12.466,ok,31.910,2240.188,5.0,39.8,0.0
2585,12.976,ok,31.910,2240.188,5.0,39.8,0.0
2586,12.639,ok,31.910,2240.188,5.0,39.8,0.0
2587,12.413,ok,31.910,2240.188,5.0,39.8,0.0
2588,12.640,ok,31.910,2240.188,5.0,39.8,0.0
2589,12.845,ok,31.910,2240.188,5.0,39.8,0.0
2590,12.379,ok,31.910,2240.188,5.0,39.8,0.0
2591,12.816,ok,31.910,2240.188,5.0,39.8,0.0
2592,12.637,ok,31.910,2240.188,5.0,39.8,0.0
2593,12.538,ok,31.910,2240.188,0.0,39.8,0.0
2594,12.693,ok,31.910,2240.188,0.0,39.8,0.0
2595,12.846,ok,31.910,2240.188,0.0,39.8,0.0
2596,12.780,ok,31.910,2240.188,0.0,39.8,0.0
2597,13.009,ok,31.910,2240.188,0.0,39.8,0.0
2598,12.068,ok,31.910,2240.188,0.0,39.8,0.0
2599,12.024,ok,31.910,2240.188,0.0,39.8,0.0
2600,11.763,ok,31.910,2240.188,0.0,39.8,0.0
2601,12.153,ok,31.910,2240.188,0.0,39.8,0.0
2602,11.209,ok,31.910,2240.188,0.0,39.8,0.0
2603,11.531,ok,31.910,2240.188,0.0,39.8,0.0
2604,11.843,ok,31.910,2240.188,0.0,39.8,0.0
2605,12.132,ok,31.910,2240.188,0.0,39.8,0.0
2606,12.134,ok,31.910,2240.188,0.0,39.8,0.0
2607,12.220,ok,31.910,2240.188,0.0,39.8,0.0
2608,13.090,ok,31.910,2240.188,0.0,39.8,0.0
2609,12.013,ok,31.914,2240.188,0.0,39.8,0.0
2610,13.041,ok,31.914,2240.188,0.0,39.8,0.0
2611,12.969,ok,31.914,2240.188,0.0,39.8,0.0
2612,13.090,ok,31.914,2240.188,0.0,39.8,0.0
2613,12.920,ok,31.914,2240.188,0.0,39.8,0.0
2614,12.835,ok,31.914,2240.188,0.0,39.8,0.0
2615,12.927,ok,31.914,2240.188,0.0,39.8,0.0
2616,12.461,ok,31.914,2240.188,0.0,39.8,0.0
2617,12.445,ok,31.914,2240.188,0.0,39.8,0.0
2618,12.820,ok,31.914,2240.188,0.0,39.8,0.0
2619,12.382,ok,31.914,2240.188,0.0,39.8,0.0
2620,12.334,ok,31.914,2240.188,0.0,39.8,0.0
2621,12.586,ok,31.914,2240.188,0.0,39.8,0.0
2622,13.259,ok,31.914,2240.188,0.0,39.8,0.0
2623,12.686,ok,31.914,2240.188,0.0,39.8,0.0
2624,11.995,ok,31.914,2240.188,0.0,39.8,0.0
2625,12.179,ok,31.918,2240.188,10.0,39.8,0.0
2626,12.124,ok,31.918,2240.188,10.0,39.8,0.0
2627,11.754,ok,31.918,2240.188,10.0,39.8,0.0
2628,12.660,ok,31.918,2240.188,10.0,39.8,0.0
2629,13.284,ok,31.918,2240.188,10.0,39.8,0.0
2630,13.192,ok,31.918,2240.188,10.0,39.8,0.0
2631,12.364,ok,31.918,2240.188,10.0,39.8,0.0
2632,11.876,ok,31.918,2240.188,10.0,39.8,0.0
2633,12.331,ok,31.918,2240.188,10.0,39.8,0.0
2634,12.704,ok,31.918,2240.188,10.0,39.8,0.0
2635,12.328,ok,31.918,2240.188,10.0,39.8,0.0
2636,11.881,ok,31.918,2240.188,10.0,39.8,0.0
2637,11.953,ok,31.918,2240.188,10.0,39.8,0.0
2638,12.421,ok,31.918,2240.188,10.0,39.8,0.0
2639,11.548,ok,31.918,2240.188,10.0,39.8,0.0
2640,11.610,ok,31.918,2240.188,10.0,39.8,0.0
2641,11.338,ok,31.918,2240.188,0.0,39.8,0.0
2642,11.219,ok,31.918,2240.188,0.0,39.8,0.0
2643,11.658,ok,31.918,2240.188,0.0,39.8,0.0
2644,12.007,ok,31.918,2240.188,0.0,39.8,0.0
2645,11.544,ok,31.918,2240.188,0.0,39.8,0.0
2646,12.388,ok,31.918,2240.188,0.0,39.8,0.0
2647,11.939,ok,31.918,2240.188,0.0,39.8,0.0
2648,12.813,ok,31.918,2240.188,0.0,39.8,0.0
2649,12.017,ok,31.918,2240.188,0.0,39.8,0.0
2650,12.131,ok,31.918,2240.188,0.0,39.8,0.0
2651,12.721,ok,31.918,2240.188,0.0,39.8,0.0
2652,12.286,ok,31.918,2240.188,0.0,39.8,0.0
2653,12.143,ok,31.918,2240.188,0.0,39.8,0.0
2654,12.416,ok,31.918,2240.188,0.0,39.8,0.0
2655,12.234,ok,31.918,2240.188,0.0,39.8,0.0
2656,12.523,ok,31.918,2240.188,0.0,39.8,0.0
2657,12.451,ok,31.918,2240.188,0.0,39.8,0.0
2658,12.078,ok,31.918,2240.188,5.0,39.8,0.0
2659,12.374,ok,31.918,2240.188,5.0,39.8,0.0
2660,12.502,ok,31.918,2240.188,5.0,39.8,0.0
2661,12.645,ok,31.918,2240.188,5.0,39.8,0.0
2662,12.594,ok,31.918,2240.188,5.0,39.8,0.0
2663,13.089,ok,31.918,2240.188,5.0,39.8,0.0
2664,12.762,ok,31.918,2240.188,5.0,39.8,0.0
2665,12.987,ok,31.918,2240.188,5.0,39.8,0.0
2666,11.893,ok,31.918,2240.188,5.0,39.8,0.0
2667,12.999,ok,31.918,2240.188,5.0,39.8,0.0
2668,12.290,ok,31.918,2240.188,5.0,39.8,0.0
2669,12.304,ok,31.918,2240.188,5.0,39.8,0.0
2670,12.234,ok,31.918,2240.188,5.0,39.8,0.0
2671,12.318,ok,31.918,2240.188,5.0,39.8,0.0
2672,12.183,ok,31.918,2240.188,5.0,39.8,0.0
2673,12.449,ok,31.918,2240.188,5.0,39.8,0.0
2674,12.301,ok,31.918,2240.188,0.0,39.8,0.0
2675,11.515,ok,31.918,2240.188,0.0,39.8,0.0
2676,11.536,ok,31.918,2240.188,0.0,39.8,0.0
2677,11.606,ok,31.918,2240.188,0.0,39.8,0.0
2678,11.775,ok,31.918,2240.188,0.0,39.8,0.0
2679,12.359,ok,31.918,2240.188,0.0,39.8,0.0
2680,11.856,ok,31.918,2240.188,0.0,39.8,0.0
2681,12.264,ok,31.918,2240.188,0.0,39.8,0.0
2682,12.411,ok,31.918,2240.188,0.0,39.8,0.0
2683,12.567,ok,31.918,2240.188,0.0,39.8,0.0
2684,12.929,ok,31.918,2240.188,0.0,39.8,0.0
2685,12.374,ok,31.918,2240.188,0.0,39.8,0.0
2686,12.664,ok,31.918,2240.188,0.0,39.8,0.0
2687,12.764,ok,31.918,2240.188,0.0,39.8,0.0
2688,12.117,ok,31.918,2240.188,0.0,39.8,0.0
2689,12.468,ok,31.918,2240.188,0.0,39.8,0.0
2690,11.413,ok,31.922,2240.188,0.0,39.8,0.0
2691,11.837,ok,31.922,2240.188,0.0,39.8,0.0
2692,12.766,ok,31.922,2240.188,0.0,39.8,0.0
2693,12.331,ok,31.922,2240.188,0.0,39.8,0.0
2694,12.583,ok,31.922,2240.188,0.0,39.8,0.0
2695,12.591,ok,31.922,2240.188,0.0,39.8,0.0
2696,12.456,ok,31.922,2240.188,0.0,39.8,0.0
2697,12.492,ok,31.922,2240.188,0.0,39.8,0.0
2698,11.406,ok,31.922,2240.188,0.0,39.8,0.0
2699,11.590,ok,31.922,2240.188,0.0,39.8,0.0
2700,12.160,ok,31.922,2240.188,0.0,39.8,0.0
2701,11.814,ok,31.922,2240.188,0.0,39.8,0.0
2702,11.979,ok,31.922,2240.188,0.0,39.8,0.0
2703,12.364,ok,31.922,2240.188,0.0,39.8,0.0
2704,11.835,ok,31.922,2240.188,0.0,39.8,0.0
2705,11.897,ok,31.922,2240.188,0.0,39.8,0.0
2706,11.662,ok,31.922,2240.188,10.0,39.8,0.0
2707,12.351,ok,31.922,2240.188,10.0,39.8,0.0
2708,12.702,ok,31.922,2240.188,10.0,39.8,0.0
2709,13.499,ok,31.922,2240.188,10.0,39.8,0.0
2710,13.239,ok,31.922,2240.188,10.0,39.8,0.0
2711,13.181,ok,31.922,2240.188,10.0,39.8,0.0
2712,13.258,ok,31.922,2240.188,10.0,39.8,0.0
2713,13.551,ok,31.922,2240.188,10.0,39.8,0.0
2714,12.899,ok,31.922,2240.188,10.0,39.8,0.0
2715,12.607,ok,31.922,2240.188,10.0,39.8,0.0
2716,12.588,ok,31.922,2240.188,10.0,39.8,0.0
2717,12.765,ok,31.922,2240.188,10.0,39.8,0.0
2718,12.587,ok,31.922,2240.188,10.0,39.8,0.0
2719,11.925,ok,31.922,2240.188,10.0,39.8,0.0
2720,12.208,ok,31.922,2240.188,10.0,39.8,0.0
2721,12.110,ok,31.922,2240.188,10.0,39.8,0.0
2722,11.601,ok,31.926,2240.188,0.0,39.8,0.0
2723,12.044,ok,31.926,2240.188,0.0,39.8,0.0
2724,11.688,ok,31.926,2240.188,0.0,39.8,0.0
2725,12.344,ok,31.926,2240.188,0.0,39.8,0.0
2726,11.879,ok,31.926,2240.188,0.0,39.8,0.0
2727,12.325,ok,31.926,2240.188,0.0,39.8,0.0
2728,12.293,ok,31.926,2240.188,0.0,39.8,0.0
2729,11.134,ok,31.926,2240.188,0.0,39.8,0.0
2730,11.825,ok,31.926,2240.188,0.0,39.8,0.0
2731,12.283,ok,31.926,2240.188,0.0,39.8,0.0
2732,12.134,ok,31.926,2240.188,0.0,39.8,0.0
2733,11.933,ok,31.926,2240.188,0.0,39.8,0.0
2734,12.574,ok,31.926,2240.188,0.0,39.8,0.0
2735,12.469,ok,31.926,2240.188,0.0,39.8,0.0
2736,12.127,ok,31.926,2240.188,0.0,39.8,0.0
2737,12.223,ok,31.926,2240.188,0.0,39.8,0.0
2738,12.247,ok,31.926,2240.188,0.0,39.8,0.0
2739,12.923,ok,31.930,2240.188,0.0,39.8,0.0
2740,12.268,ok,31.930,2240.188,0.0,39.8,0.0
2741,11.783,ok,31.930,2240.188,0.0,39.8,0.0
2742,12.922,ok,31.930,2240.188,0.0,39.8,0.0
2743,12.952,ok,31.930,2240.188,0.0,39.8,0.0
2744,12.958,ok,31.930,2240.188,0.0,39.8,0.0
2745,12.471,ok,31.930,2240.188,0.0,39.8,0.0
2746,12.580,ok,31.930,2240.188,0.0,39.8,0.0
2747,12.672,ok,31.930,2240.188,0.0,39.8,0.0
2748,12.452,ok,31.930,2240.188,0.0,39.8,0.0
2749,11.899,ok,31.930,2240.188,0.0,39.8,0.0
2750,12.374,ok,31.930,2240.188,0.0,39.8,0.0
2751,12.387,ok,31.930,2240.188,0.0,39.8,0.0
2752,12.178,ok,31.930,2240.188,0.0,39.8,0.0
2753,12.151,ok,31.930,2240.188,0.0,39.8,0.0
2754,12.200,ok,31.930,2240.188,0.0,39.8,0.0
2755,12.967,ok,31.930,2240.188,5.0,39.8,0.0
2756,12.515,ok,31.930,2240.188,5.0,39.8,0.0
2757,13.188,ok,31.930,2240.188,5.0,39.8,0.0
2758,12.755,ok,31.930,2240.188,5.0,39.8,0.0
2759,12.414,ok,31.930,2240.188,5.0,39.8,0.0
2760,12.827,ok,31.930,2240.188,5.0,39.8,0.0
2761,12.605,ok,31.930,2240.188,5.0,39.8,0.0
2762,11.940,ok,31.930,2240.188,5.0,39.8,0.0
2763,12.504,ok,31.930,2240.188,5.0,39.8,0.0
2764,12.118,ok,31.930,2240.188,5.0,39.8,0.0
2765,12.415,ok,31.930,2240.188,5.0,39.8,0.0
2766,12.668,ok,31.930,2240.188,5.0,39.8,0.0
2767,12.828,ok,31.930,2240.188,5.0,39.8,0.0
2768,12.108,ok,31.930,2240.188,5.0,39.8,0.0
2769,12.414,ok,31.930,2240.188,5.0,39.8,0.0
2770,12.780,ok,31.930,2240.188,5.0,39.8,0.0
2771,12.571,ok,31.930,2240.188,5.0,39.8,0.0
2772,12.406,ok,31.930,2240.188,5.0,39.8,0.0
2773,12.491,ok,31.930,2240.188,5.0,39.8,0.0
2774,12.383,ok,31.930,2240.188,5.0,39.8,0.0
2775,12.416,ok,31.930,2240.188,5.0,39.8,0.0
2776,12.507,ok,31.930,2240.188,5.0,39.8,0.0
2777,12.958,ok,31.930,2240.188,5.0,39.8,0.0
2778,12.964,ok,31.930,2240.188,5.0,39.8,0.0
2779,12.998,ok,31.930,2240.188,5.0,39.8,0.0
2780,13.110,ok,31.930,2240.188,5.0,39.8,0.0
2781,13.037,ok,31.930,2240.188,5.0,39.8,0.0
2782,13.026,ok,31.930,2240.188,5.0,39.8,0.0
2783,12.805,ok,31.930,2240.188,5.0,39.8,0.0
2784,12.710,ok,31.930,2240.188,5.0,39.8,0.0
2785,12.586,ok,31.930,2240.188,5.0,39.8,0.0
2786,12.117,ok,31.930,2240.188,5.0,39.8,0.0
2787,11.846,ok,31.930,2240.188,0.0,39.8,0.0
2788,12.890,ok,31.930,2240.188,0.0,39.8,0.0
2789,12.693,ok,31.930,2240.188,0.0,39.8,0.0
2790,12.094,ok,31.930,2240.188,0.0,39.8,0.0
2791,12.848,ok,31.930,2240.188,0.0,39.8,0.0
2792,12.511,ok,31.930,2240.188,0.0,39.8,0.0
2793,12.229,ok,31.930,2240.188,0.0,39.8,0.0
2794,12.262,ok,31.930,2240.188,0.0,39.8,0.0
2795,11.962,ok,31.930,2240.188,0.0,39.8,0.0
2796,11.593,ok,31.930,2240.188,0.0,39.8,0.0
2797,11.833,ok,31.930,2240.188,0.0,39.8,0.0
2798,12.132,ok,31.930,2240.188,0.0,39.8,0.0
2799,11.889,ok,31.930,2240.188,0.0,39.8,0.0
2800,12.050,ok,31.930,2240.188,0.0,39.8,0.0
2801,11.962,ok,31.930,2240.188,0.0,39.8,0.0
2802,12.285,ok,31.930,2240.188,0.0,39.8,0.0
2803,12.657,ok,31.934,2240.188,0.0,39.8,0.0
2804,12.112,ok,31.934,2240.188,0.0,39.8,0.0
2805,12.312,ok,31.934,2240.188,0.0,39.8,0.0
2806,12.735,ok,31.934,2240.188,0.0,39.8,0.0
2807,12.618,ok,31.934,2240.188,0.0,39.8,0.0
2808,12.844,ok,31.934,2240.188,0.0,39.8,0.0
2809,12.312,ok,31.934,2240.188,0.0,39.8,0.0
2810,12.670,ok,31.934,2240.188,0.0,39.8,0.0
2811,12.865,ok,31.934,2240.188,0.0,39.8,0.0
2812,11.754,ok,31.934,2240.188,0.0,39.8,0.0
2813,11.859,ok,31.934,2240.188,0.0,39.8,0.0
2814,11.692,ok,31.934,2240.188,0.0,39.8,0.0
2815,11.830,ok,31.934,2240.188,0.0,39.8,0.0
2816,11.984,ok,31.934,2240.188,0.0,39.8,0.0
2817,12.272,ok,31.934,2240.188,0.0,39.8,0.0
2818,12.319,ok,31.934,2240.188,0.0,39.8,0.0
2819,12.110,ok,31.934,2240.188,10.0,39.8,0.0
2820,11.544,ok,31.934,2240.188,10.0,39.8,0.0
2821,11.591,ok,31.934,2240.188,10.0,39.8,0.0
2822,11.401,ok,31.934,2240.188,10.0,39.8,0.0
2823,11.539,ok,31.934,2240.188,10.0,39.8,0.0
2824,11.673,ok,31.934,2240.188,10.0,39.8,0.0
2825,11.433,ok,31.934,2240.188,10.0,39.8,0.0
2826,11.729,ok,31.934,2240.188,10.0,39.8,0.0
2827,12.026,ok,31.934,2240.188,10.0,39.8,0.0
2828,12.249,ok,31.934,2240.188,10.0,39.8,0.0
2829,12.237,ok,31.934,2240.188,10.0,39.8,0.0
2830,11.261,ok,31.934,2240.188,10.0,39.8,0.0
2831,11.892,ok,31.934,2240.188,10.0,39.8,0.0
2832,12.369,ok,31.934,2240.188,10.0,39.8,0.0
2833,11.965,ok,31.934,2240.188,10.0,39.8,0.0
2834,11.836,ok,31.934,2240.188,10.0,39.8,0.0
2835,11.979,ok,31.934,2240.188,10.0,39.8,0.0
2836,11.846,ok,31.934,2240.188,0.0,39.8,0.0
2837,11.811,ok,31.934,2240.188,0.0,39.8,0.0
2838,12.510,ok,31.934,2240.188,0.0,39.8,0.0
2839,13.226,ok,31.934,2240.188,0.0,39.8,0.0
2840,12.559,ok,31.934,2240.188,0.0,39.8,0.0
2841,12.802,ok,31.934,2240.188,0.0,39.8,0.0
2842,12.033,ok,31.934,2240.188,0.0,39.8,0.0
2843,12.843,ok,31.934,2240.188,0.0,39.8,0.0
2844,13.148,ok,31.934,2240.188,0.0,39.8,0.0
2845,12.950,ok,31.934,2240.188,0.0,39.8,0.0
2846,12.029,ok,31.934,2240.188,0.0,39.8,0.0
2847,12.983,ok,31.934,2240.188,0.0,39.8,0.0
2848,12.898,ok,31.934,2240.188,0.0,39.8,0.0
2849,13.081,ok,31.934,2240.188,0.0,39.8,0.0
2850,12.204,ok,31.934,2240.188,0.0,39.8,0.0
2851,12.848,ok,31.934,2240.188,0.0,39.8,0.0
2852,13.224,ok,31.938,2240.188,0.0,39.8,0.0
2853,12.536,ok,31.938,2240.188,0.0,39.8,0.0
2854,12.305,ok,31.938,2240.188,0.0,39.8,0.0
2855,12.858,ok,31.938,2240.188,0.0,39.8,0.0
2856,11.820,ok,31.938,2240.188,0.0,39.8,0.0
2857,11.746,ok,31.938,2240.188,0.0,39.8,0.0
2858,12.457,ok,31.938,2240.188,0.0,39.8,0.0
2859,12.042,ok,31.938,2240.188,0.0,39.8,0.0
2860,12.883,ok,31.938,2240.188,0.0,39.8,0.0
2861,12.744,ok,31.938,2240.188,0.0,39.8,0.0
2862,12.575,ok,31.938,2240.188,0.0,39.8,0.0
2863,12.661,ok,31.938,2240.188,0.0,39.8,0.0
2864,12.870,ok,31.938,2240.188,0.0,39.8,0.0
2865,12.797,ok,31.938,2240.188,0.0,39.8,0.0
2866,12.549,ok,31.938,2240.188,0.0,39.8,0.0
2867,12.563,ok,31.938,2240.188,0.0,39.8,0.0
2868,12.394,ok,31.938,2240.188,0.0,39.8,0.0
2869,12.923,ok,31.938,2240.188,0.0,39.8,0.0
2870,12.473,ok,31.938,2240.188,0.0,39.8,0.0
2871,12.705,ok,31.938,2240.188,0.0,39.8,0.0
2872,12.726,ok,31.938,2240.188,0.0,39.8,0.0
2873,12.238,ok,31.938,2240.188,0.0,39.8,0.0
2874,11.423,ok,31.938,2240.188,0.0,39.8,0.0
2875,11.821,ok,31.938,2240.188,0.0,39.8,0.0
2876,11.825,ok,31.938,2240.188,0.0,39.8,0.0
2877,12.289,ok,31.938,2240.188,0.0,39.8,0.0
2878,12.001,ok,31.938,2240.188,0.0,39.8,0.0
2879,11.714,ok,31.938,2240.188,0.0,39.8,0.0
2880,12.046,ok,31.938,2240.188,0.0,39.8,0.0
2881,11.665,ok,31.938,2240.188,0.0,39.8,0.0
2882,11.728,ok,31.938,2240.188,0.0,39.8,0.0
2883,11.839,ok,31.938,2240.188,0.0,39.8,0.0
2884,11.375,ok,31.938,2240.188,0.0,39.8,0.0
2885,11.522,ok,31.938,2240.188,10.0,39.8,0.0
2886,11.533,ok,31.938,2240.188,10.0,39.8,0.0
2887,12.132,ok,31.938,2240.188,10.0,39.8,0.0
2888,11.963,ok,31.938,2240.188,10.0,39.8,0.0
2889,11.502,ok,31.938,2240.188,10.0,39.8,0.0
2890,11.475,ok,31.938,2240.188,10.0,39.8,0.0
2891,12.212,ok,31.938,2240.188,10.0,39.8,0.0
2892,12.082,ok,31.938,2240.188,10.0,39.8,0.0
2893,12.084,ok,31.938,2240.188,10.0,39.8,0.0
2894,11.372,ok,31.938,2240.188,10.0,39.8,0.0
2895,11.581,ok,31.938,2240.188,10.0,39.8,0.0
2896,12.236,ok,31.938,2240.188,10.0,39.8,0.0
2897,12.060,ok,31.938,2240.188,10.0,39.8,0.0
2898,11.947,ok,31.938,2240.188,10.0,39.8,0.0
2899,12.043,ok,31.938,2240.188,10.0,39.8,0.0
2900,12.250,ok,31.938,2240.188,10.0,39.8,0.0
2901,11.693,ok,31.938,2240.188,10.0,39.8,0.0
2902,12.002,ok,31.941,2240.188,0.0,39.8,0.0
2903,11.436,ok,31.941,2240.188,0.0,39.8,0.0
2904,11.641,ok,31.941,2240.188,0.0,39.8,0.0
2905,11.434,ok,31.941,2240.188,0.0,39.8,0.0
2906,11.984,ok,31.941,2240.188,0.0,39.8,0.0
2907,11.513,ok,31.941,2240.188,0.0,39.8,0.0
2908,11.980,ok,31.941,2240.188,0.0,39.8,0.0
2909,12.163,ok,31.941,2240.188,0.0,39.8,0.0
2910,12.172,ok,31.941,2240.188,0.0,39.8,0.0
2911,12.363,ok,31.941,2240.188,0.0,39.8,0.0
2912,11.298,ok,31.941,2240.188,0.0,39.8,0.0
2913,11.443,ok,31.941,2240.188,0.0,39.8,0.0
2914,11.671,ok,31.941,2240.188,0.0,39.8,0.0
2915,11.565,ok,31.941,2240.188,0.0,39.8,0.0
2916,11.951,ok,31.941,2240.188,0.0,39.8,0.0
2917,12.222,ok,31.941,2240.188,0.0,39.8,0.0
2918,11.925,ok,31.941,2240.188,0.0,39.8,0.0
2919,12.097,ok,31.945,2240.188,0.0,39.8,0.0
2920,12.278,ok,31.945,2240.188,0.0,39.8,0.0
2921,12.264,ok,31.945,2240.188,0.0,39.8,0.0
2922,12.177,ok,31.945,2240.188,0.0,39.8,0.0
2923,12.134,ok,31.945,2240.188,0.0,39.8,0.0
2924,11.448,ok,31.945,2240.188,0.0,39.8,0.0
2925,11.717,ok,31.945,2240.188,0.0,39.8,0.0
2926,11.451,ok,31.945,2240.188,0.0,39.8,0.0
2927,11.237,ok,31.945,2240.188,0.0,39.8,0.0
2928,11.084,ok,31.945,2240.188,0.0,39.8,0.0
2929,10.999,ok,31.945,2240.188,0.0,39.8,0.0
2930,11.677,ok,31.945,2240.188,0.0,39.8,0.0
2931,11.849,ok,31.945,2240.188,0.0,39.8,0.0
2932,11.499,ok,31.945,2240.188,0.0,39.8,0.0
2933,12.011,ok,31.945,2240.188,0.0,39.8,0.0
2934,12.384,ok,31.945,2240.188,0.0,39.8,0.0
2935,12.123,ok,31.945,2240.188,0.0,39.8,0.0
2936,12.565,ok,31.945,2240.188,5.0,39.8,0.0
2937,12.443,ok,31.945,2240.188,5.0,39.8,0.0
2938,12.024,ok,31.945,2240.188,5.0,39.8,0.0
2939,11.944,ok,31.945,2240.188,5.0,39.8,0.0
2940,12.161,ok,31.945,2240.188,5.0,39.8,0.0
2941,12.392,ok,31.945,2240.188,5.0,39.8,0.0
2942,12.102,ok,31.945,2240.188,5.0,39.8,0.0
2943,11.944,ok,31.945,2240.188,5.0,39.8,0.0
2944,12.042,ok,31.945,2240.188,5.0,39.8,0.0
2945,12.410,ok,31.945,2240.188,5.0,39.8,0.0
2946,12.365,ok,31.945,2240.188,5.0,39.8,0.0
2947,12.155,ok,31.945,2240.188,5.0,39.8,0.0
2948,12.103,ok,31.945,2240.188,5.0,39.8,0.0
2949,12.179,ok,31.945,2240.188,5.0,39.8,0.0
2950,12.286,ok,31.945,2240.188,5.0,39.8,0.0
2951,11.190,ok,31.945,2240.188,5.0,39.8,0.0
2952,12.331,ok,31.945,2240.188,0.0,39.8,0.0
2953,12.203,ok,31.945,2240.188,0.0,39.8,0.0
2954,12.336,ok,31.945,2240.188,0.0,39.8,0.0
2955,12.353,ok,31.945,2240.188,0.0,39.8,0.0
2956,12.052,ok,31.945,2240.188,0.0,39.8,0.0
2957,12.185,ok,31.945,2240.188,0.0,39.8,0.0
2958,12.664,ok,31.945,2240.188,0.0,39.8,0.0
2959,12.317,ok,31.945,2240.188,0.0,39.8,0.0
2960,12.641,ok,31.945,2240.188,0.0,39.8,0.0
2961,12.561,ok,31.945,2240.188,0.0,39.8,0.0
2962,12.411,ok,31.945,2240.188,0.0,39.8,0.0
2963,12.392,ok,31.945,2240.188,0.0,39.8,0.0
2964,11.594,ok,31.945,2240.188,0.0,39.8,0.0
2965,12.288,ok,31.945,2240.188,0.0,39.8,0.0
2966,11.134,ok,31.945,2240.188,0.0,39.8,0.0
2967,11.336,ok,31.945,2240.188,0.0,39.8,0.0
2968,11.322,ok,31.949,2240.188,0.0,39.8,0.0
2969,11.881,ok,31.949,2240.188,0.0,39.8,0.0
2970,12.342,ok,31.949,2240.188,0.0,39.8,0.0
2971,12.253,ok,31.949,2240.188,0.0,39.8,0.0
2972,12.461,ok,31.949,2240.188,0.0,39.8,0.0
2973,12.343,ok,31.949,2240.188,0.0,39.8,0.0
2974,12.629,ok,31.949,2240.188,0.0,39.8,0.0
2975,12.848,ok,31.949,2240.188,0.0,39.8,0.0
2976,13.113,ok,31.949,2240.188,0.0,39.8,0.0
2977,12.878,ok,31.949,2240.188,0.0,39.8,0.0
2978,12.512,ok,31.949,2240.188,0.0,39.8,0.0
2979,13.356,ok,31.949,2240.188,0.0,39.8,0.0
2980,13.129,ok,31.949,2240.188,0.0,39.8,0.0
2981,12.099,ok,31.949,2240.188,0.0,39.8,0.0
2982,12.931,ok,31.949,2240.188,0.0,39.8,0.0
2983,12.957,ok,31.949,2240.188,0.0,39.8,0.0
2984,12.467,ok,31.949,2240.188,10.0,39.8,0.0
2985,12.459,ok,31.949,2240.188,10.0,39.8,0.0
2986,12.188,ok,31.949,2240.188,10.0,39.8,0.0
2987,12.344,ok,31.949,2240.188,10.0,39.8,0.0
2988,12.316,ok,31.949,2240.188,10.0,39.8,0.0
2989,11.688,ok,31.949,2240.188,10.0,39.8,0.0
2990,11.920,ok,31.949,2240.188,10.0,39.8,0.0
2991,11.525,ok,31.949,2240.188,10.0,39.8,0.0
2992,12.058,ok,31.949,2240.188,10.0,39.8,0.0
2993,12.096,ok,31.949,2240.188,10.0,39.8,0.0
2994,12.331,ok,31.949,2240.188,10.0,39.8,0.0
2995,12.471,ok,31.949,2240.188,10.0,39.8,0.0
2996,11.417,ok,31.949,2240.188,10.0,39.8,0.0
2997,12.204,ok,31.949,2240.188,10.0,39.8,0.0
2998,12.234,ok,31.949,2240.188,10.0,39.8,0.0
2999,12.380,ok,31.949,2240.188,10.0,39.8,0.0
3000,11.723,ok,31.949,2240.188,10.0,39.8,0.0
3001,11.668,ok,31.949,2240.188,0.0,39.8,0.0
3002,12.061,ok,31.949,2240.188,0.0,39.8,0.0
3003,11.872,ok,31.949,2240.188,0.0,39.8,0.0
3004,12.476,ok,31.949,2240.188,0.0,39.8,0.0
3005,12.502,ok,31.949,2240.188,0.0,39.8,0.0
3006,11.916,ok,31.949,2240.188,0.0,39.8,0.0
3007,12.676,ok,31.949,2240.188,0.0,39.8,0.0
3008,12.619,ok,31.949,2240.188,0.0,39.8,0.0
3009,12.307,ok,31.949,2240.188,0.0,39.8,0.0
3010,12.454,ok,31.949,2240.188,0.0,39.8,0.0
3011,11.905,ok,31.949,2240.188,0.0,39.8,0.0
3012,12.618,ok,31.949,2240.188,0.0,39.8,0.0
3013,12.622,ok,31.949,2240.188,0.0,39.8,0.0
3014,13.082,ok,31.949,2240.188,0.0,39.8,0.0
3015,13.347,ok,31.949,2240.188,0.0,39.8,0.0
3016,12.716,ok,31.949,2240.188,0.0,39.8,0.0
3017,12.966,ok,31.953,2240.188,0.0,39.8,0.0
3018,12.958,ok,31.953,2240.188,0.0,39.8,0.0
3019,13.074,ok,31.953,2240.188,0.0,39.8,0.0
3020,13.057,ok,31.953,2240.188,0.0,39.8,0.0
3021,12.950,ok,31.953,2240.188,0.0,39.8,0.0
3022,12.679,ok,31.953,2240.188,0.0,39.8,0.0
3023,12.887,ok,31.953,2240.188,0.0,39.8,0.0
3024,12.584,ok,31.953,2240.188,0.0,39.8,0.0
3025,12.089,ok,31.953,2240.188,0.0,39.8,0.0
3026,12.855,ok,31.953,2240.188,0.0,39.8,0.0
3027,13.235,ok,31.953,2240.188,0.0,39.8,0.0
3028,12.875,ok,31.953,2240.188,0.0,39.8,0.0
3029,13.012,ok,31.953,2240.188,0.0,39.8,0.0
3030,12.967,ok,31.953,2240.188,0.0,39.8,0.0
3031,13.060,ok,31.953,2240.188,0.0,39.8,0.0
3032,12.167,ok,31.953,2240.188,0.0,39.8,0.0
3033,12.891,ok,31.953,2240.188,0.0,39.8,0.0
3034,11.530,ok,31.953,2240.188,0.0,39.8,0.0
3035,12.846,ok,31.953,2240.188,0.0,39.8,0.0
3036,12.348,ok,31.953,2240.188,0.0,39.8,0.0
3037,12.290,ok,31.953,2240.188,0.0,39.8,0.0
3038,12.837,ok,31.953,2240.188,0.0,39.8,0.0
3039,12.165,ok,31.953,2240.188,0.0,39.8,0.0
3040,11.933,ok,31.953,2240.188,0.0,39.8,0.0
3041,12.527,ok,31.953,2240.188,0.0,39.8,0.0
3042,12.072,ok,31.953,2240.188,0.0,39.8,0.0
3043,12.650,ok,31.953,2240.188,0.0,39.8,0.0
3044,12.500,ok,31.953,2240.188,0.0,39.8,0.0
3045,12.017,ok,31.953,2240.188,0.0,39.8,0.0
3046,12.540,ok,31.953,2240.188,0.0,39.8,0.0
3047,12.708,ok,31.953,2240.188,0.0,39.8,0.0
3048,11.802,ok,31.953,2240.188,0.0,39.8,0.0
3049,11.398,ok,31.957,2240.188,10.0,39.8,0.0
3050,11.525,ok,31.957,2240.188,10.0,39.8,0.0
3051,11.754,ok,31.957,2240.188,10.0,39.8,0.0
3052,11.403,ok,31.957,2240.188,10.0,39.8,0.0
3053,11.981,ok,31.957,2240.188,10.0,39.8,0.0
3054,12.580,ok,31.957,2240.188,10.0,39.8,0.0
3055,12.156,ok,31.957,2240.188,10.0,39.8,0.0
3056,12.111,ok,31.957,2240.188,10.0,39.8,0.0
3057,12.066,ok,31.957,2240.188,10.0,39.8,0.0
3058,11.969,ok,31.957,2240.188,10.0,39.8,0.0
3059,12.932,ok,31.957,2240.188,10.0,39.8,0.0
3060,11.517,ok,31.957,2240.188,10.0,39.8,0.0
3061,12.038,ok,31.957,2240.188,10.0,39.8,0.0
3062,11.938,ok,31.957,2240.188,10.0,39.8,0.0
3063,12.082,ok,31.957,2240.188,10.0,39.8,0.0
3064,12.479,ok,31.957,2240.188,10.0,39.8,0.0
3065,12.634,ok,31.957,2240.188,10.0,39.8,0.0
3066,11.759,ok,31.957,2240.188,0.0,39.8,0.0
3067,12.564,ok,31.957,2240.188,0.0,39.8,0.0
3068,12.541,ok,31.957,2240.188,0.0,39.8,0.0
3069,13.027,ok,31.957,2240.188,0.0,39.8,0.0
3070,12.438,ok,31.957,2240.188,0.0,39.8,0.0
3071,12.677,ok,31.957,2240.188,0.0,39.8,0.0
3072,12.377,ok,31.957,2240.188,0.0,39.8,0.0
3073,13.108,ok,31.957,2240.188,0.0,39.8,0.0
3074,12.065,ok,31.957,2240.188,0.0,39.8,0.0
3075,12.988,ok,31.957,2240.188,0.0,39.8,0.0
3076,12.421,ok,31.957,2240.188,0.0,39.8,0.0
3077,12.108,ok,31.957,2240.188,0.0,39.8,0.0
3078,12.500,ok,31.957,2240.188,0.0,39.8,0.0
3079,12.289,ok,31.957,2240.188,0.0,39.8,0.0
3080,12.715,ok,31.957,2240.188,0.0,39.8,0.0
3081,12.386,ok,31.957,2240.188,0.0,39.8,0.0
3082,12.633,ok,31.961,2240.188,5.0,39.8,0.0
3083,12.597,ok,31.961,2240.188,5.0,39.8,0.0
3084,12.742,ok,31.961,2240.188,5.0,39.8,0.0
3085,12.564,ok,31.961,2240.188,5.0,39.8,0.0
3086,12.309,ok,31.961,2240.188,5.0,39.8,0.0
3087,11.502,ok,31.961,2240.188,5.0,39.8,0.0
3088,13.191,ok,31.961,2240.188,5.0,39.8,0.0
3089,12.465,ok,31.961,2240.188,5.0,39.8,0.0
3090,12.246,ok,31.961,2240.188,5.0,39.8,0.0
3091,11.593,ok,31.961,2240.188,5.0,39.8,0.0
3092,12.353,ok,31.961,2240.188,5.0,39.8,0.0
3093,12.513,ok,31.961,2240.188,5.0,39.8,0.0
3094,12.534,ok,31.961,2240.188,5.0,39.8,0.0
3095,12.598,ok,31.961,2240.188,5.0,39.8,0.0
3096,13.324,ok,31.961,2240.188,5.0,39.8,0.0
3097,12.779,ok,31.961,2240.188,5.0,39.8,0.0
3098,12.257,ok,31.961,2240.188,0.0,39.8,0.0
3099,12.171,ok,31.961,2240.188,0.0,39.8,0.0
3100,12.668,ok,31.961,2240.188,0.0,39.8,0.0
3101,13.518,ok,31.961,2240.188,0.0,39.8,0.0
3102,13.012,ok,31.961,2240.188,0.0,39.8,0.0
3103,12.951,ok,31.961,2240.188,0.0,39.8,0.0
3104,13.035,ok,31.961,2240.188,0.0,39.8,0.0
3105,13.078,ok,31.961,2240.188,0.0,39.8,0.0
3106,12.669,ok,31.961,2240.188,0.0,39.8,0.0
3107,12.651,ok,31.961,2240.188,0.0,39.8,0.0
3108,12.746,ok,31.961,2240.188,0.0,39.8,0.0
3109,13.001,ok,31.961,2240.188,0.0,39.8,0.0
3110,13.513,ok,31.961,2240.188,0.0,39.8,0.0
3111,13.006,ok,31.961,2240.188,0.0,39.8,0.0
3112,12.552,ok,31.961,2240.188,0.0,39.8,0.0
3113,11.958,ok,31.961,2240.188,0.0,39.8,0.0
3114,12.661,ok,31.961,2240.188,0.0,39.8,0.0
3115,12.716,ok,31.961,2240.188,0.0,39.8,0.0
3116,13.033,ok,31.961,2240.188,0.0,39.8,0.0
3117,12.923,ok,31.961,2240.188,0.0,39.8,0.0
3118,13.007,ok,31.961,2240.188,0.0,39.8,0.0
3119,12.443,ok,31.961,2240.188,0.0,39.8,0.0
3120,12.961,ok,31.961,2240.188,0.0,39.8,0.0
3121,12.247,ok,31.961,2240.188,0.0,39.8,0.0
3122,12.996,ok,31.961,2240.188,0.0,39.8,0.0
3123,12.960,ok,31.961,2240.188,0.0,39.8,0.0
3124,12.740,ok,31.961,2240.188,0.0,39.8,0.0
3125,12.127,ok,31.961,2240.188,0.0,39.8,0.0
3126,12.521,ok,31.961,2240.188,0.0,39.8,0.0
3127,12.851,ok,31.961,2240.188,0.0,39.8,0.0
3128,12.288,ok,31.961,2240.188,0.0,39.8,0.0
3129,11.701,ok,31.961,2240.188,10.1,39.8,0.0
3130,12.158,ok,31.961,2240.188,10.1,39.8,0.0
3131,11.555,ok,31.961,2240.188,10.1,39.8,0.0
3132,12.206,ok,31.961,2240.188,10.1,39.8,0.0
3133,12.578,ok,31.961,2240.188,10.1,39.8,0.0
3134,12.894,ok,31.961,2240.188,10.1,39.8,0.0
3135,13.142,ok,31.961,2240.188,10.1,39.8,0.0
3136,12.897,ok,31.961,2240.188,10.1,39.8,0.0
3137,12.350,ok,31.961,2240.188,10.1,39.8,0.0
3138,12.193,ok,31.961,2240.188,10.1,39.8,0.0
3139,12.716,ok,31.961,2240.188,10.1,39.8,0.0
3140,12.411,ok,31.961,2240.188,10.1,39.8,0.0
3141,12.209,ok,31.961,2240.188,10.1,39.8,0.0
3142,12.809,ok,31.961,2240.188,10.1,39.8,0.0
3143,13.088,ok,31.961,2240.188,10.1,39.8,0.0
3144,13.219,ok,31.961,2240.188,10.1,39.8,0.0
3145,12.326,ok,31.965,2240.188,0.0,39.8,0.0
3146,12.714,ok,31.965,2240.188,0.0,39.8,0.0
3147,12.702,ok,31.965,2240.188,0.0,39.8,0.0
3148,13.120,ok,31.965,2240.188,0.0,39.8,0.0
3149,12.736,ok,31.965,2240.188,0.0,39.8,0.0
3150,13.419,ok,31.965,2240.188,0.0,39.8,0.0
3151,13.114,ok,31.965,2240.188,0.0,39.8,0.0
3152,12.833,ok,31.965,2240.188,0.0,39.8,0.0
3153,12.502,ok,31.965,2240.188,0.0,39.8,0.0
3154,12.440,ok,31.965,2240.188,0.0,39.8,0.0
3155,12.091,ok,31.965,2240.188,0.0,39.8,0.0
3156,13.123,ok,31.965,2240.188,0.0,39.8,0.0
3157,12.989,ok,31.965,2240.188,0.0,39.8,0.0
3158,11.896,ok,31.965,2240.188,0.0,39.8,0.0
3159,13.028,ok,31.965,2240.188,0.0,39.8,0.0
3160,13.035,ok,31.965,2240.188,0.0,39.8,0.0
3161,12.635,ok,31.965,2240.188,5.0,39.8,0.0
3162,12.761,ok,31.965,2240.188,5.0,39.8,0.0
3163,13.776,ok,31.965,2240.188,5.0,39.8,0.0
3164,12.839,ok,31.965,2240.188,5.0,39.8,0.0
3165,13.110,ok,31.965,2240.188,5.0,39.8,0.0
3166,11.864,ok,31.965,2240.188,5.0,39.8,0.0
3167,12.336,ok,31.965,2240.188,5.0,39.8,0.0
3168,12.010,ok,31.965,2240.188,5.0,39.8,0.0
3169,12.618,ok,31.965,2240.188,5.0,39.8,0.0
3170,12.730,ok,31.965,2240.188,5.0,39.8,0.0
3171,12.329,ok,31.965,2240.188,5.0,39.8,0.0
3172,12.894,ok,31.965,2240.188,5.0,39.8,0.0
3173,12.989,ok,31.965,2240.188,5.0,39.8,0.0
3174,13.045,ok,31.965,2240.188,5.0,39.8,0.0
3175,12.911,ok,31.965,2240.188,5.0,39.8,0.0
3176,13.082,ok,31.965,2240.188,0.0,39.8,0.0
3177,12.347,ok,31.965,2240.188,0.0,39.8,0.0
3178,12.324,ok,31.965,2240.188,0.0,39.8,0.0
3179,12.584,ok,31.965,2240.188,0.0,39.8,0.0
3180,11.956,ok,31.965,2240.188,0.0,39.8,0.0
3181,12.245,ok,31.965,2240.188,0.0,39.8,0.0
3182,12.905,ok,31.965,2240.188,0.0,39.8,0.0
3183,12.700,ok,31.965,2240.188,0.0,39.8,0.0
3184,12.656,ok,31.965,2240.188,0.0,39.8,0.0
3185,12.396,ok,31.965,2240.188,0.0,39.8,0.0
3186,12.209,ok,31.965,2240.188,0.0,39.8,0.0
3187,12.653,ok,31.965,2240.188,0.0,39.8,0.0
3188,12.625,ok,31.965,2240.188,0.0,39.8,0.0
3189,13.383,ok,31.965,2240.188,0.0,39.8,0.0
3190,13.058,ok,31.965,2240.188,0.0,39.8,0.0
3191,12.393,ok,31.965,2240.188,0.0,39.8,0.0
3192,11.481,ok,31.973,2240.188,5.0,39.8,0.0
3193,11.371,ok,31.973,2240.188,5.0,39.8,0.0
3194,12.532,ok,31.973,2240.188,5.0,39.8,0.0
3195,12.102,ok,31.973,2240.188,5.0,39.8,0.0
3196,12.006,ok,31.973,2240.188,5.0,39.8,0.0
3197,11.989,ok,31.973,2240.188,5.0,39.8,0.0
3198,12.404,ok,31.973,2240.188,5.0,39.8,0.0
3199,12.786,ok,31.973,2240.188,5.0,39.8,0.0
3200,13.003,ok,31.973,2240.188,5.0,39.8,0.0
3201,12.952,ok,31.973,2240.188,5.0,39.8,0.0
3202,12.623,ok,31.973,2240.188,5.0,39.8,0.0
3203,12.824,ok,31.973,2240.188,5.0,39.8,0.0
3204,13.609,ok,31.973,2240.188,5.0,39.8,0.0
3205,12.967,ok,31.973,2240.188,5.0,39.8,0.0
3206,12.849,ok,31.973,2240.188,5.0,39.8,0.0
3207,11.818,ok,31.973,2240.188,5.0,39.8,0.0
3208,11.782,ok,31.973,2240.188,5.0,39.8,0.0
3209,11.370,ok,31.973,2240.188,5.0,39.8,0.0
3210,11.375,ok,31.973,2240.188,5.0,39.8,0.0
3211,11.766,ok,31.973,2240.188,5.0,39.8,0.0
3212,11.368,ok,31.973,2240.188,5.0,39.8,0.0
3213,12.240,ok,31.973,2240.188,5.0,39.8,0.0
3214,12.242,ok,31.973,2240.188,5.0,39.8,0.0
3215,12.838,ok,31.973,2240.188,5.0,39.8,0.0
3216,12.675,ok,31.973,2240.188,5.0,39.8,0.0
3217,12.908,ok,31.973,2240.188,5.0,39.8,0.0
3218,12.963,ok,31.973,2240.188,5.0,39.8,0.0
3219,13.114,ok,31.973,2240.188,5.0,39.8,0.0
3220,12.873,ok,31.973,2240.188,5.0,39.8,0.0
3221,12.194,ok,31.973,2240.188,5.0,39.8,0.0
3222,12.444,ok,31.973,2240.188,5.0,39.8,0.0
3223,12.292,ok,31.973,2240.188,5.0,39.8,0.0
3224,12.120,ok,31.973,2240.188,5.0,39.8,0.0
3225,12.481,ok,31.973,2240.188,0.0,39.8,0.0
3226,12.143,ok,31.973,2240.188,0.0,39.8,0.0
3227,12.279,ok,31.973,2240.188,0.0,39.8,0.0
3228,12.181,ok,31.973,2240.188,0.0,39.8,0.0
3229,12.132,ok,31.973,2240.188,0.0,39.8,0.0
3230,12.135,ok,31.973,2240.188,0.0,39.8,0.0
3231,12.026,ok,31.973,2240.188,0.0,39.8,0.0
3232,12.349,ok,31.973,2240.188,0.0,39.8,0.0
3233,11.532,ok,31.973,2240.188,0.0,39.8,0.0
3234,11.458,ok,31.973,2240.188,0.0,39.8,0.0
3235,11.482,ok,31.973,2240.188,0.0,39.8,0.0
3236,12.012,ok,31.973,2240.188,0.0,39.8,0.0
3237,11.282,ok,31.973,2240.188,0.0,39.8,0.0
3238,11.773,ok,31.973,2240.188,0.0,39.8,0.0
3239,11.500,ok,31.973,2240.188,0.0,39.8,0.0
3240,11.751,ok,31.973,2240.188,0.0,39.8,0.0
3241,12.018,ok,31.973,2240.188,0.0,39.8,0.0
3242,12.212,ok,31.977,2240.188,0.0,39.8,0.0
3243,11.504,ok,31.977,2240.188,0.0,39.8,0.0
3244,11.964,ok,31.977,2240.188,0.0,39.8,0.0
3245,11.670,ok,31.977,2240.188,0.0,39.8,0.0
3246,12.647,ok,31.977,2240.188,0.0,39.8,0.0
3247,12.930,ok,31.977,2240.188,0.0,39.8,0.0
3248,12.799,ok,31.977,2240.188,0.0,39.8,0.0
3249,13.315,ok,31.977,2240.188,0.0,39.8,0.0
3250,12.998,ok,31.977,2240.188,0.0,39.8,0.0
3251,12.465,ok,31.977,2240.188,0.0,39.8,0.0
3252,12.182,ok,31.977,2240.188,0.0,39.8,0.0
3253,12.662,ok,31.977,2240.188,0.0,39.8,0.0
3254,12.222,ok,31.977,2240.188,0.0,39.8,0.0
3255,12.350,ok,31.977,2240.188,0.0,39.8,0.0
3256,11.384,ok,31.977,2240.188,0.0,39.8,0.0
3257,12.281,ok,31.977,2240.188,0.0,39.8,0.0
3258,12.834,ok,31.980,2240.188,10.0,39.8,0.0
3259,12.359,ok,31.980,2240.188,10.0,39.8,0.0
3260,12.721,ok,31.980,2240.188,10.0,39.8,0.0
3261,12.589,ok,31.980,2240.188,10.0,39.8,0.0
3262,12.420,ok,31.980,2240.188,10.0,39.8,0.0
3263,12.609,ok,31.980,2240.188,10.0,39.8,0.0
3264,11.791,ok,31.980,2240.188,10.0,39.8,0.0
3265,11.710,ok,31.980,2240.188,10.0,39.8,0.0
3266,12.099,ok,31.980,2240.188,10.0,39.8,0.0
3267,12.251,ok,31.980,2240.188,10.0,39.8,0.0
3268,12.610,ok,31.980,2240.188,10.0,39.8,0.0
3269,11.898,ok,31.980,2240.188,10.0,39.8,0.0
3270,12.160,ok,31.980,2240.188,10.0,39.8,0.0
3271,12.208,ok,31.980,2240.188,10.0,39.8,0.0
3272,12.854,ok,31.980,2240.188,10.0,39.8,0.0
3273,11.859,ok,31.980,2240.188,10.0,39.8,0.0
3274,12.524,ok,31.980,2240.188,0.0,39.8,0.0
3275,12.356,ok,31.980,2240.188,0.0,39.8,0.0
3276,12.497,ok,31.980,2240.188,0.0,39.8,0.0
3277,11.976,ok,31.980,2240.188,0.0,39.8,0.0
3278,11.871,ok,31.980,2240.188,0.0,39.8,0.0
3279,11.510,ok,31.980,2240.188,0.0,39.8,0.0
3280,12.105,ok,31.980,2240.188,0.0,39.8,0.0
3281,12.074,ok,31.980,2240.188,0.0,39.8,0.0
3282,11.981,ok,31.980,2240.188,0.0,39.8,0.0
3283,12.179,ok,31.980,2240.188,0.0,39.8,0.0
3284,12.451,ok,31.980,2240.188,0.0,39.8,0.0
3285,12.703,ok,31.980,2240.188,0.0,39.8,0.0
3286,11.746,ok,31.980,2240.188,0.0,39.8,0.0
3287,12.570,ok,31.980,2240.188,0.0,39.8,0.0
3288,12.633,ok,31.980,2240.188,0.0,39.8,0.0
3289,11.607,ok,31.980,2240.188,0.0,39.8,0.0
3290,11.907,ok,31.980,2240.188,0.0,39.8,0.0
3291,12.063,ok,31.980,2240.188,5.0,39.8,0.0
3292,12.207,ok,31.980,2240.188,5.0,39.8,0.0
3293,12.053,ok,31.980,2240.188,5.0,39.8,0.0
3294,12.133,ok,31.980,2240.188,5.0,39.8,0.0
3295,11.416,ok,31.980,2240.188,5.0,39.8,0.0
3296,12.012,ok,31.980,2240.188,5.0,39.8,0.0
3297,11.568,ok,31.980,2240.188,5.0,39.8,0.0
3298,12.271,ok,31.980,2240.188,5.0,39.8,0.0
3299,12.141,ok,31.980,2240.188,5.0,39.8,0.0
3300,12.362,ok,31.980,2240.188,5.0,39.8,0.0
3301,12.429,ok,31.980,2240.188,5.0,39.8,0.0
3302,12.785,ok,31.980,2240.188,5.0,39.8,0.0
3303,12.395,ok,31.980,2240.188,5.0,39.8,0.0
3304,11.835,ok,31.980,2240.188,5.0,39.8,0.0
3305,12.510,ok,31.980,2240.188,5.0,39.8,0.0
3306,12.516,ok,31.980,2240.188,5.0,39.8,0.0
3307,12.701,ok,31.984,2240.188,0.0,39.8,0.0
3308,12.213,ok,31.984,2240.188,0.0,39.8,0.0
3309,11.954,ok,31.984,2240.188,0.0,39.8,0.0
3310,11.987,ok,31.984,2240.188,0.0,39.8,0.0
3311,12.160,ok,31.984,2240.188,0.0,39.8,0.0
3312,11.471,ok,31.984,2240.188,0.0,39.8,0.0
3313,11.531,ok,31.984,2240.188,0.0,39.8,0.0
3314,11.711,ok,31.984,2240.188,0.0,39.8,0.0
3315,12.476,ok,31.984,2240.188,0.0,39.8,0.0
3316,12.061,ok,31.984,2240.188,0.0,39.8,0.0
3317,11.897,ok,31.984,2240.188,0.0,39.8,0.0
3318,12.518,ok,31.984,2240.188,0.0,39.8,0.0
3319,12.351,ok,31.984,2240.188,0.0,39.8,0.0
3320,12.326,ok,31.984,2240.188,0.0,39.8,0.0
3321,11.623,ok,31.984,2240.188,0.0,39.8,0.0
3322,11.921,ok,31.984,2240.188,0.0,39.8,0.0
3323,12.127,ok,31.984,2240.188,0.0,39.8,0.0
3324,12.001,ok,31.984,2240.188,0.0,39.8,0.0
3325,13.234,ok,31.984,2240.188,0.0,39.8,0.0
3326,12.449,ok,31.984,2240.188,0.0,39.8,0.0
3327,12.563,ok,31.984,2240.188,0.0,39.8,0.0
3328,12.956,ok,31.984,2240.188,0.0,39.8,0.0
3329,12.987,ok,31.984,2240.188,0.0,39.8,0.0
3330,12.026,ok,31.984,2240.188,0.0,39.8,0.0
3331,12.141,ok,31.984,2240.188,0.0,39.8,0.0
3332,12.545,ok,31.984,2240.188,0.0,39.8,0.0
3333,12.676,ok,31.984,2240.188,0.0,39.8,0.0
3334,12.872,ok,31.984,2240.188,0.0,39.8,0.0
3335,12.722,ok,31.984,2240.188,0.0,39.8,0.0
3336,12.475,ok,31.984,2240.188,0.0,39.8,0.0
3337,11.579,ok,31.984,2240.188,0.0,39.8,0.0
3338,11.916,ok,31.984,2240.188,0.0,39.8,0.0
3339,11.479,ok,31.984,2240.188,0.0,39.8,0.0
3340,11.793,ok,31.988,2240.188,0.0,39.8,0.0
3341,11.953,ok,31.988,2240.188,0.0,39.8,0.0
3342,11.780,ok,31.988,2240.188,0.0,39.8,0.0
3343,12.061,ok,31.988,2240.188,0.0,39.8,0.0
3344,11.915,ok,31.988,2240.188,0.0,39.8,0.0
3345,12.094,ok,31.988,2240.188,0.0,39.8,0.0
3346,12.223,ok,31.988,2240.188,0.0,39.8,0.0
3347,12.298,ok,31.988,2240.188,0.0,39.8,0.0
3348,12.194,ok,31.988,2240.188,0.0,39.8,0.0
3349,12.008,ok,31.988,2240.188,0.0,39.8,0.0
3350,12.161,ok,31.988,2240.188,0.0,39.8,0.0
3351,12.191,ok,31.988,2240.188,0.0,39.8,0.0
3352,11.754,ok,31.988,2240.188,0.0,39.8,0.0
3353,11.801,ok,31.988,2240.188,0.0,39.8,0.0
3354,12.141,ok,31.988,2240.188,0.0,39.8,0.0
3355,11.673,ok,31.988,2240.188,0.0,39.8,0.0
3356,11.782,ok,31.988,2240.188,5.0,39.8,0.0
3357,11.807,ok,31.988,2240.188,5.0,39.8,0.0
3358,12.290,ok,31.988,2240.188,5.0,39.8,0.0
3359,11.780,ok,31.988,2240.188,5.0,39.8,0.0
3360,11.313,ok,31.988,2240.188,5.0,39.8,0.0
3361,11.248,ok,31.988,2240.188,5.0,39.8,0.0
3362,11.731,ok,31.988,2240.188,5.0,39.8,0.0
3363,11.259,ok,31.988,2240.188,5.0,39.8,0.0
3364,11.622,ok,31.988,2240.188,5.0,39.8,0.0
3365,11.765,ok,31.988,2240.188,5.0,39.8,0.0
3366,11.779,ok,31.988,2240.188,5.0,39.8,0.0
3367,12.223,ok,31.988,2240.188,5.0,39.8,0.0
3368,11.710,ok,31.988,2240.188,5.0,39.8,0.0
3369,12.414,ok,31.988,2240.188,5.0,39.8,0.0
3370,11.105,ok,31.988,2240.188,5.0,39.8,0.0
3371,11.778,ok,31.988,2240.188,5.0,39.8,0.0
3372,10.989,ok,31.988,2240.188,5.0,39.8,0.0
3373,11.607,ok,31.988,2240.188,5.0,39.8,0.0
3374,11.284,ok,31.992,2240.188,0.0,39.8,0.0
3375,12.030,ok,31.992,2240.188,0.0,39.8,0.0
3376,12.108,ok,31.992,2240.188,0.0,39.8,0.0
3377,12.136,ok,31.992,2240.188,0.0,39.8,0.0
3378,12.229,ok,31.992,2240.188,0.0,39.8,0.0
3379,11.919,ok,31.992,2240.188,0.0,39.8,0.0
3380,11.870,ok,31.992,2240.188,0.0,39.8,0.0
3381,11.975,ok,31.992,2240.188,0.0,39.8,0.0
3382,12.146,ok,31.992,2240.188,0.0,39.8,0.0
3383,11.974,ok,31.992,2240.188,0.0,39.8,0.0
3384,12.501,ok,31.992,2240.188,0.0,39.8,0.0
3385,12.089,ok,31.992,2240.188,0.0,39.8,0.0
3386,12.571,ok,31.992,2240.188,0.0,39.8,0.0
3387,12.433,ok,31.992,2240.188,0.0,39.8,0.0
3388,12.029,ok,31.992,2240.188,0.0,39.8,0.0
3389,12.484,ok,31.992,2240.188,0.0,39.8,0.0
3390,12.676,ok,31.992,2240.188,5.0,39.8,0.0
3391,12.370,ok,31.992,2240.188,5.0,39.8,0.0
3392,12.041,ok,31.992,2240.188,5.0,39.8,0.0
3393,12.164,ok,31.992,2240.188,5.0,39.8,0.0
3394,11.639,ok,31.992,2240.188,5.0,39.8,0.0
3395,12.467,ok,31.992,2240.188,5.0,39.8,0.0
3396,12.731,ok,31.992,2240.188,5.0,39.8,0.0
3397,12.784,ok,31.992,2240.188,5.0,39.8,0.0
3398,12.794,ok,31.992,2240.188,5.0,39.8,0.0
3399,12.489,ok,31.992,2240.188,5.0,39.8,0.0
3400,12.705,ok,31.992,2240.188,5.0,39.8,0.0
3401,12.993,ok,31.992,2240.188,5.0,39.8,0.0
3402,12.415,ok,31.992,2240.188,5.0,39.8,0.0
3403,12.537,ok,31.992,2240.188,5.0,39.8,0.0
3404,12.740,ok,31.992,2240.188,5.0,39.8,0.0
3405,13.098,ok,31.992,2240.188,5.0,39.8,0.0
3406,12.940,ok,31.992,2240.188,0.0,39.8,0.0
3407,13.306,ok,31.992,2240.188,0.0,39.8,0.0
3408,12.333,ok,31.992,2240.188,0.0,39.8,0.0
3409,13.171,ok,31.992,2240.188,0.0,39.8,0.0
3410,12.807,ok,31.992,2240.188,0.0,39.8,0.0
3411,13.172,ok,31.992,2240.188,0.0,39.8,0.0
3412,13.025,ok,31.992,2240.188,0.0,39.8,0.0
3413,12.947,ok,31.992,2240.188,0.0,39.8,0.0
3414,12.985,ok,31.992,2240.188,0.0,39.8,0.0
3415,12.951,ok,31.992,2240.188,0.0,39.8,0.0
3416,12.622,ok,31.992,2240.188,0.0,39.8,0.0
3417,11.763,ok,31.992,2240.188,0.0,39.8,0.0
3418,11.535,ok,31.992,2240.188,0.0,39.8,0.0
3419,11.755,ok,31.992,2240.188,0.0,39.8,0.0
3420,11.415,ok,31.992,2240.188,0.0,39.8,0.0
3421,12.104,ok,31.992,2240.188,0.0,39.8,0.0
3422,12.575,ok,31.996,2240.188,0.0,39.8,0.0
3423,12.643,ok,31.996,2240.188,0.0,39.8,0.0
3424,12.695,ok,31.996,2240.188,0.0,39.8,0.0
3425,12.458,ok,31.996,2240.188,0.0,39.8,0.0
3426,12.918,ok,31.996,2240.188,0.0,39.8,0.0
3427,13.083,ok,31.996,2240.188,0.0,39.8,0.0
3428,12.742,ok,31.996,2240.188,0.0,39.8,0.0
3429,13.229,ok,31.996,2240.188,0.0,39.8,0.0
3430,13.224,ok,31.996,2240.188,0.0,39.8,0.0
3431,13.209,ok,31.996,2240.188,0.0,39.8,0.0
3432,12.311,ok,31.996,2240.188,0.0,39.8,0.0
3433,12.050,ok,31.996,2240.188,0.0,39.8,0.0
3434,12.534,ok,31.996,2240.188,0.0,39.8,0.0
3435,12.176,ok,31.996,2240.188,0.0,39.8,0.0
3436,12.087,ok,31.996,2240.188,0.0,39.8,0.0
3437,12.440,ok,31.996,2240.188,0.0,39.8,0.0
3438,12.516,ok,31.996,2240.188,10.0,39.8,0.0
3439,12.676,ok,31.996,2240.188,10.0,39.8,0.0
3440,12.408,ok,31.996,2240.188,10.0,39.8,0.0
3441,12.470,ok,31.996,2240.188,10.0,39.8,0.0
3442,12.567,ok,31.996,2240.188,10.0,39.8,0.0
3443,12.013,ok,31.996,2240.188,10.0,39.8,0.0
3444,12.522,ok,31.996,2240.188,10.0,39.8,0.0
3445,13.147,ok,31.996,2240.188,10.0,39.8,0.0
3446,12.725,ok,31.996,2240.188,10.0,39.8,0.0
3447,12.673,ok,31.996,2240.188,10.0,39.8,0.0
3448,12.782,ok,31.996,2240.188,10.0,39.8,0.0
3449,11.860,ok,31.996,2240.188,10.0,39.8,0.0
3450,12.297,ok,31.996,2240.188,10.0,39.8,0.0
3451,12.941,ok,31.996,2240.188,10.0,39.8,0.0
3452,12.185,ok,31.996,2240.188,10.0,39.8,0.0
3453,12.062,ok,31.996,2240.188,10.0,39.8,0.0
3454,11.559,ok,31.996,2240.188,0.0,39.8,0.0
3455,11.898,ok,31.996,2240.188,0.0,39.8,0.0
3456,11.721,ok,31.996,2240.188,0.0,39.8,0.0
3457,12.493,ok,31.996,2240.188,0.0,39.8,0.0
3458,12.706,ok,31.996,2240.188,0.0,39.8,0.0
3459,12.298,ok,31.996,2240.188,0.0,39.8,0.0
3460,11.451,ok,31.996,2240.188,0.0,39.8,0.0
3461,12.032,ok,31.996,2240.188,0.0,39.8,0.0
3462,12.481,ok,31.996,2240.188,0.0,39.8,0.0
3463,11.905,ok,31.996,2240.188,0.0,39.8,0.0
3464,11.941,ok,31.996,2240.188,0.0,39.8,0.0
3465,12.232,ok,31.996,2240.188,0.0,39.8,0.0
3466,12.259,ok,31.996,2240.188,0.0,39.8,0.0
3467,12.466,ok,31.996,2240.188,0.0,39.8,0.0
3468,12.531,ok,31.996,2240.188,0.0,39.8,0.0
3469,12.502,ok,31.996,2240.188,0.0,39.8,0.0
3470,11.902,ok,31.996,2240.188,0.0,39.8,0.0
3471,11.915,ok,31.996,2240.188,0.0,39.8,0.0
3472,12.524,ok,31.996,2240.188,0.0,39.8,0.0
3473,12.354,ok,31.996,2240.188,0.0,39.8,0.0
3474,12.277,ok,31.996,2240.188,0.0,39.8,0.0
3475,11.619,ok,31.996,2240.188,0.0,39.8,0.0
3476,11.949,ok,31.996,2240.188,0.0,39.8,0.0
3477,12.619,ok,31.996,2240.188,0.0,39.8,0.0
3478,12.751,ok,31.996,2240.188,0.0,39.8,0.0
3479,12.865,ok,31.996,2240.188,0.0,39.8,0.0
3480,11.586,ok,31.996,2240.188,0.0,39.8,0.0
3481,11.438,ok,31.996,2240.188,0.0,39.8,0.0
3482,11.026,ok,31.996,2240.188,0.0,39.8,0.0
3483,11.053,ok,31.996,2240.188,0.0,39.8,0.0
3484,11.149,ok,31.996,2240.188,0.0,39.8,0.0
3485,11.441,ok,31.996,2240.188,0.0,39.8,0.0
3486,11.146,ok,31.996,2240.188,0.0,39.8,0.0
3487,10.915,ok,32.004,2240.188,5.0,39.8,0.0
3488,11.373,ok,32.004,2240.188,5.0,39.8,0.0
3489,11.469,ok,32.004,2240.188,5.0,39.8,0.0
3490,12.062,ok,32.004,2240.188,5.0,39.8,0.0
3491,11.761,ok,32.004,2240.188,5.0,39.8,0.0
3492,11.660,ok,32.004,2240.188,5.0,39.8,0.0
3493,11.717,ok,32.004,2240.188,5.0,39.8,0.0
3494,11.818,ok,32.004,2240.188,5.0,39.8,0.0
3495,11.344,ok,32.004,2240.188,5.0,39.8,0.0
3496,11.857,ok,32.004,2240.188,5.0,39.8,0.0
3497,11.726,ok,32.004,2240.188,5.0,39.8,0.0
3498,12.009,ok,32.004,2240.188,5.0,39.8,0.0
3499,11.538,ok,32.004,2240.188,5.0,39.8,0.0
3500,11.557,ok,32.004,2240.188,5.0,39.8,0.0
3501,11.944,ok,32.004,2240.188,5.0,39.8,0.0
3502,12.035,ok,32.004,2240.188,5.0,39.8,0.0
3503,12.254,ok,32.004,2240.188,5.0,39.8,0.0
3504,12.185,ok,32.004,2240.188,0.0,39.8,0.0
3505,11.801,ok,32.004,2240.188,0.0,39.8,0.0
3506,11.919,ok,32.004,2240.188,0.0,39.8,0.0
3507,12.009,ok,32.004,2240.188,0.0,39.8,0.0
3508,11.713,ok,32.004,2240.188,0.0,39.8,0.0
3509,12.041,ok,32.004,2240.188,0.0,39.8,0.0
3510,11.842,ok,32.004,2240.188,0.0,39.8,0.0
3511,11.724,ok,32.004,2240.188,0.0,39.8,0.0
3512,11.505,ok,32.004,2240.188,0.0,39.8,0.0
3513,11.184,ok,32.004,2240.188,0.0,39.8,0.0
3514,11.821,ok,32.004,2240.188,0.0,39.8,0.0
3515,11.633,ok,32.004,2240.188,0.0,39.8,0.0
3516,11.427,ok,32.004,2240.188,0.0,39.8,0.0
3517,11.504,ok,32.004,2240.188,0.0,39.8,0.0
3518,11.614,ok,32.004,2240.188,0.0,39.8,0.0
3519,11.037,ok,32.004,2240.188,0.0,39.8,0.0
3520,11.369,ok,32.004,2240.188,0.0,39.8,0.0
3521,10.990,ok,32.004,2240.188,0.0,39.8,0.0
3522,10.967,ok,32.004,2240.188,5.0,39.8,0.0
3523,11.314,ok,32.004,2240.188,5.0,39.8,0.0
3524,11.847,ok,32.004,2240.188,5.0,39.8,0.0
3525,11.242,ok,32.004,2240.188,5.0,39.8,0.0
3526,11.340,ok,32.004,2240.188,5.0,39.8,0.0
3527,11.337,ok,32.004,2240.188,5.0,39.8,0.0
3528,11.510,ok,32.004,2240.188,5.0,39.8,0.0
3529,11.008,ok,32.004,2240.188,5.0,39.8,0.0
3530,11.708,ok,32.004,2240.188,5.0,39.8,0.0
3531,11.732,ok,32.004,2240.188,5.0,39.8,0.0
3532,11.769,ok,32.004,2240.188,5.0,39.8,0.0
3533,11.619,ok,32.004,2240.188,5.0,39.8,0.0
3534,10.948,ok,32.004,2240.188,5.0,39.8,0.0
3535,11.685,ok,32.004,2240.188,5.0,39.8,0.0
3536,11.395,ok,32.004,2240.188,5.0,39.8,0.0
3537,11.766,ok,32.004,2240.188,5.0,39.8,0.0
3538,11.038,ok,32.004,2240.188,5.0,39.8,0.0
3539,11.574,ok,32.008,2240.188,0.0,39.8,0.0
3540,11.528,ok,32.008,2240.188,0.0,39.8,0.0
3541,11.878,ok,32.008,2240.188,0.0,39.8,0.0
3542,11.306,ok,32.008,2240.188,0.0,39.8,0.0
3543,12.624,ok,32.008,2240.188,0.0,39.8,0.0
3544,11.810,ok,32.008,2240.188,0.0,39.8,0.0
3545,12.308,ok,32.008,2240.188,0.0,39.8,0.0
3546,12.344,ok,32.008,2240.188,0.0,39.8,0.0
3547,12.522,ok,32.008,2240.188,0.0,39.8,0.0
3548,12.679,ok,32.008,2240.188,0.0,39.8,0.0
3549,12.101,ok,32.008,2240.188,0.0,39.8,0.0
3550,12.153,ok,32.008,2240.188,0.0,39.8,0.0
3551,12.318,ok,32.008,2240.188,0.0,39.8,0.0
3552,11.960,ok,32.008,2240.188,0.0,39.8,0.0
3553,12.277,ok,32.008,2240.188,0.0,39.8,0.0
3554,12.843,ok,32.008,2240.188,0.0,39.8,0.0
3555,12.532,ok,32.008,2240.188,0.0,39.8,0.0
3556,12.352,ok,32.008,2240.188,0.0,39.8,0.0
3557,12.396,ok,32.008,2240.188,0.0,39.8,0.0
3558,12.722,ok,32.008,2240.188,0.0,39.8,0.0
3559,12.248,ok,32.008,2240.188,0.0,39.8,0.0
3560,12.032,ok,32.008,2240.188,0.0,39.8,0.0
3561,12.089,ok,32.008,2240.188,0.0,39.8,0.0
3562,12.036,ok,32.008,2240.188,0.0,39.8,0.0
3563,12.077,ok,32.008,2240.188,0.0,39.8,0.0
3564,12.003,ok,32.008,2240.188,0.0,39.8,0.0
3565,12.392,ok,32.008,2240.188,0.0,39.8,0.0
3566,12.238,ok,32.008,2240.188,0.0,39.8,0.0
3567,12.132,ok,32.008,2240.188,0.0,39.8,0.0
3568,11.582,ok,32.008,2240.188,0.0,39.8,0.0
3569,12.738,ok,32.008,2240.188,0.0,39.8,0.0
3570,12.343,ok,32.008,2240.188,0.0,39.8,0.0
3571,12.295,ok,32.008,2240.188,0.0,39.8,0.0
3572,12.462,ok,32.008,2240.188,5.0,39.8,0.0
3573,12.591,ok,32.008,2240.188,5.0,39.8,0.0
3574,12.842,ok,32.008,2240.188,5.0,39.8,0.0
3575,12.208,ok,32.008,2240.188,5.0,39.8,0.0
3576,12.536,ok,32.008,2240.188,5.0,39.8,0.0
3577,12.722,ok,32.008,2240.188,5.0,39.8,0.0
3578,12.540,ok,32.008,2240.188,5.0,39.8,0.0
3579,12.294,ok,32.008,2240.188,5.0,39.8,0.0
3580,12.526,ok,32.008,2240.188,5.0,39.8,0.0
3581,12.548,ok,32.008,2240.188,5.0,39.8,0.0
3582,12.506,ok,32.008,2240.188,5.0,39.8,0.0
3583,12.290,ok,32.008,2240.188,5.0,39.8,0.0
3584,12.118,ok,32.008,2240.188,5.0,39.8,0.0
3585,12.000,ok,32.008,2240.188,5.0,39.8,0.0
3586,12.350,ok,32.008,2240.188,5.0,39.8,0.0
3587,12.207,ok,32.008,2240.188,5.0,39.8,0.0
3588,12.736,ok,32.012,2240.188,5.0,39.8,0.0
3589,12.713,ok,32.012,2240.188,5.0,39.8,0.0
3590,12.345,ok,32.012,2240.188,5.0,39.8,0.0
3591,12.149,ok,32.012,2240.188,5.0,39.8,0.0
3592,12.637,ok,32.012,2240.188,5.0,39.8,0.0
3593,12.487,ok,32.012,2240.188,5.0,39.8,0.0
3594,12.324,ok,32.012,2240.188,5.0,39.8,0.0
3595,11.594,ok,32.012,2240.188,5.0,39.8,0.0
3596,11.798,ok,32.012,2240.188,5.0,39.8,0.0
3597,12.403,ok,32.012,2240.188,5.0,39.8,0.0
3598,12.203,ok,32.012,2240.188,5.0,39.8,0.0
3599,12.415,ok,32.012,2240.188,5.0,39.8,0.0
3600,11.955,ok,32.012,2240.188,5.0,39.8,0.0
3601,12.118,ok,32.012,2240.188,5.0,39.8,0.0
3602,11.874,ok,32.012,2240.188,5.0,39.8,0.0
3603,12.367,ok,32.012,2240.188,5.0,39.8,0.0
3604,12.029,ok,32.012,2240.188,0.0,39.8,0.0
3605,12.115,ok,32.012,2240.188,0.0,39.8,0.0
3606,12.135,ok,32.012,2240.188,0.0,39.8,0.0
3607,12.486,ok,32.012,2240.188,0.0,39.8,0.0
3608,11.633,ok,32.012,2240.188,0.0,39.8,0.0
3609,12.201,ok,32.012,2240.188,0.0,39.8,0.0
3610,12.398,ok,32.012,2240.188,0.0,39.8,0.0
3611,12.578,ok,32.012,2240.188,0.0,39.8,0.0
3612,12.005,ok,32.012,2240.188,0.0,39.8,0.0
3613,11.861,ok,32.012,2240.188,0.0,39.8,0.0
3614,12.200,ok,32.012,2240.188,0.0,39.8,0.0
3615,11.558,ok,32.012,2240.188,0.0,39.8,0.0
3616,11.817,ok,32.012,2240.188,0.0,39.8,0.0
3617,11.567,ok,32.012,2240.188,0.0,39.8,0.0
3618,11.614,ok,32.012,2240.188,0.0,39.8,0.0
3619,11.809,ok,32.012,2240.188,0.0,39.8,0.0
3620,11.780,ok,32.012,2240.188,0.0,39.8,0.0
3621,11.457,ok,32.012,2240.188,0.0,39.8,0.0
3622,11.787,ok,32.012,2240.188,0.0,39.8,0.0
3623,11.927,ok,32.012,2240.188,0.0,39.8,0.0
3624,12.545,ok,32.012,2240.188,0.0,39.8,0.0
3625,12.199,ok,32.012,2240.188,0.0,39.8,0.0
3626,12.353,ok,32.012,2240.188,0.0,39.8,0.0
3627,12.494,ok,32.012,2240.188,0.0,39.8,0.0
3628,12.244,ok,32.012,2240.188,0.0,39.8,0.0
3629,12.123,ok,32.012,2240.188,0.0,39.8,0.0
3630,12.103,ok,32.012,2240.188,0.0,39.8,0.0
3631,12.034,ok,32.012,2240.188,0.0,39.8,0.0
3632,12.343,ok,32.012,2240.188,0.0,39.8,0.0
3633,11.866,ok,32.012,2240.188,0.0,39.8,0.0
3634,11.659,ok,32.012,2240.188,0.0,39.8,0.0
3635,12.124,ok,32.012,2240.188,0.0,39.8,0.0
3636,12.194,ok,32.012,2240.188,0.0,39.8,0.0
3637,12.733,ok,32.012,2240.188,0.0,39.8,0.0
3638,12.048,ok,32.016,2240.188,5.0,39.8,0.0
3639,11.530,ok,32.016,2240.188,5.0,39.8,0.0
3640,12.275,ok,32.016,2240.188,5.0,39.8,0.0
3641,12.472,ok,32.016,2240.188,5.0,39.8,0.0
3642,12.631,ok,32.016,2240.188,5.0,39.8,0.0
3643,12.447,ok,32.016,2240.188,5.0,39.8,0.0
3644,12.553,ok,32.016,2240.188,5.0,39.8,0.0
3645,12.109,ok,32.016,2240.188,5.0,39.8,0.0
3646,11.423,ok,32.016,2240.188,5.0,39.8,0.0
3647,11.968,ok,32.016,2240.188,5.0,39.8,0.0
3648,12.450,ok,32.016,2240.188,5.0,39.8,0.0
3649,12.167,ok,32.016,2240.188,5.0,39.8,0.0
3650,12.541,ok,32.016,2240.188,5.0,39.8,0.0
3651,12.329,ok,32.016,2240.188,5.0,39.8,0.0
3652,12.801,ok,32.016,2240.188,5.0,39.8,0.0
3653,12.290,ok,32.016,2240.188,5.0,39.8,0.0
3654,11.449,ok,32.020,2240.188,0.0,39.8,0.0
3655,12.030,ok,32.020,2240.188,0.0,39.8,0.0
3656,12.396,ok,32.020,2240.188,0.0,39.8,0.0
3657,12.330,ok,32.020,2240.188,0.0,39.8,0.0
3658,12.570,ok,32.020,2240.188,0.0,39.8,0.0
3659,12.184,ok,32.020,2240.188,0.0,39.8,0.0
3660,12.336,ok,32.020,2240.188,0.0,39.8,0.0
3661,12.654,ok,32.020,2240.188,0.0,39.8,0.0
3662,11.411,ok,32.020,2240.188,0.0,39.8,0.0
3663,12.239,ok,32.020,2240.188,0.0,39.8,0.0
3664,12.188,ok,32.020,2240.188,0.0,39.8,0.0
3665,11.981,ok,32.020,2240.188,0.0,39.8,0.0
3666,12.174,ok,32.020,2240.188,0.0,39.8,0.0
3667,12.363,ok,32.020,2240.188,0.0,39.8,0.0
3668,12.087,ok,32.020,2240.188,0.0,39.8,0.0
3669,12.434,ok,32.020,2240.188,0.0,39.8,0.0
3670,11.925,ok,32.020,2240.188,5.0,39.8,0.0
3671,11.940,ok,32.020,2240.188,5.0,39.8,0.0
3672,12.087,ok,32.020,2240.188,5.0,39.8,0.0
3673,12.445,ok,32.020,2240.188,5.0,39.8,0.0
3674,12.132,ok,32.020,2240.188,5.0,39.8,0.0
3675,11.631,ok,32.020,2240.188,5.0,39.8,0.0
3676,11.466,ok,32.020,2240.188,5.0,39.8,0.0
3677,12.260,ok,32.020,2240.188,5.0,39.8,0.0
3678,12.105,ok,32.020,2240.188,5.0,39.8,0.0
3679,12.556,ok,32.020,2240.188,5.0,39.8,0.0
3680,12.286,ok,32.020,2240.188,5.0,39.8,0.0
3681,12.398,ok,32.020,2240.188,5.0,39.8,0.0
3682,12.059,ok,32.020,2240.188,5.0,39.8,0.0
3683,11.825,ok,32.020,2240.188,5.0,39.8,0.0
3684,12.033,ok,32.020,2240.188,5.0,39.8,0.0
3685,11.788,ok,32.020,2240.188,5.0,39.8,0.0
3686,11.326,ok,32.020,2240.188,5.0,39.8,0.0
3687,11.743,ok,32.020,2240.188,0.0,39.8,0.0
3688,11.669,ok,32.020,2240.188,0.0,39.8,0.0
3689,11.234,ok,32.020,2240.188,0.0,39.8,0.0
3690,11.160,ok,32.020,2240.188,0.0,39.8,0.0
3691,11.421,ok,32.020,2240.188,0.0,39.8,0.0
3692,11.481,ok,32.020,2240.188,0.0,39.8,0.0
3693,11.200,ok,32.020,2240.188,0.0,39.8,0.0
3694,11.258,ok,32.020,2240.188,0.0,39.8,0.0
3695,11.766,ok,32.020,2240.188,0.0,39.8,0.0
3696,11.854,ok,32.020,2240.188,0.0,39.8,0.0
3697,12.388,ok,32.020,2240.188,0.0,39.8,0.0
3698,11.605,ok,32.020,2240.188,0.0,39.8,0.0
3699,11.873,ok,32.020,2240.188,0.0,39.8,0.0
3700,12.020,ok,32.020,2240.188,0.0,39.8,0.0
3701,12.357,ok,32.020,2240.188,0.0,39.8,0.0
3702,12.021,ok,32.020,2240.188,0.0,39.8,0.0
3703,11.659,ok,32.020,2240.188,0.0,39.8,0.0
3704,11.678,ok,32.023,2240.188,0.0,39.8,0.0
3705,11.676,ok,32.023,2240.188,0.0,39.8,0.0
3706,11.248,ok,32.023,2240.188,0.0,39.8,0.0
3707,12.262,ok,32.023,2240.188,0.0,39.8,0.0
3708,12.183,ok,32.023,2240.188,0.0,39.8,0.0
3709,11.798,ok,32.023,2240.188,0.0,39.8,0.0
3710,11.691,ok,32.023,2240.188,0.0,39.8,0.0
3711,11.880,ok,32.023,2240.188,0.0,39.8,0.0
3712,12.413,ok,32.023,2240.188,0.0,39.8,0.0
3713,12.157,ok,32.023,2240.188,0.0,39.8,0.0
3714,12.123,ok,32.023,2240.188,0.0,39.8,0.0
3715,12.189,ok,32.023,2240.188,0.0,39.8,0.0
3716,12.044,ok,32.023,2240.188,0.0,39.8,0.0
3717,12.104,ok,32.023,2240.188,0.0,39.8,0.0
3718,12.295,ok,32.023,2240.188,0.0,39.8,0.0
3719,12.358,ok,32.023,2240.188,0.0,39.8,0.0
3720,12.623,ok,32.023,2240.188,0.0,39.8,0.0
3721,12.254,ok,32.023,2240.188,0.0,39.8,0.0
3722,12.239,ok,32.023,2240.188,0.0,39.8,0.0
3723,12.469,ok,32.023,2240.188,0.0,39.8,0.0
3724,12.224,ok,32.023,2240.188,0.0,39.8,0.0
3725,11.490,ok,32.023,2240.188,0.0,39.8,0.0
3726,11.887,ok,32.023,2240.188,0.0,39.8,0.0
3727,11.574,ok,32.023,2240.188,0.0,39.8,0.0
3728,11.782,ok,32.023,2240.188,0.0,39.8,0.0
3729,11.717,ok,32.023,2240.188,0.0,39.8,0.0
3730,12.363,ok,32.023,2240.188,0.0,39.8,0.0
3731,12.004,ok,32.023,2240.188,0.0,39.8,0.0
3732,12.234,ok,32.023,2240.188,0.0,39.8,0.0
3733,12.048,ok,32.023,2240.188,0.0,39.8,0.0
3734,12.379,ok,32.023,2240.188,0.0,39.8,0.0
3735,12.429,ok,32.023,2240.188,0.0,39.8,0.0
3736,11.192,ok,32.023,2240.188,0.0,39.8,0.0
3737,11.345,ok,32.023,2240.188,10.0,39.8,0.0
3738,11.282,ok,32.023,2240.188,10.0,39.8,0.0
3739,11.163,ok,32.023,2240.188,10.0,39.8,0.0
3740,11.885,ok,32.023,2240.188,10.0,39.8,0.0
3741,11.763,ok,32.023,2240.188,10.0,39.8,0.0
3742,12.152,ok,32.023,2240.188,10.0,39.8,0.0
3743,11.665,ok,32.023,2240.188,10.0,39.8,0.0
3744,11.685,ok,32.023,2240.188,10.0,39.8,0.0
3745,11.636,ok,32.023,2240.188,10.0,39.8,0.0
3746,11.424,ok,32.023,2240.188,10.0,39.8,0.0
3747,11.695,ok,32.023,2240.188,10.0,39.8,0.0
3748,12.285,ok,32.023,2240.188,10.0,39.8,0.0
3749,12.129,ok,32.023,2240.188,10.0,39.8,0.0
3750,12.393,ok,32.023,2240.188,10.0,39.8,0.0
3751,12.173,ok,32.023,2240.188,10.0,39.8,0.0
3752,12.028,ok,32.023,2240.188,10.0,39.8,0.0
3753,11.764,ok,32.023,2240.188,10.0,39.8,0.0
3754,11.427,ok,32.023,2240.188,0.0,39.8,0.0
3755,11.547,ok,32.023,2240.188,0.0,39.8,0.0
3756,11.409,ok,32.023,2240.188,0.0,39.8,0.0
3757,12.490,ok,32.023,2240.188,0.0,39.8,0.0
3758,11.584,ok,32.023,2240.188,0.0,39.8,0.0
3759,11.983,ok,32.023,2240.188,0.0,39.8,0.0
3760,12.061,ok,32.023,2240.188,0.0,39.8,0.0
3761,11.381,ok,32.023,2240.188,0.0,39.8,0.0
3762,11.593,ok,32.023,2240.188,0.0,39.8,0.0
3763,11.332,ok,32.023,2240.188,0.0,39.8,0.0
3764,11.556,ok,32.023,2240.188,0.0,39.8,0.0
3765,11.580,ok,32.023,2240.188,0.0,39.8,0.0
3766,11.625,ok,32.023,2240.188,0.0,39.8,0.0
3767,11.586,ok,32.023,2240.188,0.0,39.8,0.0
3768,11.494,ok,32.023,2240.188,0.0,39.8,0.0
3769,11.348,ok,32.023,2240.188,0.0,39.8,0.0
3770,11.521,ok,32.023,2240.188,0.0,39.8,0.0
3771,11.906,ok,32.023,2240.188,0.0,39.8,0.0
3772,12.384,ok,32.031,2240.188,0.0,39.8,0.0
3773,12.184,ok,32.031,2240.188,0.0,39.8,0.0
3774,12.092,ok,32.031,2240.188,0.0,39.8,0.0
3775,12.395,ok,32.031,2240.188,0.0,39.8,0.0
3776,11.423,ok,32.031,2240.188,0.0,39.8,0.0
3777,11.852,ok,32.031,2240.188,0.0,39.8,0.0
3778,12.426,ok,32.031,2240.188,0.0,39.8,0.0
3779,12.369,ok,32.031,2240.188,0.0,39.8,0.0
3780,12.152,ok,32.031,2240.188,0.0,39.8,0.0
3781,12.397,ok,32.031,2240.188,0.0,39.8,0.0
3782,11.957,ok,32.031,2240.188,0.0,39.8,0.0
3783,11.561,ok,32.031,2240.188,0.0,39.8,0.0
3784,12.131,ok,32.031,2240.188,0.0,39.8,0.0
3785,12.066,ok,32.031,2240.188,0.0,39.8,0.0
3786,11.980,ok,32.031,2240.188,0.0,39.8,0.0
3787,11.399,ok,32.031,2240.188,0.0,39.8,0.0
3788,11.198,ok,32.031,2240.188,5.0,39.8,0.0
3789,11.949,ok,32.031,2240.188,5.0,39.8,0.0
3790,11.487,ok,32.031,2240.188,5.0,39.8,0.0
3791,11.406,ok,32.031,2240.188,5.0,39.8,0.0
3792,12.515,ok,32.031,2240.188,5.0,39.8,0.0
3793,12.949,ok,32.031,2240.188,5.0,39.8,0.0
3794,12.748,ok,32.031,2240.188,5.0,39.8,0.0
3795,12.394,ok,32.031,2240.188,5.0,39.8,0.0
3796,13.069,ok,32.031,2240.188,5.0,39.8,0.0
3797,13.009,ok,32.031,2240.188,5.0,39.8,0.0
3798,12.885,ok,32.031,2240.188,5.0,39.8,0.0
3799,12.447,ok,32.031,2240.188,5.0,39.8,0.0
3800,12.840,ok,32.031,2240.188,5.0,39.8,0.0
3801,12.352,ok,32.031,2240.188,5.0,39.8,0.0
3802,11.998,ok,32.031,2240.188,5.0,39.8,0.0
3803,11.644,ok,32.031,2240.188,5.0,39.8,0.0
3804,11.972,ok,32.031,2240.188,5.0,39.8,0.0
3805,12.740,ok,32.031,2240.188,0.0,39.8,0.0
3806,12.397,ok,32.031,2240.188,0.0,39.8,0.0
3807,12.740,ok,32.031,2240.188,0.0,39.8,0.0
3808,12.954,ok,32.031,2240.188,0.0,39.8,0.0
3809,13.073,ok,32.031,2240.188,0.0,39.8,0.0
3810,12.006,ok,32.031,2240.188,0.0,39.8,0.0
3811,11.930,ok,32.031,2240.188,0.0,39.8,0.0
3812,12.083,ok,32.031,2240.188,0.0,39.8,0.0
3813,12.691,ok,32.031,2240.188,0.0,39.8,0.0
3814,13.167,ok,32.031,2240.188,0.0,39.8,0.0
3815,12.435,ok,32.031,2240.188,0.0,39.8,0.0
3816,12.256,ok,32.031,2240.188,0.0,39.8,0.0
3817,12.375,ok,32.031,2240.188,0.0,39.8,0.0
3818,12.025,ok,32.031,2240.188,0.0,39.8,0.0
3819,11.951,ok,32.031,2240.188,0.0,39.8,0.0
3820,12.197,ok,32.031,2240.188,0.0,39.8,0.0
3821,12.231,ok,32.035,2240.188,5.0,39.8,0.0
3822,12.360,ok,32.035,2240.188,5.0,39.8,0.0
3823,12.448,ok,32.035,2240.188,5.0,39.8,0.0
3824,12.047,ok,32.035,2240.188,5.0,39.8,0.0
3825,12.073,ok,32.035,2240.188,5.0,39.8,0.0
3826,12.183,ok,32.035,2240.188,5.0,39.8,0.0
3827,12.418,ok,32.035,2240.188,5.0,39.8,0.0
3828,12.573,ok,32.035,2240.188,5.0,39.8,0.0
3829,12.506,ok,32.035,2240.188,5.0,39.8,0.0
3830,12.738,ok,32.035,2240.188,5.0,39.8,0.0
3831,12.209,ok,32.035,2240.188,5.0,39.8,0.0
3832,12.941,ok,32.035,2240.188,5.0,39.8,0.0
3833,13.017,ok,32.035,2240.188,5.0,39.8,0.0
3834,13.128,ok,32.035,2240.188,5.0,39.8,0.0
3835,13.053,ok,32.035,2240.188,5.0,39.8,0.0
3836,12.320,ok,32.035,2240.188,5.0,39.8,0.0
3837,11.933,ok,32.035,2240.188,0.0,39.8,0.0
3838,11.523,ok,32.035,2240.188,0.0,39.8,0.0
3839,11.767,ok,32.035,2240.188,0.0,39.8,0.0
3840,12.193,ok,32.035,2240.188,0.0,39.8,0.0
3841,11.472,ok,32.035,2240.188,0.0,39.8,0.0
3842,12.033,ok,32.035,2240.188,0.0,39.8,0.0
3843,12.509,ok,32.035,2240.188,0.0,39.8,0.0
3844,12.316,ok,32.035,2240.188,0.0,39.8,0.0
3845,11.569,ok,32.035,2240.188,0.0,39.8,0.0
3846,12.015,ok,32.035,2240.188,0.0,39.8,0.0
3847,12.389,ok,32.035,2240.188,0.0,39.8,0.0
3848,12.214,ok,32.035,2240.188,0.0,39.8,0.0
3849,11.866,ok,32.035,2240.188,0.0,39.8,0.0
3850,12.197,ok,32.035,2240.188,0.0,39.8,0.0
3851,11.948,ok,32.035,2240.188,0.0,39.8,0.0
3852,12.165,ok,32.035,2240.188,0.0,39.8,0.0
3853,12.277,ok,32.035,2240.188,5.0,39.8,0.0
3854,12.483,ok,32.035,2240.188,5.0,39.8,0.0
3855,12.230,ok,32.035,2240.188,5.0,39.8,0.0
3856,12.188,ok,32.035,2240.188,5.0,39.8,0.0
3857,11.601,ok,32.035,2240.188,5.0,39.8,0.0
3858,11.555,ok,32.035,2240.188,5.0,39.8,0.0
3859,12.620,ok,32.035,2240.188,5.0,39.8,0.0
3860,11.627,ok,32.035,2240.188,5.0,39.8,0.0
3861,11.900,ok,32.035,2240.188,5.0,39.8,0.0
3862,11.879,ok,32.035,2240.188,5.0,39.8,0.0
3863,12.125,ok,32.035,2240.188,5.0,39.8,0.0
3864,12.290,ok,32.035,2240.188,5.0,39.8,0.0
3865,11.800,ok,32.035,2240.188,5.0,39.8,0.0
3866,12.262,ok,32.035,2240.188,5.0,39.8,0.0
3867,11.732,ok,32.035,2240.188,5.0,39.8,0.0
3868,11.644,ok,32.035,2240.188,5.0,39.8,0.0
3869,11.018,ok,32.035,2240.188,5.0,39.8,0.0
3870,11.989,ok,32.039,2240.188,5.0,39.8,0.0
3871,11.670,ok,32.039,2240.188,5.0,39.8,0.0
3872,11.987,ok,32.039,2240.188,5.0,39.8,0.0
3873,12.431,ok,32.039,2240.188,5.0,39.8,0.0
3874,12.896,ok,32.039,2240.188,5.0,39.8,0.0
3875,12.799,ok,32.039,2240.188,5.0,39.8,0.0
3876,12.473,ok,32.039,2240.188,5.0,39.8,0.0
3877,12.469,ok,32.039,2240.188,5.0,39.8,0.0
3878,12.395,ok,32.039,2240.188,5.0,39.8,0.0
3879,12.356,ok,32.039,2240.188,5.0,39.8,0.0
3880,11.855,ok,32.039,2240.188,5.0,39.8,0.0
3881,11.521,ok,32.039,2240.188,5.0,39.8,0.0
3882,11.657,ok,32.039,2240.188,5.0,39.8,0.0
3883,12.403,ok,32.039,2240.188,5.0,39.8,0.0
3884,12.983,ok,32.039,2240.188,5.0,39.8,0.0
3885,13.053,ok,32.039,2240.188,5.0,39.8,0.0
3886,13.302,ok,32.039,2240.188,0.0,39.8,0.0
3887,12.917,ok,32.039,2240.188,0.0,39.8,0.0
3888,12.849,ok,32.039,2240.188,0.0,39.8,0.0
3889,12.465,ok,32.039,2240.188,0.0,39.8,0.0
3890,12.218,ok,32.039,2240.188,0.0,39.8,0.0
3891,12.890,ok,32.039,2240.188,0.0,39.8,0.0
3892,12.781,ok,32.039,2240.188,0.0,39.8,0.0
3893,12.616,ok,32.039,2240.188,0.0,39.8,0.0
3894,13.143,ok,32.039,2240.188,0.0,39.8,0.0
3895,12.547,ok,32.039,2240.188,0.0,39.8,0.0
3896,12.256,ok,32.039,2240.188,0.0,39.8,0.0
3897,12.214,ok,32.039,2240.188,0.0,39.8,0.0
3898,12.014,ok,32.039,2240.188,0.0,39.8,0.0
3899,12.398,ok,32.039,2240.188,0.0,39.8,0.0
3900,12.621,ok,32.039,2240.188,0.0,39.8,0.0
3901,12.527,ok,32.039,2240.188,0.0,39.8,0.0
3902,12.202,ok,32.039,2240.188,5.0,39.8,0.0
3903,12.004,ok,32.039,2240.188,5.0,39.8,0.0
3904,12.019,ok,32.039,2240.188,5.0,39.8,0.0
3905,11.838,ok,32.039,2240.188,5.0,39.8,0.0
3906,12.066,ok,32.039,2240.188,5.0,39.8,0.0
3907,12.880,ok,32.039,2240.188,5.0,39.8,0.0
3908,12.430,ok,32.039,2240.188,5.0,39.8,0.0
3909,12.595,ok,32.039,2240.188,5.0,39.8,0.0
3910,12.761,ok,32.039,2240.188,5.0,39.8,0.0
3911,12.975,ok,32.039,2240.188,5.0,39.8,0.0
3912,13.026,ok,32.039,2240.188,5.0,39.8,0.0
3913,12.657,ok,32.039,2240.188,5.0,39.8,0.0
3914,11.745,ok,32.039,2240.188,5.0,39.8,0.0
3915,12.699,ok,32.039,2240.188,5.0,39.8,0.0
3916,13.441,ok,32.039,2240.188,5.0,39.8,0.0
3917,12.137,ok,32.039,2240.188,5.0,39.8,0.0
3918,12.121,ok,32.043,2240.188,0.0,39.8,0.0
3919,11.727,ok,32.043,2240.188,0.0,39.8,0.0
3920,12.360,ok,32.043,2240.188,0.0,39.8,0.0
3921,12.138,ok,32.043,2240.188,0.0,39.8,0.0
3922,12.288,ok,32.043,2240.188,0.0,39.8,0.0
3923,12.631,ok,32.043,2240.188,0.0,39.8,0.0
3924,13.475,ok,32.043,2240.188,0.0,39.8,0.0
3925,12.705,ok,32.043,2240.188,0.0,39.8,0.0
3926,12.708,ok,32.043,2240.188,0.0,39.8,0.0
3927,12.293,ok,32.043,2240.188,0.0,39.8,0.0
3928,12.405,ok,32.043,2240.188,0.0,39.8,0.0
3929,12.665,ok,32.043,2240.188,0.0,39.8,0.0
3930,12.633,ok,32.043,2240.188,0.0,39.8,0.0
3931,12.724,ok,32.043,2240.188,0.0,39.8,0.0
3932,12.055,ok,32.043,2240.188,0.0,39.8,0.0
3933,12.222,ok,32.043,2240.188,0.0,39.8,0.0
3934,12.636,ok,32.047,2240.188,0.0,39.8,0.0
3935,12.879,ok,32.047,2240.188,0.0,39.8,0.0
3936,12.890,ok,32.047,2240.188,0.0,39.8,0.0
3937,13.221,ok,32.047,2240.188,0.0,39.8,0.0
3938,13.013,ok,32.047,2240.188,0.0,39.8,0.0
3939,13.060,ok,32.047,2240.188,0.0,39.8,0.0
3940,12.585,ok,32.047,2240.188,0.0,39.8,0.0
3941,13.330,ok,32.047,2240.188,0.0,39.8,0.0
3942,12.815,ok,32.047,2240.188,0.0,39.8,0.0
3943,12.793,ok,32.047,2240.188,0.0,39.8,0.0
3944,12.822,ok,32.047,2240.188,0.0,39.8,0.0
3945,12.804,ok,32.047,2240.188,0.0,39.8,0.0
3946,12.087,ok,32.047,2240.188,0.0,39.8,0.0
3947,11.964,ok,32.047,2240.188,0.0,39.8,0.0
3948,11.802,ok,32.047,2240.188,0.0,39.8,0.0
3949,11.486,ok,32.047,2240.188,0.0,39.8,0.0
3950,12.097,ok,32.047,2240.188,10.0,39.8,0.0
3951,12.130,ok,32.047,2240.188,10.0,39.8,0.0
3952,12.268,ok,32.047,2240.188,10.0,39.8,0.0
3953,11.441,ok,32.047,2240.188,10.0,39.8,0.0
3954,11.964,ok,32.047,2240.188,10.0,39.8,0.0
3955,12.441,ok,32.047,2240.188,10.0,39.8,0.0
3956,12.982,ok,32.047,2240.188,10.0,39.8,0.0
3957,12.342,ok,32.047,2240.188,10.0,39.8,0.0
3958,12.780,ok,32.047,2240.188,10.0,39.8,0.0
3959,12.584,ok,32.047,2240.188,10.0,39.8,0.0
3960,12.421,ok,32.047,2240.188,10.0,39.8,0.0
3961,12.107,ok,32.047,2240.188,10.0,39.8,0.0
3962,12.200,ok,32.047,2240.188,10.0,39.8,0.0
3963,12.125,ok,32.047,2240.188,10.0,39.8,0.0
3964,12.061,ok,32.047,2240.188,10.0,39.8,0.0
3965,11.984,ok,32.047,2240.188,10.0,39.8,0.0
3966,11.291,ok,32.047,2240.188,10.0,39.8,0.0
3967,11.946,ok,32.047,2240.188,0.0,39.8,0.0
3968,11.545,ok,32.047,2240.188,0.0,39.8,0.0
3969,11.315,ok,32.047,2240.188,0.0,39.8,0.0
3970,11.807,ok,32.047,2240.188,0.0,39.8,0.0
3971,12.020,ok,32.047,2240.188,0.0,39.8,0.0
3972,12.154,ok,32.047,2240.188,0.0,39.8,0.0
3973,11.920,ok,32.047,2240.188,0.0,39.8,0.0
3974,12.016,ok,32.047,2240.188,0.0,39.8,0.0
3975,11.874,ok,32.047,2240.188,0.0,39.8,0.0
3976,12.002,ok,32.047,2240.188,0.0,39.8,0.0
3977,12.050,ok,32.047,2240.188,0.0,39.8,0.0
3978,11.960,ok,32.047,2240.188,0.0,39.8,0.0
3979,11.745,ok,32.047,2240.188,0.0,39.8,0.0
3980,10.890,ok,32.047,2240.188,0.0,39.8,0.0
3981,12.018,ok,32.047,2240.188,0.0,39.8,0.0
3982,11.859,ok,32.047,2240.188,0.0,39.8,0.0
3983,11.427,ok,32.047,2240.188,0.0,39.8,0.0
3984,11.719,ok,32.051,2240.188,0.0,39.8,0.0
3985,12.165,ok,32.051,2240.188,0.0,39.8,0.0
3986,12.208,ok,32.051,2240.188,0.0,39.8,0.0
3987,12.175,ok,32.051,2240.188,0.0,39.8,0.0
3988,12.311,ok,32.051,2240.188,0.0,39.8,0.0
3989,12.503,ok,32.051,2240.188,0.0,39.8,0.0
3990,12.493,ok,32.051,2240.188,0.0,39.8,0.0
3991,12.040,ok,32.051,2240.188,0.0,39.8,0.0
3992,12.893,ok,32.051,2240.188,0.0,39.8,0.0
3993,12.974,ok,32.051,2240.188,0.0,39.8,0.0
3994,12.068,ok,32.051,2240.188,0.0,39.8,0.0
3995,12.626,ok,32.051,2240.188,0.0,39.8,0.0
3996,13.033,ok,32.051,2240.188,0.0,39.8,0.0
3997,13.053,ok,32.051,2240.188,0.0,39.8,0.0
3998,12.787,ok,32.051,2240.188,0.0,39.8,0.0
3999,12.630,ok,32.051,2240.188,0.0,39.8,0.0
4000,12.107,ok,32.051,2240.188,5.0,39.8,0.0
4001,12.588,ok,32.051,2240.188,5.0,39.8,0.0
4002,12.059,ok,32.051,2240.188,5.0,39.8,0.0
4003,11.881,ok,32.051,2240.188,5.0,39.8,0.0
4004,12.164,ok,32.051,2240.188,5.0,39.8,0.0
4005,12.778,ok,32.051,2240.188,5.0,39.8,0.0
4006,12.307,ok,32.051,2240.188,5.0,39.8,0.0
4007,13.273,ok,32.051,2240.188,5.0,39.8,0.0
4008,12.670,ok,32.051,2240.188,5.0,39.8,0.0
4009,13.154,ok,32.051,2240.188,5.0,39.8,0.0
4010,12.316,ok,32.051,2240.188,5.0,39.8,0.0
4011,12.512,ok,32.051,2240.188,5.0,39.8,0.0
4012,12.475,ok,32.051,2240.188,5.0,39.8,0.0
4013,12.428,ok,32.051,2240.188,5.0,39.8,0.0
4014,12.548,ok,32.051,2240.188,5.0,39.8,0.0
4015,12.268,ok,32.051,2240.188,5.0,39.8,0.0
4016,12.488,ok,32.051,2240.188,5.0,39.8,0.0
4017,12.647,ok,32.051,2240.188,5.0,39.8,0.0
4018,12.041,ok,32.051,2240.188,5.0,39.8,0.0
4019,12.470,ok,32.051,2240.188,5.0,39.8,0.0
4020,12.258,ok,32.051,2240.188,5.0,39.8,0.0
4021,12.605,ok,32.051,2240.188,5.0,39.8,0.0
4022,12.217,ok,32.051,2240.188,5.0,39.8,0.0
4023,12.347,ok,32.051,2240.188,5.0,39.8,0.0
4024,12.463,ok,32.051,2240.188,5.0,39.8,0.0
4025,12.428,ok,32.051,2240.188,5.0,39.8,0.0
4026,12.020,ok,32.051,2240.188,5.0,39.8,0.0
4027,12.483,ok,32.051,2240.188,5.0,39.8,0.0
4028,12.260,ok,32.051,2240.188,5.0,39.8,0.0
4029,12.318,ok,32.051,2240.188,5.0,39.8,0.0
4030,12.078,ok,32.051,2240.188,5.0,39.8,0.0
4031,11.901,ok,32.051,2240.188,5.0,39.8,0.0
4032,11.877,ok,32.051,2240.188,0.0,39.8,0.0
4033,11.947,ok,32.051,2240.188,0.0,39.8,0.0
4034,11.996,ok,32.051,2240.188,0.0,39.8,0.0
4035,12.208,ok,32.051,2240.188,0.0,39.8,0.0
4036,12.472,ok,32.051,2240.188,0.0,39.8,0.0
4037,11.437,ok,32.051,2240.188,0.0,39.8,0.0
4038,11.943,ok,32.051,2240.188,0.0,39.8,0.0
4039,11.837,ok,32.051,2240.188,0.0,39.8,0.0
4040,12.261,ok,32.051,2240.188,0.0,39.8,0.0
4041,11.894,ok,32.051,2240.188,0.0,39.8,0.0
4042,11.802,ok,32.051,2240.188,0.0,39.8,0.0
4043,12.066,ok,32.051,2240.188,0.0,39.8,0.0
4044,12.269,ok,32.051,2240.188,0.0,39.8,0.0
4045,11.850,ok,32.051,2240.188,0.0,39.8,0.0
4046,11.866,ok,32.051,2240.188,0.0,39.8,0.0
4047,12.136,ok,32.051,2240.188,0.0,39.8,0.0
4048,12.102,ok,32.051,2240.188,0.0,39.8,0.0
4049,12.463,ok,32.055,2240.188,0.0,39.8,0.0
4050,12.632,ok,32.055,2240.188,0.0,39.8,0.0
4051,11.958,ok,32.055,2240.188,0.0,39.8,0.0
4052,11.944,ok,32.055,2240.188,0.0,39.8,0.0
4053,12.177,ok,32.055,2240.188,0.0,39.8,0.0
4054,11.507,ok,32.055,2240.188,0.0,39.8,0.0
4055,11.612,ok,32.055,2240.188,0.0,39.8,0.0
4056,12.033,ok,32.055,2240.188,0.0,39.8,0.0
4057,12.058,ok,32.055,2240.188,0.0,39.8,0.0
4058,11.845,ok,32.055,2240.188,0.0,39.8,0.0
4059,11.315,ok,32.055,2240.188,0.0,39.8,0.0
4060,11.778,ok,32.055,2240.188,0.0,39.8,0.0
4061,11.828,ok,32.055,2240.188,0.0,39.8,0.0
4062,12.177,ok,32.055,2240.188,0.0,39.8,0.0
4063,12.361,ok,32.055,2240.188,0.0,39.8,0.0
4064,12.470,ok,32.055,2240.188,0.0,39.8,0.0
4065,12.169,ok,32.055,2240.188,5.0,39.8,0.0
4066,12.156,ok,32.055,2240.188,5.0,39.8,0.0
4067,12.285,ok,32.055,2240.188,5.0,39.8,0.0
4068,12.559,ok,32.055,2240.188,5.0,39.8,0.0
4069,12.127,ok,32.055,2240.188,5.0,39.8,0.0
4070,12.425,ok,32.055,2240.188,5.0,39.8,0.0
4071,11.449,ok,32.055,2240.188,5.0,39.8,0.0
4072,12.130,ok,32.055,2240.188,5.0,39.8,0.0
4073,12.032,ok,32.055,2240.188,5.0,39.8,0.0
4074,11.661,ok,32.055,2240.188,5.0,39.8,0.0
4075,11.793,ok,32.055,2240.188,5.0,39.8,0.0
4076,12.035,ok,32.055,2240.188,5.0,39.8,0.0
4077,12.315,ok,32.055,2240.188,5.0,39.8,0.0
4078,11.933,ok,32.055,2240.188,5.0,39.8,0.0
4079,11.907,ok,32.055,2240.188,5.0,39.8,0.0
4080,11.930,ok,32.055,2240.188,5.0,39.8,0.0
4081,11.862,ok,32.055,2240.188,5.0,39.8,0.0
4082,12.176,ok,32.055,2240.188,0.0,39.8,0.0
4083,11.577,ok,32.055,2240.188,0.0,39.8,0.0
4084,11.036,ok,32.055,2240.188,0.0,39.8,0.0
4085,11.335,ok,32.055,2240.188,0.0,39.8,0.0
4086,11.248,ok,32.055,2240.188,0.0,39.8,0.0
4087,11.342,ok,32.055,2240.188,0.0,39.8,0.0
4088,11.853,ok,32.055,2240.188,0.0,39.8,0.0
4089,11.654,ok,32.055,2240.188,0.0,39.8,0.0
4090,11.762,ok,32.055,2240.188,0.0,39.8,0.0
4091,11.403,ok,32.055,2240.188,0.0,39.8,0.0
4092,12.184,ok,32.055,2240.188,0.0,39.8,0.0
4093,12.079,ok,32.055,2240.188,0.0,39.8,0.0
4094,12.279,ok,32.055,2240.188,0.0,39.8,0.0
4095,11.317,ok,32.055,2240.188,0.0,39.8,0.0
4096,11.643,ok,32.055,2240.188,0.0,39.8,0.0
4097,11.520,ok,32.055,2240.188,0.0,39.8,0.0
4098,11.424,ok,32.055,2240.188,0.0,39.8,0.0
4099,11.666,ok,32.062,2240.188,5.0,39.8,0.0
4100,11.962,ok,32.062,2240.188,5.0,39.8,0.0
4101,11.541,ok,32.062,2240.188,5.0,39.8,0.0
4102,11.970,ok,32.062,2240.188,5.0,39.8,0.0
4103,11.999,ok,32.062,2240.188,5.0,39.8,0.0
4104,11.286,ok,32.062,2240.188,5.0,39.8,0.0
4105,11.872,ok,32.062,2240.188,5.0,39.8,0.0
4106,12.250,ok,32.062,2240.188,5.0,39.8,0.0
4107,12.027,ok,32.062,2240.188,5.0,39.8,0.0
4108,12.127,ok,32.062,2240.188,5.0,39.8,0.0
4109,12.281,ok,32.062,2240.188,5.0,39.8,0.0
4110,12.199,ok,32.062,2240.188,5.0,39.8,0.0
4111,12.284,ok,32.062,2240.188,5.0,39.8,0.0
4112,12.689,ok,32.062,2240.188,5.0,39.8,0.0
4113,12.181,ok,32.062,2240.188,5.0,39.8,0.0
4114,11.926,ok,32.062,2240.188,5.0,39.8,0.0
4115,11.556,ok,32.062,2240.188,5.0,39.8,0.0
4116,11.371,ok,32.062,2240.188,0.0,39.8,0.0
4117,12.263,ok,32.062,2240.188,0.0,39.8,0.0
4118,11.767,ok,32.062,2240.188,0.0,39.8,0.0
4119,12.059,ok,32.062,2240.188,0.0,39.8,0.0
4120,12.451,ok,32.062,2240.188,0.0,39.8,0.0
4121,12.399,ok,32.062,2240.188,0.0,39.8,0.0
4122,12.465,ok,32.062,2240.188,0.0,39.8,0.0
4123,11.903,ok,32.062,2240.188,0.0,39.8,0.0
4124,12.156,ok,32.062,2240.188,0.0,39.8,0.0
4125,12.113,ok,32.062,2240.188,0.0,39.8,0.0
4126,12.542,ok,32.062,2240.188,0.0,39.8,0.0
4127,13.220,ok,32.062,2240.188,0.0,39.8,0.0
4128,11.928,ok,32.062,2240.188,0.0,39.8,0.0
4129,12.562,ok,32.062,2240.188,0.0,39.8,0.0
4130,12.127,ok,32.062,2240.188,0.0,39.8,0.0
4131,12.961,ok,32.062,2240.188,0.0,39.8,0.0
4132,13.516,ok,32.066,2240.188,5.0,39.8,0.0
4133,12.870,ok,32.066,2240.188,5.0,39.8,0.0
4134,13.156,ok,32.066,2240.188,5.0,39.8,0.0
4135,12.885,ok,32.066,2240.188,5.0,39.8,0.0
4136,13.061,ok,32.066,2240.188,5.0,39.8,0.0
4137,12.964,ok,32.066,2240.188,5.0,39.8,0.0
4138,12.252,ok,32.066,2240.188,5.0,39.8,0.0
4139,12.681,ok,32.066,2240.188,5.0,39.8,0.0
4140,13.014,ok,32.066,2240.188,5.0,39.8,0.0
4141,13.007,ok,32.066,2240.188,5.0,39.8,0.0
4142,13.105,ok,32.066,2240.188,5.0,39.8,0.0
4143,12.853,ok,32.066,2240.188,5.0,39.8,0.0
4144,11.860,ok,32.066,2240.188,5.0,39.8,0.0
4145,12.179,ok,32.066,2240.188,5.0,39.8,0.0
4146,13.193,ok,32.066,2240.188,5.0,39.8,0.0
4147,12.467,ok,32.066,2240.188,5.0,39.8,0.0
4148,12.255,ok,32.066,2240.188,0.0,39.8,0.0
4149,12.660,ok,32.066,2240.188,0.0,39.8,0.0
4150,12.726,ok,32.066,2240.188,0.0,39.8,0.0
4151,12.467,ok,32.066,2240.188,0.0,39.8,0.0
4152,12.289,ok,32.066,2240.188,0.0,39.8,0.0
4153,12.036,ok,32.066,2240.188,0.0,39.8,0.0
4154,12.509,ok,32.066,2240.188,0.0,39.8,0.0
4155,12.221,ok,32.066,2240.188,0.0,39.8,0.0
4156,12.644,ok,32.066,2240.188,0.0,39.8,0.0
4157,12.480,ok,32.066,2240.188,0.0,39.8,0.0
4158,12.232,ok,32.066,2240.188,0.0,39.8,0.0
4159,12.645,ok,32.066,2240.188,0.0,39.8,0.0
4160,12.262,ok,32.066,2240.188,0.0,39.8,0.0
4161,12.976,ok,32.066,2240.188,0.0,39.8,0.0
4162,13.121,ok,32.066,2240.188,0.0,39.8,0.0
4163,12.387,ok,32.066,2240.188,0.0,39.8,0.0
4164,12.044,ok,32.070,2240.188,0.0,39.8,0.0
4165,12.857,ok,32.070,2240.188,0.0,39.8,0.0
4166,12.438,ok,32.070,2240.188,0.0,39.8,0.0
4167,12.089,ok,32.070,2240.188,0.0,39.8,0.0
4168,12.122,ok,32.070,2240.188,0.0,39.8,0.0
4169,12.015,ok,32.070,2240.188,0.0,39.8,0.0
4170,12.171,ok,32.070,2240.188,0.0,39.8,0.0
4171,12.472,ok,32.070,2240.188,0.0,39.8,0.0
4172,12.124,ok,32.070,2240.188,0.0,39.8,0.0
4173,12.863,ok,32.070,2240.188,0.0,39.8,0.0
4174,12.119,ok,32.070,2240.188,0.0,39.8,0.0
4175,12.303,ok,32.070,2240.188,0.0,39.8,0.0
4176,12.793,ok,32.070,2240.188,0.0,39.8,0.0
4177,12.973,ok,32.070,2240.188,0.0,39.8,0.0
4178,12.582,ok,32.070,2240.188,0.0,39.8,0.0
4179,12.420,ok,32.070,2240.188,0.0,39.8,0.0
4180,12.794,ok,32.070,2240.188,10.0,39.8,0.0
4181,12.691,ok,32.070,2240.188,10.0,39.8,0.0
4182,12.879,ok,32.070,2240.188,10.0,39.8,0.0
4183,12.661,ok,32.070,2240.188,10.0,39.8,0.0
4184,12.898,ok,32.070,2240.188,10.0,39.8,0.0
4185,13.361,ok,32.070,2240.188,10.0,39.8,0.0
4186,12.800,ok,32.070,2240.188,10.0,39.8,0.0
4187,12.823,ok,32.070,2240.188,10.0,39.8,0.0
4188,13.110,ok,32.070,2240.188,10.0,39.8,0.0
4189,12.428,ok,32.070,2240.188,10.0,39.8,0.0
4190,12.367,ok,32.070,2240.188,10.0,39.8,0.0
4191,12.765,ok,32.070,2240.188,10.0,39.8,0.0
4192,12.723,ok,32.070,2240.188,10.0,39.8,0.0
4193,11.681,ok,32.070,2240.188,10.0,39.8,0.0
4194,11.768,ok,32.070,2240.188,10.0,39.8,0.0
4195,11.761,ok,32.070,2240.188,10.0,39.8,0.0
4196,11.770,ok,32.070,2240.188,0.0,39.8,0.0
4197,11.806,ok,32.070,2240.188,0.0,39.8,0.0
4198,12.127,ok,32.070,2240.188,0.0,39.8,0.0
4199,12.005,ok,32.070,2240.188,0.0,39.8,0.0
4200,11.379,ok,32.070,2240.188,0.0,39.8,0.0
4201,11.283,ok,32.070,2240.188,0.0,39.8,0.0
4202,12.357,ok,32.070,2240.188,0.0,39.8,0.0
4203,11.881,ok,32.070,2240.188,0.0,39.8,0.0
4204,12.586,ok,32.070,2240.188,0.0,39.8,0.0
4205,12.154,ok,32.070,2240.188,0.0,39.8,0.0
4206,11.950,ok,32.070,2240.188,0.0,39.8,0.0
4207,12.040,ok,32.070,2240.188,0.0,39.8,0.0
4208,12.133,ok,32.070,2240.188,0.0,39.8,0.0
4209,12.477,ok,32.070,2240.188,0.0,39.8,0.0
4210,12.343,ok,32.070,2240.188,0.0,39.8,0.0
4211,12.580,ok,32.070,2240.188,0.0,39.8,0.0
4212,12.352,ok,32.074,2240.188,0.0,39.8,0.0
4213,12.507,ok,32.074,2240.188,0.0,39.8,0.0
4214,11.898,ok,32.074,2240.188,0.0,39.8,0.0
4215,12.079,ok,32.074,2240.188,0.0,39.8,0.0
4216,11.714,ok,32.074,2240.188,0.0,39.8,0.0
4217,11.900,ok,32.074,2240.188,0.0,39.8,0.0
4218,11.764,ok,32.074,2240.188,0.0,39.8,0.0
4219,11.900,ok,32.074,2240.188,0.0,39.8,0.0
4220,12.045,ok,32.074,2240.188,0.0,39.8,0.0
4221,12.037,ok,32.074,2240.188,0.0,39.8,0.0
4222,12.322,ok,32.074,2240.188,0.0,39.8,0.0
4223,12.632,ok,32.074,2240.188,0.0,39.8,0.0
4224,11.725,ok,32.074,2240.188,0.0,39.8,0.0
4225,11.904,ok,32.074,2240.188,0.0,39.8,0.0
4226,12.480,ok,32.074,2240.188,0.0,39.8,0.0
4227,12.290,ok,32.074,2240.188,0.0,39.8,0.0
4228,12.341,ok,32.074,2240.188,0.0,39.8,0.0
4229,12.147,ok,32.074,2240.188,5.0,39.8,0.0
4230,12.616,ok,32.074,2240.188,5.0,39.8,0.0
4231,12.357,ok,32.074,2240.188,5.0,39.8,0.0
4232,11.648,ok,32.074,2240.188,5.0,39.8,0.0
4233,11.912,ok,32.074,2240.188,5.0,39.8,0.0
4234,12.276,ok,32.074,2240.188,5.0,39.8,0.0
4235,11.657,ok,32.074,2240.188,5.0,39.8,0.0
4236,11.861,ok,32.074,2240.188,5.0,39.8,0.0
4237,11.357,ok,32.074,2240.188,5.0,39.8,0.0
4238,11.651,ok,32.074,2240.188,5.0,39.8,0.0
4239,12.025,ok,32.074,2240.188,5.0,39.8,0.0
4240,12.046,ok,32.074,2240.188,5.0,39.8,0.0
4241,11.927,ok,32.074,2240.188,5.0,39.8,0.0
4242,12.210,ok,32.074,2240.188,5.0,39.8,0.0
4243,12.277,ok,32.074,2240.188,5.0,39.8,0.0
4244,11.925,ok,32.074,2240.188,5.0,39.8,0.0
4245,12.189,ok,32.074,2240.188,5.0,39.8,0.0
4246,11.917,ok,32.074,2240.188,5.0,39.8,0.0
4247,12.052,ok,32.074,2240.188,5.0,39.8,0.0
4248,11.903,ok,32.074,2240.188,5.0,39.8,0.0
4249,12.042,ok,32.074,2240.188,5.0,39.8,0.0
4250,11.203,ok,32.074,2240.188,5.0,39.8,0.0
4251,11.927,ok,32.074,2240.188,5.0,39.8,0.0
4252,11.975,ok,32.074,2240.188,5.0,39.8,0.0
4253,12.433,ok,32.074,2240.188,5.0,39.8,0.0
4254,13.144,ok,32.074,2240.188,5.0,39.8,0.0
4255,12.638,ok,32.074,2240.188,5.0,39.8,0.0
4256,12.267,ok,32.074,2240.188,5.0,39.8,0.0
4257,13.100,ok,32.074,2240.188,5.0,39.8,0.0
4258,12.583,ok,32.074,2240.188,5.0,39.8,0.0
4259,12.592,ok,32.074,2240.188,5.0,39.8,0.0
4260,11.647,ok,32.074,2240.188,5.0,39.8,0.0
4261,11.959,ok,32.074,2240.188,5.0,39.8,0.0
4262,11.966,ok,32.078,2240.188,0.0,39.8,0.0
4263,11.928,ok,32.078,2240.188,0.0,39.8,0.0
4264,12.428,ok,32.078,2240.188,0.0,39.8,0.0
4265,12.044,ok,32.078,2240.188,0.0,39.8,0.0
4266,12.385,ok,32.078,2240.188,0.0,39.8,0.0
4267,12.083,ok,32.078,2240.188,0.0,39.8,0.0
4268,11.982,ok,32.078,2240.188,0.0,39.8,0.0
4269,11.846,ok,32.078,2240.188,0.0,39.8,0.0
4270,12.365,ok,32.078,2240.188,0.0,39.8,0.0
4271,12.155,ok,32.078,2240.188,0.0,39.8,0.0
4272,12.059,ok,32.078,2240.188,0.0,39.8,0.0
4273,11.411,ok,32.078,2240.188,0.0,39.8,0.0
4274,11.983,ok,32.078,2240.188,0.0,39.8,0.0
4275,12.060,ok,32.078,2240.188,0.0,39.8,0.0
4276,12.225,ok,32.078,2240.188,0.0,39.8,0.0
4277,11.338,ok,32.078,2240.188,0.0,39.8,0.0
4278,12.360,ok,32.078,2240.188,0.0,39.8,0.0
4279,12.079,ok,32.082,2240.188,0.0,39.8,0.0
4280,12.323,ok,32.082,2240.188,0.0,39.8,0.0
4281,12.214,ok,32.082,2240.188,0.0,39.8,0.0
4282,12.285,ok,32.082,2240.188,0.0,39.8,0.0
4283,11.907,ok,32.082,2240.188,0.0,39.8,0.0
4284,12.031,ok,32.082,2240.188,0.0,39.8,0.0
4285,12.206,ok,32.082,2240.188,0.0,39.8,0.0
4286,11.906,ok,32.082,2240.188,0.0,39.8,0.0
4287,12.145,ok,32.082,2240.188,0.0,39.8,0.0
4288,12.309,ok,32.082,2240.188,0.0,39.8,0.0
4289,12.351,ok,32.082,2240.188,0.0,39.8,0.0
4290,12.016,ok,32.082,2240.188,0.0,39.8,0.0
4291,12.442,ok,32.082,2240.188,0.0,39.8,0.0
4292,12.150,ok,32.082,2240.188,0.0,39.8,0.0
4293,12.194,ok,32.082,2240.188,0.0,39.8,0.0
4294,12.031,ok,32.082,2240.188,0.0,39.8,0.0
4295,11.946,ok,32.082,2240.188,5.0,39.8,0.0
4296,11.651,ok,32.082,2240.188,5.0,39.8,0.0
4297,11.557,ok,32.082,2240.188,5.0,39.8,0.0
4298,11.967,ok,32.082,2240.188,5.0,39.8,0.0
4299,11.257,ok,32.082,2240.188,5.0,39.8,0.0
4300,11.939,ok,32.082,2240.188,5.0,39.8,0.0
4301,12.018,ok,32.082,2240.188,5.0,39.8,0.0
4302,12.253,ok,32.082,2240.188,5.0,39.8,0.0
4303,12.132,ok,32.082,2240.188,5.0,39.8,0.0
4304,12.382,ok,32.082,2240.188,5.0,39.8,0.0
4305,11.772,ok,32.082,2240.188,5.0,39.8,0.0
4306,11.256,ok,32.082,2240.188,5.0,39.8,0.0
4307,11.494,ok,32.082,2240.188,5.0,39.8,0.0
4308,11.650,ok,32.082,2240.188,5.0,39.8,0.0
4309,11.966,ok,32.082,2240.188,5.0,39.8,0.0
4310,12.038,ok,32.082,2240.188,5.0,39.8,0.0
4311,11.715,ok,32.082,2240.188,5.0,39.8,0.0
4312,11.974,ok,32.082,2240.188,0.0,39.8,0.0
4313,12.245,ok,32.082,2240.188,0.0,39.8,0.0
4314,12.018,ok,32.082,2240.188,0.0,39.8,0.0
4315,12.289,ok,32.082,2240.188,0.0,39.8,0.0
4316,11.515,ok,32.082,2240.188,0.0,39.8,0.0
4317,11.906,ok,32.082,2240.188,0.0,39.8,0.0
4318,12.479,ok,32.082,2240.188,0.0,39.8,0.0
4319,12.363,ok,32.082,2240.188,0.0,39.8,0.0
4320,13.029,ok,32.082,2240.188,0.0,39.8,0.0
4321,12.339,ok,32.082,2240.188,0.0,39.8,0.0
4322,12.599,ok,32.082,2240.188,0.0,39.8,0.0
4323,13.178,ok,32.082,2240.188,0.0,39.8,0.0
4324,12.977,ok,32.082,2240.188,0.0,39.8,0.0
4325,12.677,ok,32.082,2240.188,0.0,39.8,0.0
4326,13.187,ok,32.082,2240.188,0.0,39.8,0.0
4327,12.991,ok,32.082,2240.188,0.0,39.8,0.0
4328,12.698,ok,32.086,2240.188,0.0,39.8,0.0
4329,12.751,ok,32.086,2240.188,0.0,39.8,0.0
4330,12.575,ok,32.086,2240.188,0.0,39.8,0.0
4331,12.578,ok,32.086,2240.188,0.0,39.8,0.0
4332,12.196,ok,32.086,2240.188,0.0,39.8,0.0
4333,12.596,ok,32.086,2240.188,0.0,39.8,0.0
4334,12.925,ok,32.086,2240.188,0.0,39.8,0.0
4335,12.702,ok,32.086,2240.188,0.0,39.8,0.0
4336,12.161,ok,32.086,2240.188,0.0,39.8,0.0
4337,12.830,ok,32.086,2240.188,0.0,39.8,0.0
4338,12.578,ok,32.086,2240.188,0.0,39.8,0.0
4339,12.467,ok,32.086,2240.188,0.0,39.8,0.0
4340,12.113,ok,32.086,2240.188,0.0,39.8,0.0
4341,11.947,ok,32.086,2240.188,0.0,39.8,0.0
4342,12.513,ok,32.086,2240.188,0.0,39.8,0.0
4343,12.049,ok,32.086,2240.188,0.0,39.8,0.0
4344,12.301,ok,32.086,2240.188,5.0,39.8,0.0
4345,11.830,ok,32.086,2240.188,5.0,39.8,0.0
4346,12.568,ok,32.086,2240.188,5.0,39.8,0.0
4347,12.391,ok,32.086,2240.188,5.0,39.8,0.0
4348,12.549,ok,32.086,2240.188,5.0,39.8,0.0
4349,13.017,ok,32.086,2240.188,5.0,39.8,0.0
4350,13.109,ok,32.086,2240.188,5.0,39.8,0.0
4351,12.959,ok,32.086,2240.188,5.0,39.8,0.0
4352,12.744,ok,32.086,2240.188,5.0,39.8,0.0
4353,12.696,ok,32.086,2240.188,5.0,39.8,0.0
4354,13.261,ok,32.086,2240.188,5.0,39.8,0.0
4355,11.876,ok,32.086,2240.188,5.0,39.8,0.0
4356,12.465,ok,32.086,2240.188,5.0,39.8,0.0
4357,12.994,ok,32.086,2240.188,5.0,39.8,0.0
4358,12.154,ok,32.086,2240.188,5.0,39.8,0.0
4359,12.691,ok,32.086,2240.188,5.0,39.8,0.0
4360,11.832,ok,32.086,2240.188,0.0,39.8,0.0
4361,12.226,ok,32.086,2240.188,0.0,39.8,0.0
4362,11.538,ok,32.086,2240.188,0.0,39.8,0.0
4363,12.032,ok,32.086,2240.188,0.0,39.8,0.0
4364,12.472,ok,32.086,2240.188,0.0,39.8,0.0
4365,12.117,ok,32.086,2240.188,0.0,39.8,0.0
4366,12.173,ok,32.086,2240.188,0.0,39.8,0.0
4367,12.055,ok,32.086,2240.188,0.0,39.8,0.0
4368,12.395,ok,32.086,2240.188,0.0,39.8,0.0
4369,12.553,ok,32.086,2240.188,0.0,39.8,0.0
4370,11.498,ok,32.086,2240.188,0.0,39.8,0.0
4371,12.157,ok,32.086,2240.188,0.0,39.8,0.0
4372,12.580,ok,32.086,2240.188,0.0,39.8,0.0
4373,12.473,ok,32.086,2240.188,0.0,39.8,0.0
4374,12.108,ok,32.086,2240.188,0.0,39.8,0.0
4375,11.585,ok,32.086,2240.188,0.0,39.8,0.0
4376,11.801,ok,32.086,2240.188,0.0,39.8,0.0
4377,12.096,ok,32.086,2240.188,10.0,39.8,0.0
4378,11.724,ok,32.086,2240.188,10.0,39.8,0.0
4379,11.824,ok,32.086,2240.188,10.0,39.8,0.0
4380,12.428,ok,32.086,2240.188,10.0,39.8,0.0
4381,12.035,ok,32.086,2240.188,10.0,39.8,0.0
4382,11.951,ok,32.086,2240.188,10.0,39.8,0.0
4383,11.898,ok,32.086,2240.188,10.0,39.8,0.0
4384,12.515,ok,32.086,2240.188,10.0,39.8,0.0
4385,11.718,ok,32.086,2240.188,10.0,39.8,0.0
4386,12.035,ok,32.086,2240.188,10.0,39.8,0.0
4387,11.716,ok,32.086,2240.188,10.0,39.8,0.0
4388,11.620,ok,32.086,2240.188,10.0,39.8,0.0
4389,11.361,ok,32.086,2240.188,10.0,39.8,0.0
4390,11.565,ok,32.086,2240.188,10.0,39.8,0.0
4391,12.014,ok,32.086,2240.188,10.0,39.8,0.0
4392,11.863,ok,32.086,2240.188,10.0,39.8,0.0
4393,11.337,ok,32.090,2240.188,0.0,39.8,0.0
4394,11.291,ok,32.090,2240.188,0.0,39.8,0.0
4395,11.817,ok,32.090,2240.188,0.0,39.8,0.0
4396,11.697,ok,32.090,2240.188,0.0,39.8,0.0
4397,11.454,ok,32.090,2240.188,0.0,39.8,0.0
4398,11.847,ok,32.090,2240.188,0.0,39.8,0.0
4399,11.572,ok,32.090,2240.188,0.0,39.8,0.0
4400,11.650,ok,32.090,2240.188,0.0,39.8,0.0
4401,12.100,ok,32.090,2240.188,0.0,39.8,0.0
4402,11.501,ok,32.090,2240.188,0.0,39.8,0.0
4403,11.787,ok,32.090,2240.188,0.0,39.8,0.0
4404,11.866,ok,32.090,2240.188,0.0,39.8,0.0
4405,11.876,ok,32.090,2240.188,0.0,39.8,0.0
4406,11.607,ok,32.090,2240.188,0.0,39.8,0.0
4407,12.334,ok,32.090,2240.188,0.0,39.8,0.0
4408,12.644,ok,32.090,2240.188,0.0,39.8,0.0
4409,12.063,ok,32.090,2240.188,0.0,39.8,0.0
4410,12.429,ok,32.090,2240.188,0.0,39.8,0.0
4411,11.882,ok,32.090,2240.188,0.0,39.8,0.0
4412,11.632,ok,32.090,2240.188,0.0,39.8,0.0
4413,11.916,ok,32.090,2240.188,0.0,39.8,0.0
4414,12.109,ok,32.090,2240.188,0.0,39.8,0.0
4415,11.470,ok,32.090,2240.188,0.0,39.8,0.0
4416,11.644,ok,32.090,2240.188,0.0,39.8,0.0
4417,11.370,ok,32.090,2240.188,0.0,39.8,0.0
4418,11.858,ok,32.090,2240.188,0.0,39.8,0.0
4419,12.216,ok,32.090,2240.188,0.0,39.8,0.0
4420,11.651,ok,32.090,2240.188,0.0,39.8,0.0
4421,12.268,ok,32.090,2240.188,0.0,39.8,0.0
4422,13.037,ok,32.090,2240.188,0.0,39.8,0.0
4423,12.982,ok,32.090,2240.188,0.0,39.8,0.0
4424,12.788,ok,32.090,2240.188,0.0,39.8,0.0
4425,12.537,ok,32.090,2240.188,0.0,39.8,0.0
4426,12.501,ok,32.090,2240.188,0.0,39.8,0.0
4427,12.717,ok,32.094,2240.188,0.0,39.8,0.0
4428,12.438,ok,32.094,2240.188,0.0,39.8,0.0
4429,13.030,ok,32.094,2240.188,0.0,39.8,0.0
4430,12.950,ok,32.094,2240.188,0.0,39.8,0.0
4431,12.015,ok,32.094,2240.188,0.0,39.8,0.0
4432,12.848,ok,32.094,2240.188,0.0,39.8,0.0
4433,13.225,ok,32.094,2240.188,0.0,39.8,0.0
4434,13.436,ok,32.094,2240.188,0.0,39.8,0.0
4435,13.235,ok,32.094,2240.188,0.0,39.8,0.0
4436,13.320,ok,32.094,2240.188,0.0,39.8,0.0
4437,12.404,ok,32.094,2240.188,0.0,39.8,0.0
4438,12.831,ok,32.094,2240.188,0.0,39.8,0.0
4439,13.056,ok,32.094,2240.188,0.0,39.8,0.0
4440,12.714,ok,32.094,2240.188,0.0,39.8,0.0
4441,12.519,ok,32.094,2240.188,0.0,39.8,0.0
4442,12.247,ok,32.094,2240.188,0.0,39.8,0.0
4443,11.871,ok,32.098,2240.188,5.0,39.8,0.0
4444,12.235,ok,32.098,2240.188,5.0,39.8,0.0
4445,11.789,ok,32.098,2240.188,5.0,39.8,0.0
4446,12.287,ok,32.098,2240.188,5.0,39.8,0.0
4447,12.762,ok,32.098,2240.188,5.0,39.8,0.0
4448,12.752,ok,32.098,2240.188,5.0,39.8,0.0
4449,12.845,ok,32.098,2240.188,5.0,39.8,0.0
4450,12.553,ok,32.098,2240.188,5.0,39.8,0.0
4451,12.853,ok,32.098,2240.188,5.0,39.8,0.0
4452,12.916,ok,32.098,2240.188,5.0,39.8,0.0
4453,12.877,ok,32.098,2240.188,5.0,39.8,0.0
4454,12.658,ok,32.098,2240.188,5.0,39.8,0.0
4455,12.520,ok,32.098,2240.188,5.0,39.8,0.0
4456,12.420,ok,32.098,2240.188,5.0,39.8,0.0
4457,12.263,ok,32.098,2240.188,5.0,39.8,0.0
4458,11.622,ok,32.098,2240.188,5.0,39.8,0.0
4459,12.416,ok,32.098,2240.188,0.0,39.8,0.0
4460,12.136,ok,32.098,2240.188,0.0,39.8,0.0
4461,12.028,ok,32.098,2240.188,0.0,39.8,0.0
4462,11.929,ok,32.098,2240.188,0.0,39.8,0.0
4463,12.508,ok,32.098,2240.188,0.0,39.8,0.0
4464,11.758,ok,32.098,2240.188,0.0,39.8,0.0
4465,11.944,ok,32.098,2240.188,0.0,39.8,0.0
4466,11.961,ok,32.098,2240.188,0.0,39.8,0.0
4467,11.802,ok,32.098,2240.188,0.0,39.8,0.0
4468,11.735,ok,32.098,2240.188,0.0,39.8,0.0
4469,12.244,ok,32.098,2240.188,0.0,39.8,0.0
4470,12.367,ok,32.098,2240.188,0.0,39.8,0.0
4471,12.171,ok,32.098,2240.188,0.0,39.8,0.0
4472,12.345,ok,32.098,2240.188,0.0,39.8,0.0
4473,12.408,ok,32.098,2240.188,0.0,39.8,0.0
4474,12.553,ok,32.098,2240.188,0.0,39.8,0.0
4475,11.791,ok,32.098,2240.188,5.0,39.8,0.0
4476,12.329,ok,32.098,2240.188,5.0,39.8,0.0
4477,12.539,ok,32.098,2240.188,5.0,39.8,0.0
4478,12.457,ok,32.098,2240.188,5.0,39.8,0.0
4479,12.805,ok,32.098,2240.188,5.0,39.8,0.0
4480,12.018,ok,32.098,2240.188,5.0,39.8,0.0
4481,12.623,ok,32.098,2240.188,5.0,39.8,0.0
4482,12.425,ok,32.098,2240.188,5.0,39.8,0.0
4483,12.647,ok,32.098,2240.188,5.0,39.8,0.0
4484,13.033,ok,32.098,2240.188,5.0,39.8,0.0
4485,12.681,ok,32.098,2240.188,5.0,39.8,0.0
4486,13.042,ok,32.098,2240.188,5.0,39.8,0.0
4487,13.234,ok,32.098,2240.188,5.0,39.8,0.0
4488,12.816,ok,32.098,2240.188,5.0,39.8,0.0
4489,12.993,ok,32.098,2240.188,5.0,39.8,0.0
4490,12.966,ok,32.098,2240.188,5.0,39.8,0.0
4491,12.528,ok,32.098,2240.188,5.0,39.8,0.0
4492,12.190,ok,32.098,2240.188,5.0,39.8,0.0
4493,12.117,ok,32.098,2240.188,5.0,39.8,0.0
4494,12.163,ok,32.098,2240.188,5.0,39.8,0.0
4495,11.773,ok,32.098,2240.188,5.0,39.8,0.0
4496,12.487,ok,32.098,2240.188,5.0,39.8,0.0
4497,11.931,ok,32.098,2240.188,5.0,39.8,0.0
4498,12.461,ok,32.098,2240.188,5.0,39.8,0.0
4499,12.611,ok,32.098,2240.188,5.0,39.8,0.0
4500,12.840,ok,32.098,2240.188,5.0,39.8,0.0
4501,12.261,ok,32.098,2240.188,5.0,39.8,0.0
4502,12.730,ok,32.098,2240.188,5.0,39.8,0.0
4503,12.902,ok,32.098,2240.188,5.0,39.8,0.0
4504,13.008,ok,32.098,2240.188,5.0,39.8,0.0
4505,11.777,ok,32.098,2240.188,5.0,39.8,0.0
4506,12.074,ok,32.098,2240.188,5.0,39.8,0.0
4507,12.184,ok,32.105,2240.188,0.0,39.8,0.0
4508,12.165,ok,32.105,2240.188,0.0,39.8,0.0
4509,12.797,ok,32.105,2240.188,0.0,39.8,0.0
4510,12.273,ok,32.105,2240.188,0.0,39.8,0.0
4511,13.284,ok,32.105,2240.188,0.0,39.8,0.0
4512,13.051,ok,32.105,2240.188,0.0,39.8,0.0
4513,12.792,ok,32.105,2240.188,0.0,39.8,0.0
4514,12.645,ok,32.105,2240.188,0.0,39.8,0.0
4515,12.103,ok,32.105,2240.188,0.0,39.8,0.0
4516,12.398,ok,32.105,2240.188,0.0,39.8,0.0
4517,12.586,ok,32.105,2240.188,0.0,39.8,0.0
4518,12.874,ok,32.105,2240.188,0.0,39.8,0.0
4519,13.166,ok,32.105,2240.188,0.0,39.8,0.0
4520,12.892,ok,32.105,2240.188,0.0,39.8,0.0
4521,13.036,ok,32.105,2240.188,0.0,39.8,0.0
4522,12.675,ok,32.105,2240.188,0.0,39.8,0.0
4523,12.663,ok,32.105,2240.188,5.0,39.8,0.0
4524,12.497,ok,32.105,2240.188,5.0,39.8,0.0
4525,12.289,ok,32.105,2240.188,5.0,39.8,0.0
4526,11.482,ok,32.105,2240.188,5.0,39.8,0.0
4527,12.618,ok,32.105,2240.188,5.0,39.8,0.0
4528,12.155,ok,32.105,2240.188,5.0,39.8,0.0
4529,13.012,ok,32.105,2240.188,5.0,39.8,0.0
4530,12.984,ok,32.105,2240.188,5.0,39.8,0.0
4531,12.333,ok,32.105,2240.188,5.0,39.8,0.0
4532,12.519,ok,32.105,2240.188,5.0,39.8,0.0
4533,13.751,ok,32.105,2240.188,5.0,39.8,0.0
4534,12.392,ok,32.105,2240.188,5.0,39.8,0.0
4535,12.512,ok,32.105,2240.188,5.0,39.8,0.0
4536,12.973,ok,32.105,2240.188,5.0,39.8,0.0
4537,12.993,ok,32.105,2240.188,5.0,39.8,0.0
4538,12.916,ok,32.105,2240.188,5.0,39.8,0.0
4539,13.016,ok,32.105,2240.188,0.0,39.8,0.0
4540,12.340,ok,32.105,2240.188,0.0,39.8,0.0
4541,11.977,ok,32.105,2240.188,0.0,39.8,0.0
4542,12.166,ok,32.105,2240.188,0.0,39.8,0.0
4543,11.736,ok,32.105,2240.188,0.0,39.8,0.0
4544,11.833,ok,32.105,2240.188,0.0,39.8,0.0
4545,12.182,ok,32.105,2240.188,0.0,39.8,0.0
4546,12.821,ok,32.105,2240.188,0.0,39.8,0.0
4547,12.847,ok,32.105,2240.188,0.0,39.8,0.0
4548,13.188,ok,32.105,2240.188,0.0,39.8,0.0
4549,12.886,ok,32.105,2240.188,0.0,39.8,0.0
4550,13.099,ok,32.105,2240.188,0.0,39.8,0.0
4551,12.639,ok,32.105,2240.188,0.0,39.8,0.0
4552,12.267,ok,32.105,2240.188,0.0,39.8,0.0
4553,13.168,ok,32.105,2240.188,0.0,39.8,0.0
4554,12.974,ok,32.105,2240.188,0.0,39.8,0.0
4555,12.845,ok,32.109,2240.188,5.0,39.8,0.0
4556,12.065,ok,32.109,2240.188,5.0,39.8,0.0
4557,11.963,ok,32.109,2240.188,5.0,39.8,0.0
4558,12.155,ok,32.109,2240.188,5.0,39.8,0.0
4559,11.918,ok,32.109,2240.188,5.0,39.8,0.0
4560,12.882,ok,32.109,2240.188,5.0,39.8,0.0
4561,12.107,ok,32.109,2240.188,5.0,39.8,0.0
4562,12.904,ok,32.109,2240.188,5.0,39.8,0.0
4563,13.169,ok,32.109,2240.188,5.0,39.8,0.0
4564,12.693,ok,32.109,2240.188,5.0,39.8,0.0
4565,12.672,ok,32.109,2240.188,5.0,39.8,0.0
4566,12.534,ok,32.109,2240.188,5.0,39.8,0.0
4567,12.283,ok,32.109,2240.188,5.0,39.8,0.0
4568,11.871,ok,32.109,2240.188,5.0,39.8,0.0
4569,12.214,ok,32.109,2240.188,5.0,39.8,0.0
4570,11.906,ok,32.109,2240.188,5.0,39.8,0.0
4571,12.494,ok,32.113,2240.188,5.0,39.8,0.0
4572,11.561,ok,32.113,2240.188,5.0,39.8,0.0
4573,11.828,ok,32.113,2240.188,5.0,39.8,0.0
4574,11.442,ok,32.113,2240.188,5.0,39.8,0.0
4575,11.722,ok,32.113,2240.188,5.0,39.8,0.0
4576,11.586,ok,32.113,2240.188,5.0,39.8,0.0
4577,12.113,ok,32.113,2240.188,5.0,39.8,0.0
4578,11.085,ok,32.113,2240.188,5.0,39.8,0.0
4579,11.396,ok,32.113,2240.188,5.0,39.8,0.0
4580,12.095,ok,32.113,2240.188,5.0,39.8,0.0
4581,12.420,ok,32.113,2240.188,5.0,39.8,0.0
4582,12.474,ok,32.113,2240.188,5.0,39.8,0.0
4583,12.860,ok,32.113,2240.188,5.0,39.8,0.0
4584,12.144,ok,32.113,2240.188,5.0,39.8,0.0
4585,11.762,ok,32.113,2240.188,5.0,39.8,0.0
4586,11.804,ok,32.113,2240.188,5.0,39.8,0.0
4587,11.877,ok,32.113,2240.188,5.0,39.8,0.0
4588,11.950,ok,32.113,2240.188,5.0,39.8,0.0
4589,12.317,ok,32.113,2240.188,5.0,39.8,0.0
4590,12.463,ok,32.113,2240.188,5.0,39.8,0.0
4591,12.202,ok,32.113,2240.188,5.0,39.8,0.0
4592,12.413,ok,32.113,2240.188,5.0,39.8,0.0
4593,12.723,ok,32.113,2240.188,5.0,39.8,0.0
4594,12.953,ok,32.113,2240.188,5.0,39.8,0.0
4595,12.129,ok,32.113,2240.188,5.0,39.8,0.0
4596,12.753,ok,32.113,2240.188,5.0,39.8,0.0
4597,13.384,ok,32.113,2240.188,5.0,39.8,0.0
4598,12.893,ok,32.113,2240.188,5.0,39.8,0.0
4599,12.711,ok,32.113,2240.188,5.0,39.8,0.0
4600,13.075,ok,32.113,2240.188,5.0,39.8,0.0
4601,12.288,ok,32.113,2240.188,5.0,39.8,0.0
4602,11.870,ok,32.113,2240.188,5.0,39.8,0.0
4603,12.413,ok,32.113,2240.188,5.0,39.8,0.0
4604,11.765,ok,32.113,2240.188,0.0,39.8,0.0
4605,11.750,ok,32.113,2240.188,0.0,39.8,0.0
4606,11.806,ok,32.113,2240.188,0.0,39.8,0.0
4607,12.011,ok,32.113,2240.188,0.0,39.8,0.0
4608,11.903,ok,32.113,2240.188,0.0,39.8,0.0
4609,12.112,ok,32.113,2240.188,0.0,39.8,0.0
4610,12.624,ok,32.113,2240.188,0.0,39.8,0.0
4611,12.266,ok,32.113,2240.188,0.0,39.8,0.0
4612,12.275,ok,32.113,2240.188,0.0,39.8,0.0
4613,12.166,ok,32.113,2240.188,0.0,39.8,0.0
4614,11.567,ok,32.113,2240.188,0.0,39.8,0.0
4615,11.788,ok,32.113,2240.188,0.0,39.8,0.0
4616,11.821,ok,32.113,2240.188,0.0,39.8,0.0
4617,11.321,ok,32.113,2240.188,0.0,39.8,0.0
4618,11.844,ok,32.113,2240.188,0.0,39.8,0.0
4619,11.785,ok,32.113,2240.188,0.0,39.8,0.0
4620,11.785,ok,32.117,2240.188,0.0,39.8,0.0
4621,12.003,ok,32.117,2240.188,0.0,39.8,0.0
4622,11.961,ok,32.117,2240.188,0.0,39.8,0.0
4623,11.682,ok,32.117,2240.188,0.0,39.8,0.0
4624,11.766,ok,32.117,2240.188,0.0,39.8,0.0
4625,11.302,ok,32.117,2240.188,0.0,39.8,0.0
4626,12.459,ok,32.117,2240.188,0.0,39.8,0.0
4627,11.883,ok,32.117,2240.188,0.0,39.8,0.0
4628,11.868,ok,32.117,2240.188,0.0,39.8,0.0
4629,12.130,ok,32.117,2240.188,0.0,39.8,0.0
4630,11.653,ok,32.117,2240.188,0.0,39.8,0.0
4631,11.465,ok,32.117,2240.188,0.0,39.8,0.0
4632,12.013,ok,32.117,2240.188,0.0,39.8,0.0
4633,12.564,ok,32.117,2240.188,0.0,39.8,0.0
4634,12.151,ok,32.117,2240.188,0.0,39.8,0.0
4635,12.504,ok,32.117,2240.188,0.0,39.8,0.0
4636,12.648,ok,32.117,2240.188,0.0,39.8,0.0
4637,12.401,ok,32.117,2240.188,5.0,39.8,0.0
4638,11.987,ok,32.117,2240.188,5.0,39.8,0.0
4639,11.880,ok,32.117,2240.188,5.0,39.8,0.0
4640,11.766,ok,32.117,2240.188,5.0,39.8,0.0
4641,11.553,ok,32.117,2240.188,5.0,39.8,0.0
4642,11.529,ok,32.117,2240.188,5.0,39.8,0.0
4643,11.788,ok,32.117,2240.188,5.0,39.8,0.0
4644,12.000,ok,32.117,2240.188,5.0,39.8,0.0
4645,12.050,ok,32.117,2240.188,5.0,39.8,0.0
4646,11.461,ok,32.117,2240.188,5.0,39.8,0.0
4647,11.916,ok,32.117,2240.188,5.0,39.8,0.0
4648,12.263,ok,32.117,2240.188,5.0,39.8,0.0
4649,11.975,ok,32.117,2240.188,5.0,39.8,0.0
4650,11.951,ok,32.117,2240.188,5.0,39.8,0.0
4651,12.135,ok,32.117,2240.188,5.0,39.8,0.0
4652,11.742,ok,32.117,2240.188,5.0,39.8,0.0
4653,11.898,ok,32.117,2240.188,5.0,39.8,0.0
4654,11.906,ok,32.117,2240.188,5.0,39.8,0.0
4655,11.065,ok,32.117,2240.188,5.0,39.8,0.0
4656,12.038,ok,32.117,2240.188,5.0,39.8,0.0
4657,12.035,ok,32.117,2240.188,5.0,39.8,0.0
4658,12.038,ok,32.117,2240.188,5.0,39.8,0.0
4659,11.595,ok,32.117,2240.188,5.0,39.8,0.0
4660,12.506,ok,32.117,2240.188,5.0,39.8,0.0
4661,13.025,ok,32.117,2240.188,5.0,39.8,0.0
4662,11.859,ok,32.117,2240.188,5.0,39.8,0.0
4663,12.088,ok,32.117,2240.188,5.0,39.8,0.0
4664,12.380,ok,32.117,2240.188,5.0,39.8,0.0
4665,12.834,ok,32.117,2240.188,5.0,39.8,0.0
4666,12.189,ok,32.117,2240.188,5.0,39.8,0.0
4667,12.143,ok,32.117,2240.188,5.0,39.8,0.0
4668,11.852,ok,32.117,2240.188,5.0,39.8,0.0
4669,12.256,ok,32.117,2240.188,5.0,39.8,0.0
4670,12.380,ok,32.125,2240.188,0.0,39.8,0.0
4671,12.234,ok,32.125,2240.188,0.0,39.8,0.0
4672,12.651,ok,32.125,2240.188,0.0,39.8,0.0
4673,11.727,ok,32.125,2240.188,0.0,39.8,0.0
4674,12.717,ok,32.125,2240.188,0.0,39.8,0.0
4675,12.596,ok,32.125,2240.188,0.0,39.8,0.0
4676,12.364,ok,32.125,2240.188,0.0,39.8,0.0
4677,12.871,ok,32.125,2240.188,0.0,39.8,0.0
4678,12.833,ok,32.125,2240.188,0.0,39.8,0.0
4679,12.593,ok,32.125,2240.188,0.0,39.8,0.0
4680,12.712,ok,32.125,2240.188,0.0,39.8,0.0
4681,12.783,ok,32.125,2240.188,0.0,39.8,0.0
4682,12.721,ok,32.125,2240.188,0.0,39.8,0.0
4683,13.021,ok,32.125,2240.188,0.0,39.8,0.0
4684,12.579,ok,32.125,2240.188,0.0,39.8,0.0
4685,12.391,ok,32.125,2240.188,0.0,39.8,0.0
4686,12.341,ok,32.125,2240.188,5.0,39.8,0.0
4687,12.092,ok,32.125,2240.188,5.0,39.8,0.0
4688,11.717,ok,32.125,2240.188,5.0,39.8,0.0
4689,11.830,ok,32.125,2240.188,5.0,39.8,0.0
4690,11.838,ok,32.125,2240.188,5.0,39.8,0.0
4691,11.843,ok,32.125,2240.188,5.0,39.8,0.0
4692,12.089,ok,32.125,2240.188,5.0,39.8,0.0
4693,12.410,ok,32.125,2240.188,5.0,39.8,0.0
4694,11.538,ok,32.125,2240.188,5.0,39.8,0.0
4695,12.512,ok,32.125,2240.188,5.0,39.8,0.0
4696,12.825,ok,32.125,2240.188,5.0,39.8,0.0
4697,12.099,ok,32.125,2240.188,5.0,39.8,0.0
4698,11.439,ok,32.125,2240.188,5.0,39.8,0.0
4699,11.647,ok,32.125,2240.188,5.0,39.8,0.0
4700,12.067,ok,32.125,2240.188,5.0,39.8,0.0
4701,11.249,ok,32.125,2240.188,5.0,39.8,0.0
4702,11.419,ok,32.125,2240.188,5.0,39.8,0.0
4703,11.597,ok,32.125,2240.188,0.0,39.8,0.0
4704,11.632,ok,32.125,2240.188,0.0,39.8,0.0
4705,11.848,ok,32.125,2240.188,0.0,39.8,0.0
4706,12.096,ok,32.125,2240.188,0.0,39.8,0.0
4707,11.267,ok,32.125,2240.188,0.0,39.8,0.0
4708,11.664,ok,32.125,2240.188,0.0,39.8,0.0
4709,11.461,ok,32.125,2240.188,0.0,39.8,0.0
4710,11.394,ok,32.125,2240.188,0.0,39.8,0.0
4711,12.231,ok,32.125,2240.188,0.0,39.8,0.0
4712,11.470,ok,32.125,2240.188,0.0,39.8,0.0
4713,12.675,ok,32.125,2240.188,0.0,39.8,0.0
4714,11.234,ok,32.125,2240.188,0.0,39.8,0.0
4715,11.943,ok,32.125,2240.188,0.0,39.8,0.0
4716,12.217,ok,32.125,2240.188,0.0,39.8,0.0
4717,11.835,ok,32.125,2240.188,0.0,39.8,0.0
4718,11.331,ok,32.125,2240.188,0.0,39.8,0.0
4719,11.615,ok,32.125,2240.188,0.0,39.8,0.0
4720,11.221,ok,32.125,2240.188,0.0,39.8,0.0
4721,11.640,ok,32.125,2240.188,0.0,39.8,0.0
4722,12.668,ok,32.125,2240.188,0.0,39.8,0.0
4723,11.859,ok,32.125,2240.188,0.0,39.8,0.0
4724,11.698,ok,32.125,2240.188,0.0,39.8,0.0
4725,11.367,ok,32.125,2240.188,0.0,39.8,0.0
4726,11.438,ok,32.125,2240.188,0.0,39.8,0.0
4727,11.713,ok,32.125,2240.188,0.0,39.8,0.0
4728,11.348,ok,32.125,2240.188,0.0,39.8,0.0
4729,11.989,ok,32.125,2240.188,0.0,39.8,0.0
4730,11.745,ok,32.125,2240.188,0.0,39.8,0.0
4731,12.347,ok,32.125,2240.188,0.0,39.8,0.0
4732,11.943,ok,32.125,2240.188,0.0,39.8,0.0
4733,12.582,ok,32.125,2240.188,0.0,39.8,0.0
4734,12.589,ok,32.125,2240.188,0.0,39.8,0.0
4735,12.683,ok,32.125,2240.188,0.0,39.8,0.0
4736,12.965,ok,32.125,2240.188,0.0,39.8,0.0
4737,12.417,ok,32.133,2240.188,5.0,39.8,0.0
4738,12.275,ok,32.133,2240.188,5.0,39.8,0.0
4739,12.261,ok,32.133,2240.188,5.0,39.8,0.0
4740,12.784,ok,32.133,2240.188,5.0,39.8,0.0
4741,11.998,ok,32.133,2240.188,5.0,39.8,0.0
4742,11.785,ok,32.133,2240.188,5.0,39.8,0.0
4743,11.795,ok,32.133,2240.188,5.0,39.8,0.0
4744,11.384,ok,32.133,2240.188,5.0,39.8,0.0
4745,11.918,ok,32.133,2240.188,5.0,39.8,0.0
4746,12.018,ok,32.133,2240.188,5.0,39.8,0.0
4747,12.128,ok,32.133,2240.188,5.0,39.8,0.0
4748,11.963,ok,32.133,2240.188,5.0,39.8,0.0
4749,12.501,ok,32.133,2240.188,5.0,39.8,0.0
4750,12.577,ok,32.133,2240.188,5.0,39.8,0.0
4751,12.248,ok,32.133,2240.188,5.0,39.8,0.0
4752,12.222,ok,32.133,2240.188,5.0,39.8,0.0
4753,12.748,ok,32.133,2240.188,5.0,39.8,0.0
4754,12.544,ok,32.133,2240.188,5.0,39.8,0.0
4755,12.688,ok,32.133,2240.188,5.0,39.8,0.0
4756,12.679,ok,32.133,2240.188,5.0,39.8,0.0
4757,13.167,ok,32.133,2240.188,5.0,39.8,0.0
4758,12.866,ok,32.133,2240.188,5.0,39.8,0.0
4759,12.285,ok,32.133,2240.188,5.0,39.8,0.0
4760,12.290,ok,32.133,2240.188,5.0,39.8,0.0
4761,12.232,ok,32.133,2240.188,5.0,39.8,0.0
4762,12.189,ok,32.133,2240.188,5.0,39.8,0.0
4763,12.504,ok,32.133,2240.188,5.0,39.8,0.0
4764,12.082,ok,32.133,2240.188,5.0,39.8,0.0
4765,11.852,ok,32.133,2240.188,5.0,39.8,0.0
4766,11.217,ok,32.133,2240.188,5.0,39.8,0.0
4767,11.922,ok,32.133,2240.188,5.0,39.8,0.0
4768,11.969,ok,32.133,2240.188,5.0,39.8,0.0
4769,11.707,ok,32.133,2240.188,5.0,39.8,0.0
4770,11.909,ok,32.133,2240.188,0.0,39.8,0.0
4771,11.799,ok,32.133,2240.188,0.0,39.8,0.0
4772,12.204,ok,32.133,2240.188,0.0,39.8,0.0
4773,12.106,ok,32.133,2240.188,0.0,39.8,0.0
4774,12.152,ok,32.133,2240.188,0.0,39.8,0.0
4775,12.092,ok,32.133,2240.188,0.0,39.8,0.0
4776,11.493,ok,32.133,2240.188,0.0,39.8,0.0
4777,12.011,ok,32.133,2240.188,0.0,39.8,0.0
4778,11.563,ok,32.133,2240.188,0.0,39.8,0.0
4779,11.478,ok,32.133,2240.188,0.0,39.8,0.0
4780,11.968,ok,32.133,2240.188,0.0,39.8,0.0
4781,12.680,ok,32.133,2240.188,0.0,39.8,0.0
4782,12.533,ok,32.133,2240.188,0.0,39.8,0.0
4783,11.941,ok,32.133,2240.188,0.0,39.8,0.0
4784,11.549,ok,32.133,2240.188,0.0,39.8,0.0
4785,11.716,ok,32.133,2240.188,0.0,39.8,0.0
4786,12.170,ok,32.133,2240.188,0.0,39.8,0.0
4787,12.144,ok,32.137,2240.188,0.0,39.8,0.0
4788,11.810,ok,32.137,2240.188,0.0,39.8,0.0
4789,11.982,ok,32.137,2240.188,0.0,39.8,0.0
4790,11.809,ok,32.137,2240.188,0.0,39.8,0.0
4791,11.492,ok,32.137,2240.188,0.0,39.8,0.0
4792,11.606,ok,32.137,2240.188,0.0,39.8,0.0
4793,12.268,ok,32.137,2240.188,0.0,39.8,0.0
4794,12.055,ok,32.137,2240.188,0.0,39.8,0.0
4795,12.335,ok,32.137,2240.188,0.0,39.8,0.0
4796,12.629,ok,32.137,2240.188,0.0,39.8,0.0
4797,12.528,ok,32.137,2240.188,0.0,39.8,0.0
4798,11.943,ok,32.137,2240.188,0.0,39.8,0.0
4799,11.330,ok,32.137,2240.188,0.0,39.8,0.0
4800,12.129,ok,32.137,2240.188,0.0,39.8,0.0
4801,11.585,ok,32.137,2240.188,0.0,39.8,0.0
4802,11.520,ok,32.137,2240.188,0.0,39.8,0.0
4803,12.155,ok,32.137,2240.188,5.0,39.8,0.0
4804,11.989,ok,32.137,2240.188,5.0,39.8,0.0
4805,12.258,ok,32.137,2240.188,5.0,39.8,0.0
4806,12.555,ok,32.137,2240.188,5.0,39.8,0.0
4807,12.447,ok,32.137,2240.188,5.0,39.8,0.0
4808,12.848,ok,32.137,2240.188,5.0,39.8,0.0
4809,12.343,ok,32.137,2240.188,5.0,39.8,0.0
4810,12.297,ok,32.137,2240.188,5.0,39.8,0.0
4811,12.014,ok,32.137,2240.188,5.0,39.8,0.0
4812,11.876,ok,32.137,2240.188,5.0,39.8,0.0
4813,11.933,ok,32.137,2240.188,5.0,39.8,0.0
4814,12.319,ok,32.137,2240.188,5.0,39.8,0.0
4815,12.230,ok,32.137,2240.188,5.0,39.8,0.0
4816,11.825,ok,32.137,2240.188,5.0,39.8,0.0
4817,11.828,ok,32.137,2240.188,5.0,39.8,0.0
4818,11.616,ok,32.137,2240.188,5.0,39.8,0.0
4819,11.749,ok,32.137,2240.188,5.0,39.8,0.0
4820,11.382,ok,32.137,2240.188,0.0,39.8,0.0
4821,11.720,ok,32.137,2240.188,0.0,39.8,0.0
4822,12.069,ok,32.137,2240.188,0.0,39.8,0.0
4823,11.302,ok,32.137,2240.188,0.0,39.8,0.0
4824,11.952,ok,32.137,2240.188,0.0,39.8,0.0
4825,12.374,ok,32.137,2240.188,0.0,39.8,0.0
4826,12.066,ok,32.137,2240.188,0.0,39.8,0.0
4827,12.256,ok,32.137,2240.188,0.0,39.8,0.0
4828,12.470,ok,32.137,2240.188,0.0,39.8,0.0
4829,12.238,ok,32.137,2240.188,0.0,39.8,0.0
4830,12.177,ok,32.137,2240.188,0.0,39.8,0.0
4831,12.077,ok,32.137,2240.188,0.0,39.8,0.0
4832,12.591,ok,32.137,2240.188,0.0,39.8,0.0
4833,11.960,ok,32.137,2240.188,0.0,39.8,0.0
4834,11.996,ok,32.137,2240.188,0.0,39.8,0.0
4835,11.486,ok,32.137,2240.188,0.0,39.8,0.0
4836,12.372,ok,32.137,2240.188,0.0,39.8,0.0
4837,12.081,ok,32.137,2240.188,0.0,39.8,0.0
4838,11.233,ok,32.137,2240.188,0.0,39.8,0.0
4839,11.387,ok,32.137,2240.188,0.0,39.8,0.0
4840,11.625,ok,32.137,2240.188,0.0,39.8,0.0
4841,11.651,ok,32.137,2240.188,0.0,39.8,0.0
4842,11.381,ok,32.137,2240.188,0.0,39.8,0.0
4843,11.477,ok,32.137,2240.188,0.0,39.8,0.0
4844,11.552,ok,32.137,2240.188,0.0,39.8,0.0
4845,11.795,ok,32.137,2240.188,0.0,39.8,0.0
4846,11.714,ok,32.137,2240.188,0.0,39.8,0.0
4847,12.068,ok,32.137,2240.188,0.0,39.8,0.0
4848,11.683,ok,32.137,2240.188,0.0,39.8,0.0
4849,11.748,ok,32.137,2240.188,0.0,39.8,0.0
4850,12.358,ok,32.137,2240.188,0.0,39.8,0.0
4851,12.101,ok,32.137,2240.188,0.0,39.8,0.0
4852,11.938,ok,32.137,2240.188,0.0,39.8,0.0
4853,11.576,ok,32.141,2240.188,10.1,39.8,0.0
4854,11.444,ok,32.141,2240.188,10.1,39.8,0.0
4855,11.303,ok,32.141,2240.188,10.1,39.8,0.0
4856,12.379,ok,32.141,2240.188,10.1,39.8,0.0
4857,11.930,ok,32.141,2240.188,10.1,39.8,0.0
4858,11.941,ok,32.141,2240.188,10.1,39.8,0.0
4859,11.347,ok,32.141,2240.188,10.1,39.8,0.0
4860,11.483,ok,32.141,2240.188,10.1,39.8,0.0
4861,11.222,ok,32.141,2240.188,10.1,39.8,0.0
4862,11.746,ok,32.141,2240.188,10.1,39.8,0.0
4863,11.973,ok,32.141,2240.188,10.1,39.8,0.0
4864,11.599,ok,32.141,2240.188,10.1,39.8,0.0
4865,11.447,ok,32.141,2240.188,10.1,39.8,0.0
4866,12.204,ok,32.141,2240.188,10.1,39.8,0.0
4867,11.979,ok,32.141,2240.188,10.1,39.8,0.0
4868,11.969,ok,32.141,2240.188,10.1,39.8,0.0
4869,11.300,ok,32.141,2240.188,10.1,39.8,0.0
4870,11.597,ok,32.141,2240.188,10.1,39.8,0.0
4871,11.668,ok,32.141,2240.188,0.0,39.8,0.0
4872,11.390,ok,32.141,2240.188,0.0,39.8,0.0
4873,11.362,ok,32.141,2240.188,0.0,39.8,0.0
4874,11.852,ok,32.141,2240.188,0.0,39.8,0.0
4875,11.440,ok,32.141,2240.188,0.0,39.8,0.0
4876,11.806,ok,32.141,2240.188,0.0,39.8,0.0
4877,12.037,ok,32.141,2240.188,0.0,39.8,0.0
4878,12.164,ok,32.141,2240.188,0.0,39.8,0.0
4879,13.019,ok,32.141,2240.188,0.0,39.8,0.0
4880,12.041,ok,32.141,2240.188,0.0,39.8,0.0
4881,12.970,ok,32.141,2240.188,0.0,39.8,0.0
4882,12.612,ok,32.141,2240.188,0.0,39.8,0.0
4883,12.807,ok,32.141,2240.188,0.0,39.8,0.0
4884,12.900,ok,32.141,2240.188,0.0,39.8,0.0
4885,12.309,ok,32.141,2240.188,0.0,39.8,0.0
4886,11.948,ok,32.141,2240.188,0.0,39.8,0.0
4887,12.199,ok,32.145,2240.188,0.0,39.8,0.0
4888,12.537,ok,32.145,2240.188,0.0,39.8,0.0
4889,12.637,ok,32.145,2240.188,0.0,39.8,0.0
4890,12.750,ok,32.145,2240.188,0.0,39.8,0.0
4891,12.528,ok,32.145,2240.188,0.0,39.8,0.0
4892,12.315,ok,32.145,2240.188,0.0,39.8,0.0
4893,12.867,ok,32.145,2240.188,0.0,39.8,0.0
4894,12.768,ok,32.145,2240.188,0.0,39.8,0.0
4895,12.841,ok,32.145,2240.188,0.0,39.8,0.0
4896,12.702,ok,32.145,2240.188,0.0,39.8,0.0
4897,12.746,ok,32.145,2240.188,0.0,39.8,0.0
4898,12.988,ok,32.145,2240.188,0.0,39.8,0.0
4899,12.865,ok,32.145,2240.188,0.0,39.8,0.0
4900,13.065,ok,32.145,2240.188,0.0,39.8,0.0
4901,12.946,ok,32.145,2240.188,0.0,39.8,0.0
4902,12.738,ok,32.145,2240.188,0.0,39.8,0.0
4903,12.539,ok,32.148,2240.188,0.0,39.8,0.0
4904,11.541,ok,32.148,2240.188,0.0,39.8,0.0
4905,12.304,ok,32.148,2240.188,0.0,39.8,0.0
4906,12.203,ok,32.148,2240.188,0.0,39.8,0.0
4907,12.505,ok,32.148,2240.188,0.0,39.8,0.0
4908,12.373,ok,32.148,2240.188,0.0,39.8,0.0
4909,12.174,ok,32.148,2240.188,0.0,39.8,0.0
4910,12.217,ok,32.148,2240.188,0.0,39.8,0.0
4911,12.132,ok,32.148,2240.188,0.0,39.8,0.0
4912,11.999,ok,32.148,2240.188,0.0,39.8,0.0
4913,12.545,ok,32.148,2240.188,0.0,39.8,0.0
4914,12.386,ok,32.148,2240.188,0.0,39.8,0.0
4915,12.778,ok,32.148,2240.188,0.0,39.8,0.0
4916,11.736,ok,32.148,2240.188,0.0,39.8,0.0
4917,11.888,ok,32.148,2240.188,0.0,39.8,0.0
4918,11.959,ok,32.148,2240.188,0.0,39.8,0.0
4919,12.498,ok,32.148,2240.188,10.0,39.8,0.0
4920,12.120,ok,32.148,2240.188,10.0,39.8,0.0
4921,12.698,ok,32.148,2240.188,10.0,39.8,0.0
4922,12.858,ok,32.148,2240.188,10.0,39.8,0.0
4923,13.051,ok,32.148,2240.188,10.0,39.8,0.0
4924,13.040,ok,32.148,2240.188,10.0,39.8,0.0
4925,13.006,ok,32.148,2240.188,10.0,39.8,0.0
4926,12.823,ok,32.148,2240.188,10.0,39.8,0.0
4927,12.578,ok,32.148,2240.188,10.0,39.8,0.0
4928,12.724,ok,32.148,2240.188,10.0,39.8,0.0
4929,12.656,ok,32.148,2240.188,10.0,39.8,0.0
4930,11.914,ok,32.148,2240.188,10.0,39.8,0.0
4931,11.238,ok,32.148,2240.188,10.0,39.8,0.0
4932,11.753,ok,32.148,2240.188,10.0,39.8,0.0
4933,11.916,ok,32.148,2240.188,10.0,39.8,0.0
4934,11.606,ok,32.148,2240.188,10.0,39.8,0.0
4935,11.562,ok,32.148,2240.188,0.0,39.8,0.0
4936,11.381,ok,32.148,2240.188,0.0,39.8,0.0
4937,11.115,ok,32.148,2240.188,0.0,39.8,0.0
4938,11.420,ok,32.148,2240.188,0.0,39.8,0.0
4939,11.423,ok,32.148,2240.188,0.0,39.8,0.0
4940,11.514,ok,32.148,2240.188,0.0,39.8,0.0
4941,11.408,ok,32.148,2240.188,0.0,39.8,0.0
4942,11.643,ok,32.148,2240.188,0.0,39.8,0.0
4943,11.571,ok,32.148,2240.188,0.0,39.8,0.0
4944,11.881,ok,32.148,2240.188,0.0,39.8,0.0
4945,11.860,ok,32.148,2240.188,0.0,39.8,0.0
4946,11.536,ok,32.148,2240.188,0.0,39.8,0.0
4947,11.481,ok,32.148,2240.188,0.0,39.8,0.0
4948,11.064,ok,32.148,2240.188,0.0,39.8,0.0
4949,11.206,ok,32.148,2240.188,0.0,39.8,0.0
4950,11.313,ok,32.148,2240.188,0.0,39.8,0.0
4951,11.642,ok,32.148,2240.188,0.0,39.8,0.0
4952,11.208,ok,32.148,2240.188,0.0,39.8,0.0
4953,11.994,ok,32.152,2240.188,5.0,39.8,0.0
4954,12.353,ok,32.152,2240.188,5.0,39.8,0.0
4955,12.579,ok,32.152,2240.188,5.0,39.8,0.0
4956,11.446,ok,32.152,2240.188,5.0,39.8,0.0
4957,11.279,ok,32.152,2240.188,5.0,39.8,0.0
4958,11.192,ok,32.152,2240.188,5.0,39.8,0.0
4959,11.608,ok,32.152,2240.188,5.0,39.8,0.0
4960,12.157,ok,32.152,2240.188,5.0,39.8,0.0
4961,12.593,ok,32.152,2240.188,5.0,39.8,0.0
4962,12.723,ok,32.152,2240.188,5.0,39.8,0.0
4963,12.148,ok,32.152,2240.188,5.0,39.8,0.0
4964,13.029,ok,32.152,2240.188,5.0,39.8,0.0
4965,12.400,ok,32.152,2240.188,5.0,39.8,0.0
4966,12.345,ok,32.152,2240.188,5.0,39.8,0.0
4967,12.142,ok,32.152,2240.188,5.0,39.8,0.0
4968,12.125,ok,32.152,2240.188,5.0,39.8,0.0
4969,12.411,ok,32.152,2240.188,0.0,39.8,0.0
4970,12.433,ok,32.152,2240.188,0.0,39.8,0.0
4971,12.292,ok,32.152,2240.188,0.0,39.8,0.0
4972,12.050,ok,32.152,2240.188,0.0,39.8,0.0
4973,12.083,ok,32.152,2240.188,0.0,39.8,0.0
4974,12.283,ok,32.152,2240.188,0.0,39.8,0.0
4975,11.714,ok,32.152,2240.188,0.0,39.8,0.0
4976,12.429,ok,32.152,2240.188,0.0,39.8,0.0
4977,12.269,ok,32.152,2240.188,0.0,39.8,0.0
4978,11.541,ok,32.152,2240.188,0.0,39.8,0.0
4979,11.490,ok,32.152,2240.188,0.0,39.8,0.0
4980,12.425,ok,32.152,2240.188,0.0,39.8,0.0
4981,12.120,ok,32.152,2240.188,0.0,39.8,0.0
4982,11.936,ok,32.152,2240.188,0.0,39.8,0.0
4983,11.710,ok,32.152,2240.188,0.0,39.8,0.0
4984,11.874,ok,32.152,2240.188,0.0,39.8,0.0
4985,12.110,ok,32.152,2240.188,0.0,39.8,0.0
4986,12.079,ok,32.152,2240.188,0.0,39.8,0.0
4987,12.271,ok,32.152,2240.188,0.0,39.8,0.0
4988,12.181,ok,32.152,2240.188,0.0,39.8,0.0
4989,12.067,ok,32.152,2240.188,0.0,39.8,0.0
4990,11.797,ok,32.152,2240.188,0.0,39.8,0.0
4991,11.731,ok,32.152,2240.188,0.0,39.8,0.0
4992,12.013,ok,32.152,2240.188,0.0,39.8,0.0
4993,11.539,ok,32.152,2240.188,0.0,39.8,0.0
4994,11.739,ok,32.152,2240.188,0.0,39.8,0.0
4995,11.156,ok,32.152,2240.188,0.0,39.8,0.0
4996,11.455,ok,32.152,2240.188,0.0,39.8,0.0
4997,11.296,ok,32.152,2240.188,0.0,39.8,0.0
4998,11.247,ok,32.152,2240.188,0.0,39.8,0.0
4999,11.180,ok,32.152,2240.188,0.0,39.8,0.0
5000,11.162,ok,32.152,2240.188,0.0,39.8,0.0
5001,11.571,ok,32.152,2240.188,0.0,39.8,0.0
5002,11.608,ok,32.152,2240.188,0.0,39.8,0.0
5003,11.202,ok,32.152,2240.188,0.0,39.8,0.0
5004,11.339,ok,32.152,2240.188,0.0,39.8,0.0
5005,11.730,ok,32.152,2240.188,0.0,39.8,0.0
5006,11.124,ok,32.152,2240.188,0.0,39.8,0.0
5007,11.800,ok,32.152,2240.188,0.0,39.8,0.0
5008,12.153,ok,32.152,2240.188,0.0,39.8,0.0
5009,11.629,ok,32.152,2240.188,0.0,39.8,0.0
5010,12.083,ok,32.152,2240.188,0.0,39.8,0.0
5011,11.718,ok,32.152,2240.188,0.0,39.8,0.0
5012,11.971,ok,32.152,2240.188,0.0,39.8,0.0
5013,11.388,ok,32.152,2240.188,0.0,39.8,0.0
5014,11.737,ok,32.152,2240.188,0.0,39.8,0.0
5015,12.709,ok,32.152,2240.188,0.0,39.8,0.0
5016,12.391,ok,32.152,2240.188,0.0,39.8,0.0
5017,11.364,ok,32.152,2240.188,0.0,39.8,0.0
5018,11.589,ok,32.152,2240.188,0.0,39.8,0.0
5019,11.691,ok,32.152,2240.188,0.0,39.8,0.0
5020,11.207,ok,32.156,2240.188,5.0,39.8,0.0
5021,11.343,ok,32.156,2240.188,5.0,39.8,0.0
5022,12.491,ok,32.156,2240.188,5.0,39.8,0.0
5023,12.127,ok,32.156,2240.188,5.0,39.8,0.0
5024,11.831,ok,32.156,2240.188,5.0,39.8,0.0
5025,11.893,ok,32.156,2240.188,5.0,39.8,0.0
5026,11.980,ok,32.156,2240.188,5.0,39.8,0.0
5027,12.103,ok,32.156,2240.188,5.0,39.8,0.0
5028,12.385,ok,32.156,2240.188,5.0,39.8,0.0
5029,12.085,ok,32.156,2240.188,5.0,39.8,0.0
5030,11.939,ok,32.156,2240.188,5.0,39.8,0.0
5031,11.571,ok,32.156,2240.188,5.0,39.8,0.0
5032,12.310,ok,32.156,2240.188,5.0,39.8,0.0
5033,12.447,ok,32.156,2240.188,5.0,39.8,0.0
5034,11.940,ok,32.156,2240.188,5.0,39.8,0.0
5035,12.092,ok,32.156,2240.188,5.0,39.8,0.0
5036,12.127,ok,32.156,2240.188,5.0,39.8,0.0
5037,12.133,ok,32.160,2240.188,5.0,39.8,0.0
5038,12.137,ok,32.160,2240.188,5.0,39.8,0.0
5039,12.170,ok,32.160,2240.188,5.0,39.8,0.0
5040,12.812,ok,32.160,2240.188,5.0,39.8,0.0
5041,12.255,ok,32.160,2240.188,5.0,39.8,0.0
5042,12.108,ok,32.160,2240.188,5.0,39.8,0.0
5043,11.580,ok,32.160,2240.188,5.0,39.8,0.0
5044,11.963,ok,32.160,2240.188,5.0,39.8,0.0
5045,12.101,ok,32.160,2240.188,5.0,39.8,0.0
5046,12.619,ok,32.160,2240.188,5.0,39.8,0.0
5047,12.191,ok,32.160,2240.188,5.0,39.8,0.0
5048,12.438,ok,32.160,2240.188,5.0,39.8,0.0
5049,11.905,ok,32.160,2240.188,5.0,39.8,0.0
5050,12.094,ok,32.160,2240.188,5.0,39.8,0.0
5051,12.865,ok,32.160,2240.188,5.0,39.8,0.0
5052,12.004,ok,32.160,2240.188,5.0,39.8,0.0
5053,12.042,ok,32.160,2240.188,0.0,39.8,0.0
5054,12.334,ok,32.160,2240.188,0.0,39.8,0.0
5055,12.589,ok,32.160,2240.188,0.0,39.8,0.0
5056,12.753,ok,32.160,2240.188,0.0,39.8,0.0
5057,11.954,ok,32.160,2240.188,0.0,39.8,0.0
5058,11.505,ok,32.160,2240.188,0.0,39.8,0.0
5059,12.193,ok,32.160,2240.188,0.0,39.8,0.0
5060,12.132,ok,32.160,2240.188,0.0,39.8,0.0
5061,12.081,ok,32.160,2240.188,0.0,39.8,0.0
5062,12.043,ok,32.160,2240.188,0.0,39.8,0.0
5063,12.066,ok,32.160,2240.188,0.0,39.8,0.0
5064,11.969,ok,32.160,2240.188,0.0,39.8,0.0
5065,12.364,ok,32.160,2240.188,0.0,39.8,0.0
5066,11.840,ok,32.160,2240.188,0.0,39.8,0.0
5067,11.647,ok,32.160,2240.188,0.0,39.8,0.0
5068,12.340,ok,32.160,2240.188,0.0,39.8,0.0
5069,11.759,ok,32.160,2240.188,0.0,39.8,0.0
5070,11.764,ok,32.164,2240.188,5.0,39.8,0.0
5071,11.350,ok,32.164,2240.188,5.0,39.8,0.0
5072,11.423,ok,32.164,2240.188,5.0,39.8,0.0
5073,11.906,ok,32.164,2240.188,5.0,39.8,0.0
5074,11.588,ok,32.164,2240.188,5.0,39.8,0.0
5075,11.971,ok,32.164,2240.188,5.0,39.8,0.0
5076,12.031,ok,32.164,2240.188,5.0,39.8,0.0
5077,11.610,ok,32.164,2240.188,5.0,39.8,0.0
5078,11.893,ok,32.164,2240.188,5.0,39.8,0.0
5079,11.850,ok,32.164,2240.188,5.0,39.8,0.0
5080,12.286,ok,32.164,2240.188,5.0,39.8,0.0
5081,12.122,ok,32.164,2240.188,5.0,39.8,0.0
5082,12.158,ok,32.164,2240.188,5.0,39.8,0.0
5083,11.211,ok,32.164,2240.188,5.0,39.8,0.0
5084,11.028,ok,32.164,2240.188,5.0,39.8,0.0
5085,11.472,ok,32.164,2240.188,5.0,39.8,0.0
5086,11.642,ok,32.164,2240.188,5.0,39.8,0.0
5087,11.773,ok,32.164,2240.188,0.0,39.8,0.0
5088,12.304,ok,32.164,2240.188,0.0,39.8,0.0
5089,12.591,ok,32.164,2240.188,0.0,39.8,0.0
5090,11.935,ok,32.164,2240.188,0.0,39.8,0.0
5091,12.548,ok,32.164,2240.188,0.0,39.8,0.0
5092,12.171,ok,32.164,2240.188,0.0,39.8,0.0
5093,11.146,ok,32.164,2240.188,0.0,39.8,0.0
5094,11.653,ok,32.164,2240.188,0.0,39.8,0.0
5095,11.598,ok,32.164,2240.188,0.0,39.8,0.0
5096,11.523,ok,32.164,2240.188,0.0,39.8,0.0
5097,11.874,ok,32.164,2240.188,0.0,39.8,0.0
5098,11.927,ok,32.164,2240.188,0.0,39.8,0.0
5099,11.989,ok,32.164,2240.188,0.0,39.8,0.0
5100,11.484,ok,32.164,2240.188,0.0,39.8,0.0
5101,11.547,ok,32.164,2240.188,0.0,39.8,0.0
5102,11.338,ok,32.164,2240.188,0.0,39.8,0.0
5103,11.348,ok,32.164,2240.188,0.0,39.8,0.0
5104,11.539,ok,32.164,2240.188,5.0,39.8,0.0
5105,11.039,ok,32.164,2240.188,5.0,39.8,0.0
5106,11.043,ok,32.164,2240.188,5.0,39.8,0.0
5107,11.963,ok,32.164,2240.188,5.0,39.8,0.0
5108,11.748,ok,32.164,2240.188,5.0,39.8,0.0
5109,11.954,ok,32.164,2240.188,5.0,39.8,0.0
5110,11.539,ok,32.164,2240.188,5.0,39.8,0.0
5111,11.587,ok,32.164,2240.188,5.0,39.8,0.0
5112,11.351,ok,32.164,2240.188,5.0,39.8,0.0
5113,11.566,ok,32.164,2240.188,5.0,39.8,0.0
5114,11.828,ok,32.164,2240.188,5.0,39.8,0.0
5115,11.918,ok,32.164,2240.188,5.0,39.8,0.0
5116,11.798,ok,32.164,2240.188,5.0,39.8,0.0
5117,11.699,ok,32.164,2240.188,5.0,39.8,0.0
5118,11.412,ok,32.164,2240.188,5.0,39.8,0.0
5119,11.754,ok,32.164,2240.188,5.0,39.8,0.0
5120,12.065,ok,32.164,2240.188,5.0,39.8,0.0
5121,11.802,ok,32.168,2240.188,0.0,39.8,0.0
5122,12.265,ok,32.168,2240.188,0.0,39.8,0.0
5123,12.465,ok,32.168,2240.188,0.0,39.8,0.0
5124,12.038,ok,32.168,2240.188,0.0,39.8,0.0
5125,13.056,ok,32.168,2240.188,0.0,39.8,0.0
5126,11.987,ok,32.168,2240.188,0.0,39.8,0.0
5127,11.949,ok,32.168,2240.188,0.0,39.8,0.0
5128,11.689,ok,32.168,2240.188,0.0,39.8,0.0
5129,12.890,ok,32.168,2240.188,0.0,39.8,0.0
5130,11.999,ok,32.168,2240.188,0.0,39.8,0.0
5131,11.823,ok,32.168,2240.188,0.0,39.8,0.0
5132,11.464,ok,32.168,2240.188,0.0,39.8,0.0
5133,11.769,ok,32.168,2240.188,0.0,39.8,0.0
5134,12.066,ok,32.168,2240.188,0.0,39.8,0.0
5135,12.008,ok,32.168,2240.188,0.0,39.8,0.0
5136,12.063,ok,32.168,2240.188,0.0,39.8,0.0
5137,11.556,ok,32.168,2240.188,0.0,39.8,0.0
5138,12.358,ok,32.168,2240.188,5.0,39.8,0.0
5139,11.489,ok,32.168,2240.188,5.0,39.8,0.0
5140,11.949,ok,32.168,2240.188,5.0,39.8,0.0
5141,12.307,ok,32.168,2240.188,5.0,39.8,0.0
5142,11.605,ok,32.168,2240.188,5.0,39.8,0.0
5143,11.737,ok,32.168,2240.188,5.0,39.8,0.0
5144,11.833,ok,32.168,2240.188,5.0,39.8,0.0
5145,12.045,ok,32.168,2240.188,5.0,39.8,0.0
5146,11.614,ok,32.168,2240.188,5.0,39.8,0.0
5147,12.298,ok,32.168,2240.188,5.0,39.8,0.0
5148,12.417,ok,32.168,2240.188,5.0,39.8,0.0
5149,11.739,ok,32.168,2240.188,5.0,39.8,0.0
5150,11.449,ok,32.168,2240.188,5.0,39.8,0.0
5151,11.936,ok,32.168,2240.188,5.0,39.8,0.0
5152,12.020,ok,32.168,2240.188,5.0,39.8,0.0
5153,11.299,ok,32.168,2240.188,5.0,39.8,0.0
5154,12.151,ok,32.168,2240.188,5.0,39.8,0.0
5155,11.492,ok,32.168,2240.188,0.0,39.8,0.0
5156,11.573,ok,32.168,2240.188,0.0,39.8,0.0
5157,11.417,ok,32.168,2240.188,0.0,39.8,0.0
5158,11.289,ok,32.168,2240.188,0.0,39.8,0.0
5159,11.221,ok,32.168,2240.188,0.0,39.8,0.0
5160,11.685,ok,32.168,2240.188,0.0,39.8,0.0
5161,11.099,ok,32.168,2240.188,0.0,39.8,0.0
5162,12.013,ok,32.168,2240.188,0.0,39.8,0.0
5163,11.979,ok,32.168,2240.188,0.0,39.8,0.0
5164,11.420,ok,32.168,2240.188,0.0,39.8,0.0
5165,11.683,ok,32.168,2240.188,0.0,39.8,0.0
5166,11.625,ok,32.168,2240.188,0.0,39.8,0.0
5167,11.404,ok,32.168,2240.188,0.0,39.8,0.0
5168,11.729,ok,32.168,2240.188,0.0,39.8,0.0
5169,11.681,ok,32.168,2240.188,0.0,39.8,0.0
5170,11.870,ok,32.168,2240.188,0.0,39.8,0.0
5171,11.958,ok,32.168,2240.188,0.0,39.8,0.0
5172,11.957,ok,32.168,2240.188,0.0,39.8,0.0
5173,11.992,ok,32.168,2240.188,0.0,39.8,0.0
5174,11.642,ok,32.168,2240.188,0.0,39.8,0.0
5175,12.443,ok,32.168,2240.188,0.0,39.8,0.0
5176,13.132,ok,32.168,2240.188,0.0,39.8,0.0
5177,11.633,ok,32.168,2240.188,0.0,39.8,0.0
5178,12.541,ok,32.168,2240.188,0.0,39.8,0.0
5179,12.664,ok,32.168,2240.188,0.0,39.8,0.0
5180,13.276,ok,32.168,2240.188,0.0,39.8,0.0
5181,13.020,ok,32.168,2240.188,0.0,39.8,0.0
5182,12.843,ok,32.168,2240.188,0.0,39.8,0.0
5183,12.855,ok,32.168,2240.188,0.0,39.8,0.0
5184,12.898,ok,32.168,2240.188,0.0,39.8,0.0
5185,12.139,ok,32.168,2240.188,0.0,39.8,0.0
5186,11.421,ok,32.168,2240.188,0.0,39.8,0.0
5187,11.965,ok,32.168,2240.188,0.0,39.8,0.0
5188,12.197,ok,32.176,2240.188,5.0,39.8,0.0
5189,12.170,ok,32.176,2240.188,5.0,39.8,0.0
5190,11.644,ok,32.176,2240.188,5.0,39.8,0.0
5191,12.060,ok,32.176,2240.188,5.0,39.8,0.0
5192,12.161,ok,32.176,2240.188,5.0,39.8,0.0
5193,11.907,ok,32.176,2240.188,5.0,39.8,0.0
5194,12.244,ok,32.176,2240.188,5.0,39.8,0.0
5195,12.371,ok,32.176,2240.188,5.0,39.8,0.0
5196,11.790,ok,32.176,2240.188,5.0,39.8,0.0
5197,12.346,ok,32.176,2240.188,5.0,39.8,0.0
5198,12.035,ok,32.176,2240.188,5.0,39.8,0.0
5199,12.805,ok,32.176,2240.188,5.0,39.8,0.0
5200,12.601,ok,32.176,2240.188,5.0,39.8,0.0
5201,12.624,ok,32.176,2240.188,5.0,39.8,0.0
5202,12.576,ok,32.176,2240.188,5.0,39.8,0.0
5203,12.859,ok,32.176,2240.188,5.0,39.8,0.0
5204,12.301,ok,32.176,2240.188,5.0,39.8,0.0
5205,12.140,ok,32.176,2240.188,5.0,39.8,0.0
5206,12.175,ok,32.176,2240.188,5.0,39.8,0.0
5207,12.460,ok,32.176,2240.188,5.0,39.8,0.0
5208,12.772,ok,32.176,2240.188,5.0,39.8,0.0
5209,12.151,ok,32.176,2240.188,5.0,39.8,0.0
5210,12.801,ok,32.176,2240.188,5.0,39.8,0.0
5211,13.394,ok,32.176,2240.188,5.0,39.8,0.0
5212,12.885,ok,32.176,2240.188,5.0,39.8,0.0
5213,12.319,ok,32.176,2240.188,5.0,39.8,0.0
5214,12.694,ok,32.176,2240.188,5.0,39.8,0.0
5215,12.579,ok,32.176,2240.188,5.0,39.8,0.0
5216,11.317,ok,32.176,2240.188,5.0,39.8,0.0
5217,11.819,ok,32.176,2240.188,5.0,39.8,0.0
5218,12.091,ok,32.176,2240.188,5.0,39.8,0.0
5219,12.033,ok,32.176,2240.188,5.0,39.8,0.0
5220,11.188,ok,32.176,2240.188,0.0,39.8,0.0
5221,12.037,ok,32.176,2240.188,0.0,39.8,0.0
5222,12.552,ok,32.176,2240.188,0.0,39.8,0.0
5223,11.484,ok,32.176,2240.188,0.0,39.8,0.0
5224,11.767,ok,32.176,2240.188,0.0,39.8,0.0
5225,11.887,ok,32.176,2240.188,0.0,39.8,0.0
5226,12.007,ok,32.176,2240.188,0.0,39.8,0.0
5227,11.971,ok,32.176,2240.188,0.0,39.8,0.0
5228,11.956,ok,32.176,2240.188,0.0,39.8,0.0
5229,11.539,ok,32.176,2240.188,0.0,39.8,0.0
5230,11.774,ok,32.176,2240.188,0.0,39.8,0.0
5231,12.108,ok,32.176,2240.188,0.0,39.8,0.0
5232,11.977,ok,32.176,2240.188,0.0,39.8,0.0
5233,12.104,ok,32.176,2240.188,0.0,39.8,0.0
5234,12.214,ok,32.176,2240.188,0.0,39.8,0.0
5235,12.159,ok,32.176,2240.188,0.0,39.8,0.0
5236,12.187,ok,32.176,2240.188,0.0,39.8,0.0
5237,11.699,ok,32.180,2240.188,0.0,39.8,0.0
5238,11.439,ok,32.180,2240.188,0.0,39.8,0.0
5239,11.748,ok,32.180,2240.188,0.0,39.8,0.0
5240,11.992,ok,32.180,2240.188,0.0,39.8,0.0
5241,11.425,ok,32.180,2240.188,0.0,39.8,0.0
5242,12.743,ok,32.180,2240.188,0.0,39.8,0.0
5243,11.947,ok,32.180,2240.188,0.0,39.8,0.0
5244,11.837,ok,32.180,2240.188,0.0,39.8,0.0
5245,11.296,ok,32.180,2240.188,0.0,39.8,0.0
5246,11.411,ok,32.180,2240.188,0.0,39.8,0.0
5247,11.846,ok,32.180,2240.188,0.0,39.8,0.0
5248,11.678,ok,32.180,2240.188,0.0,39.8,0.0
5249,11.964,ok,32.180,2240.188,0.0,39.8,0.0
5250,12.026,ok,32.180,2240.188,0.0,39.8,0.0
5251,11.771,ok,32.180,2240.188,0.0,39.8,0.0
5252,11.975,ok,32.180,2240.188,0.0,39.8,0.0
5253,11.389,ok,32.180,2240.188,0.0,39.8,0.0
5254,11.604,ok,32.180,2240.188,0.0,39.8,0.0
5255,11.630,ok,32.180,2240.188,0.0,39.8,0.0
5256,11.729,ok,32.180,2240.188,0.0,39.8,0.0
5257,11.839,ok,32.180,2240.188,0.0,39.8,0.0
5258,11.971,ok,32.180,2240.188,0.0,39.8,0.0
5259,12.056,ok,32.180,2240.188,0.0,39.8,0.0
5260,12.047,ok,32.180,2240.188,0.0,39.8,0.0
5261,12.086,ok,32.180,2240.188,0.0,39.8,0.0
5262,11.584,ok,32.180,2240.188,0.0,39.8,0.0
5263,11.683,ok,32.180,2240.188,0.0,39.8,0.0
5264,11.695,ok,32.180,2240.188,0.0,39.8,0.0
5265,11.646,ok,32.180,2240.188,0.0,39.8,0.0
5266,11.916,ok,32.180,2240.188,0.0,39.8,0.0
5267,11.456,ok,32.180,2240.188,0.0,39.8,0.0
5268,11.782,ok,32.180,2240.188,0.0,39.8,0.0
5269,11.517,ok,32.180,2240.188,0.0,39.8,0.0
5270,11.610,ok,32.180,2240.188,0.0,39.8,0.0
5271,11.666,ok,32.180,2240.188,0.0,39.8,0.0
5272,11.146,ok,32.180,2240.188,0.0,39.8,0.0
5273,11.818,ok,32.180,2240.188,0.0,39.8,0.0
5274,11.483,ok,32.180,2240.188,0.0,39.8,0.0
5275,11.726,ok,32.180,2240.188,0.0,39.8,0.0
5276,11.691,ok,32.180,2240.188,0.0,39.8,0.0
5277,11.773,ok,32.180,2240.188,0.0,39.8,0.0
5278,11.636,ok,32.180,2240.188,0.0,39.8,0.0
5279,11.835,ok,32.180,2240.188,0.0,39.8,0.0
5280,12.113,ok,32.180,2240.188,0.0,39.8,0.0
5281,12.237,ok,32.180,2240.188,0.0,39.8,0.0
5282,11.744,ok,32.180,2240.188,0.0,39.8,0.0
5283,11.728,ok,32.180,2240.188,0.0,39.8,0.0
5284,12.353,ok,32.180,2240.188,0.0,39.8,0.0
5285,11.949,ok,32.180,2240.188,0.0,39.8,0.0
5286,12.188,ok,32.180,2240.188,0.0,39.8,0.0
5287,12.083,ok,32.180,2240.188,0.0,39.8,0.0
5288,12.079,ok,32.180,2240.188,5.0,39.8,0.0
5289,11.906,ok,32.180,2240.188,5.0,39.8,0.0
5290,11.718,ok,32.180,2240.188,5.0,39.8,0.0
5291,12.261,ok,32.180,2240.188,5.0,39.8,0.0
5292,11.411,ok,32.180,2240.188,5.0,39.8,0.0
5293,11.482,ok,32.180,2240.188,5.0,39.8,0.0
5294,11.835,ok,32.180,2240.188,5.0,39.8,0.0
5295,12.312,ok,32.180,2240.188,5.0,39.8,0.0
5296,11.374,ok,32.180,2240.188,5.0,39.8,0.0
5297,11.851,ok,32.180,2240.188,5.0,39.8,0.0
5298,11.728,ok,32.180,2240.188,5.0,39.8,0.0
5299,11.248,ok,32.180,2240.188,5.0,39.8,0.0
5300,11.631,ok,32.180,2240.188,5.0,39.8,0.0
5301,12.030,ok,32.180,2240.188,5.0,39.8,0.0
5302,11.881,ok,32.180,2240.188,5.0,39.8,0.0
5303,11.435,ok,32.180,2240.188,5.0,39.8,0.0
5304,11.948,ok,32.180,2240.188,5.0,39.8,0.0
5305,12.026,ok,32.184,2240.188,5.0,39.8,0.0
5306,11.301,ok,32.184,2240.188,5.0,39.8,0.0
5307,11.572,ok,32.184,2240.188,5.0,39.8,0.0
5308,11.381,ok,32.184,2240.188,5.0,39.8,0.0
5309,11.864,ok,32.184,2240.188,5.0,39.8,0.0
5310,11.674,ok,32.184,2240.188,5.0,39.8,0.0
5311,11.643,ok,32.184,2240.188,5.0,39.8,0.0
5312,11.741,ok,32.184,2240.188,5.0,39.8,0.0
5313,11.378,ok,32.184,2240.188,5.0,39.8,0.0
5314,11.268,ok,32.184,2240.188,5.0,39.8,0.0
5315,11.579,ok,32.184,2240.188,5.0,39.8,0.0
5316,12.054,ok,32.184,2240.188,5.0,39.8,0.0
5317,11.409,ok,32.184,2240.188,5.0,39.8,0.0
5318,11.763,ok,32.184,2240.188,5.0,39.8,0.0
5319,11.993,ok,32.184,2240.188,5.0,39.8,0.0
5320,12.087,ok,32.184,2240.188,5.0,39.8,0.0
5321,11.724,ok,32.184,2240.188,5.0,39.8,0.0
5322,12.019,ok,32.184,2240.188,0.0,39.8,0.0
5323,11.414,ok,32.184,2240.188,0.0,39.8,0.0
5324,11.753,ok,32.184,2240.188,0.0,39.8,0.0
5325,11.557,ok,32.184,2240.188,0.0,39.8,0.0
5326,11.888,ok,32.184,2240.188,0.0,39.8,0.0
5327,11.712,ok,32.184,2240.188,0.0,39.8,0.0
5328,12.123,ok,32.184,2240.188,0.0,39.8,0.0
5329,12.125,ok,32.184,2240.188,0.0,39.8,0.0
5330,11.929,ok,32.184,2240.188,0.0,39.8,0.0
5331,12.086,ok,32.184,2240.188,0.0,39.8,0.0
5332,12.708,ok,32.184,2240.188,0.0,39.8,0.0
5333,11.830,ok,32.184,2240.188,0.0,39.8,0.0
5334,11.322,ok,32.184,2240.188,0.0,39.8,0.0
5335,11.317,ok,32.184,2240.188,0.0,39.8,0.0
5336,11.736,ok,32.184,2240.188,0.0,39.8,0.0
5337,11.457,ok,32.184,2240.188,0.0,39.8,0.0
5338,12.355,ok,32.184,2240.188,0.0,39.8,0.0
5339,12.571,ok,32.188,2240.188,0.0,39.8,0.0
5340,12.377,ok,32.188,2240.188,0.0,39.8,0.0
5341,11.552,ok,32.188,2240.188,0.0,39.8,0.0
5342,11.548,ok,32.188,2240.188,0.0,39.8,0.0
5343,12.043,ok,32.188,2240.188,0.0,39.8,0.0
5344,12.263,ok,32.188,2240.188,0.0,39.8,0.0
5345,12.141,ok,32.188,2240.188,0.0,39.8,0.0
5346,11.975,ok,32.188,2240.188,0.0,39.8,0.0
5347,11.704,ok,32.188,2240.188,0.0,39.8,0.0
5348,11.720,ok,32.188,2240.188,0.0,39.8,0.0
5349,11.705,ok,32.188,2240.188,0.0,39.8,0.0
5350,12.346,ok,32.188,2240.188,0.0,39.8,0.0
5351,12.310,ok,32.188,2240.188,0.0,39.8,0.0
5352,11.817,ok,32.188,2240.188,0.0,39.8,0.0
5353,11.608,ok,32.188,2240.188,0.0,39.8,0.0
5354,11.789,ok,32.188,2240.188,0.0,39.8,0.0
5355,11.710,ok,32.188,2240.188,0.0,39.8,0.0
5356,11.812,ok,32.191,2240.188,0.0,39.8,0.0
5357,11.349,ok,32.191,2240.188,0.0,39.8,0.0
5358,11.458,ok,32.191,2240.188,0.0,39.8,0.0
5359,12.192,ok,32.191,2240.188,0.0,39.8,0.0
5360,11.845,ok,32.191,2240.188,0.0,39.8,0.0
5361,11.974,ok,32.191,2240.188,0.0,39.8,0.0
5362,12.478,ok,32.191,2240.188,0.0,39.8,0.0
5363,12.705,ok,32.191,2240.188,0.0,39.8,0.0
5364,12.962,ok,32.191,2240.188,0.0,39.8,0.0
5365,13.152,ok,32.191,2240.188,0.0,39.8,0.0
5366,11.869,ok,32.191,2240.188,0.0,39.8,0.0
5367,12.511,ok,32.191,2240.188,0.0,39.8,0.0
5368,12.947,ok,32.191,2240.188,0.0,39.8,0.0
5369,12.050,ok,32.191,2240.188,0.0,39.8,0.0
5370,12.400,ok,32.191,2240.188,0.0,39.8,0.0
5371,12.712,ok,32.191,2240.188,0.0,39.8,0.0
5372,12.306,ok,32.191,2240.188,5.0,39.8,0.0
5373,12.035,ok,32.191,2240.188,5.0,39.8,0.0
5374,11.889,ok,32.191,2240.188,5.0,39.8,0.0
5375,12.016,ok,32.191,2240.188,5.0,39.8,0.0
5376,12.152,ok,32.191,2240.188,5.0,39.8,0.0
5377,12.196,ok,32.191,2240.188,5.0,39.8,0.0
5378,12.082,ok,32.191,2240.188,5.0,39.8,0.0
5379,11.702,ok,32.191,2240.188,5.0,39.8,0.0
5380,11.899,ok,32.191,2240.188,5.0,39.8,0.0
5381,11.493,ok,32.191,2240.188,5.0,39.8,0.0
5382,11.751,ok,32.191,2240.188,5.0,39.8,0.0
5383,11.587,ok,32.191,2240.188,5.0,39.8,0.0
5384,12.103,ok,32.191,2240.188,5.0,39.8,0.0
5385,12.125,ok,32.191,2240.188,5.0,39.8,0.0
5386,12.321,ok,32.191,2240.188,5.0,39.8,0.0
5387,12.216,ok,32.191,2240.188,5.0,39.8,0.0
5388,12.097,ok,32.191,2240.188,5.0,39.8,0.0
5389,12.508,ok,32.191,2240.188,5.0,39.8,0.0
5390,12.095,ok,32.191,2240.188,5.0,39.8,0.0
5391,11.830,ok,32.191,2240.188,5.0,39.8,0.0
5392,11.752,ok,32.191,2240.188,5.0,39.8,0.0
5393,12.012,ok,32.191,2240.188,5.0,39.8,0.0
5394,11.752,ok,32.191,2240.188,5.0,39.8,0.0
5395,11.898,ok,32.191,2240.188,5.0,39.8,0.0
5396,12.301,ok,32.191,2240.188,5.0,39.8,0.0
5397,12.280,ok,32.191,2240.188,5.0,39.8,0.0
5398,11.663,ok,32.191,2240.188,5.0,39.8,0.0
5399,11.100,ok,32.191,2240.188,5.0,39.8,0.0
5400,11.880,ok,32.191,2240.188,5.0,39.8,0.0
5401,12.143,ok,32.191,2240.188,5.0,39.8,0.0
5402,11.682,ok,32.191,2240.188,5.0,39.8,0.0
5403,12.098,ok,32.191,2240.188,5.0,39.8,0.0
5404,11.834,ok,32.191,2240.188,5.0,39.8,0.0
5405,11.216,ok,32.191,2240.188,5.0,39.8,0.0
5406,11.744,ok,32.195,2240.188,0.0,39.8,0.0
5407,11.463,ok,32.195,2240.188,0.0,39.8,0.0
5408,11.557,ok,32.195,2240.188,0.0,39.8,0.0
5409,11.748,ok,32.195,2240.188,0.0,39.8,0.0
5410,12.525,ok,32.195,2240.188,0.0,39.8,0.0
5411,12.087,ok,32.195,2240.188,0.0,39.8,0.0
5412,12.122,ok,32.195,2240.188,0.0,39.8,0.0
5413,12.221,ok,32.195,2240.188,0.0,39.8,0.0
5414,12.181,ok,32.195,2240.188,0.0,39.8,0.0
5415,11.537,ok,32.195,2240.188,0.0,39.8,0.0
5416,11.627,ok,32.195,2240.188,0.0,39.8,0.0
5417,11.760,ok,32.195,2240.188,0.0,39.8,0.0
5418,12.067,ok,32.195,2240.188,0.0,39.8,0.0
5419,11.749,ok,32.195,2240.188,0.0,39.8,0.0
5420,12.280,ok,32.195,2240.188,0.0,39.8,0.0
5421,12.579,ok,32.195,2240.188,0.0,39.8,0.0
5422,12.757,ok,32.195,2240.188,0.0,39.8,0.0
5423,12.202,ok,32.195,2240.188,0.0,39.8,0.0
5424,12.348,ok,32.195,2240.188,0.0,39.8,0.0
5425,12.097,ok,32.195,2240.188,0.0,39.8,0.0
5426,12.049,ok,32.195,2240.188,0.0,39.8,0.0
5427,11.367,ok,32.195,2240.188,0.0,39.8,0.0
5428,11.916,ok,32.195,2240.188,0.0,39.8,0.0
5429,12.484,ok,32.195,2240.188,0.0,39.8,0.0
5430,12.406,ok,32.195,2240.188,0.0,39.8,0.0
5431,12.434,ok,32.195,2240.188,0.0,39.8,0.0
5432,12.402,ok,32.195,2240.188,0.0,39.8,0.0
5433,12.141,ok,32.195,2240.188,0.0,39.8,0.0
5434,12.313,ok,32.195,2240.188,0.0,39.8,0.0
5435,12.102,ok,32.195,2240.188,0.0,39.8,0.0
5436,11.151,ok,32.195,2240.188,0.0,39.8,0.0
5437,11.376,ok,32.195,2240.188,0.0,39.8,0.0
5438,11.100,ok,32.195,2240.188,0.0,39.8,0.0
5439,11.609,ok,32.195,2240.188,5.0,39.8,0.0
5440,11.673,ok,32.195,2240.188,5.0,39.8,0.0
5441,11.574,ok,32.195,2240.188,5.0,39.8,0.0
5442,12.364,ok,32.195,2240.188,5.0,39.8,0.0
5443,11.930,ok,32.195,2240.188,5.0,39.8,0.0
5444,12.122,ok,32.195,2240.188,5.0,39.8,0.0
5445,11.978,ok,32.195,2240.188,5.0,39.8,0.0
5446,11.574,ok,32.195,2240.188,5.0,39.8,0.0
5447,11.972,ok,32.195,2240.188,5.0,39.8,0.0
5448,12.384,ok,32.195,2240.188,5.0,39.8,0.0
5449,11.996,ok,32.195,2240.188,5.0,39.8,0.0
5450,12.124,ok,32.195,2240.188,5.0,39.8,0.0
5451,11.551,ok,32.195,2240.188,5.0,39.8,0.0
5452,11.286,ok,32.195,2240.188,5.0,39.8,0.0
5453,11.347,ok,32.195,2240.188,5.0,39.8,0.0
5454,12.262,ok,32.195,2240.188,5.0,39.8,0.0
5455,11.244,ok,32.195,2240.188,5.0,39.8,0.0
5456,11.537,ok,32.195,2240.188,0.0,39.8,0.0
5457,11.409,ok,32.195,2240.188,0.0,39.8,0.0
5458,11.793,ok,32.195,2240.188,0.0,39.8,0.0
5459,11.727,ok,32.195,2240.188,0.0,39.8,0.0
5460,12.065,ok,32.195,2240.188,0.0,39.8,0.0
5461,11.967,ok,32.195,2240.188,0.0,39.8,0.0
5462,12.028,ok,32.195,2240.188,0.0,39.8,0.0
5463,12.456,ok,32.195,2240.188,0.0,39.8,0.0
5464,12.542,ok,32.195,2240.188,0.0,39.8,0.0
5465,12.176,ok,32.195,2240.188,0.0,39.8,0.0
5466,12.144,ok,32.195,2240.188,0.0,39.8,0.0
5467,12.312,ok,32.195,2240.188,0.0,39.8,0.0
5468,12.240,ok,32.195,2240.188,0.0,39.8,0.0
5469,12.234,ok,32.195,2240.188,0.0,39.8,0.0
5470,12.242,ok,32.195,2240.188,0.0,39.8,0.0
5471,12.279,ok,32.195,2240.188,0.0,39.8,0.0
5472,12.123,ok,32.195,2240.188,0.0,39.8,0.0
5473,12.150,ok,32.203,2240.188,0.0,39.8,0.0
5474,12.148,ok,32.203,2240.188,0.0,39.8,0.0
5475,12.501,ok,32.203,2240.188,0.0,39.8,0.0
5476,12.509,ok,32.203,2240.188,0.0,39.8,0.0
5477,12.176,ok,32.203,2240.188,0.0,39.8,0.0
5478,12.231,ok,32.203,2240.188,0.0,39.8,0.0
5479,12.508,ok,32.203,2240.188,0.0,39.8,0.0
5480,11.958,ok,32.203,2240.188,0.0,39.8,0.0
5481,11.941,ok,32.203,2240.188,0.0,39.8,0.0
5482,12.231,ok,32.203,2240.188,0.0,39.8,0.0
5483,11.869,ok,32.203,2240.188,0.0,39.8,0.0
5484,11.566,ok,32.203,2240.188,0.0,39.8,0.0
5485,11.709,ok,32.203,2240.188,0.0,39.8,0.0
5486,11.863,ok,32.203,2240.188,0.0,39.8,0.0
5487,12.123,ok,32.203,2240.188,0.0,39.8,0.0
5488,11.914,ok,32.203,2240.188,0.0,39.8,0.0
5489,11.866,ok,32.203,2240.188,0.0,39.8,0.0
5490,12.249,ok,32.203,2240.188,0.0,39.8,0.0
5491,12.027,ok,32.203,2240.188,0.0,39.8,0.0
5492,11.668,ok,32.203,2240.188,0.0,39.8,0.0
5493,11.761,ok,32.203,2240.188,0.0,39.8,0.0
5494,12.201,ok,32.203,2240.188,0.0,39.8,0.0
5495,12.206,ok,32.203,2240.188,0.0,39.8,0.0
5496,12.259,ok,32.203,2240.188,0.0,39.8,0.0
5497,12.187,ok,32.203,2240.188,0.0,39.8,0.0
5498,11.744,ok,32.203,2240.188,0.0,39.8,0.0
5499,11.777,ok,32.203,2240.188,0.0,39.8,0.0
5500,11.767,ok,32.203,2240.188,0.0,39.8,0.0
5501,11.527,ok,32.203,2240.188,0.0,39.8,0.0
5502,11.424,ok,32.203,2240.188,0.0,39.8,0.0
5503,11.271,ok,32.203,2240.188,0.0,39.8,0.0
5504,11.717,ok,32.203,2240.188,0.0,39.8,0.0
5505,11.846,ok,32.203,2240.188,0.0,39.8,0.0
5506,11.884,ok,32.203,2240.188,5.0,39.8,0.0
5507,11.996,ok,32.203,2240.188,5.0,39.8,0.0
5508,12.033,ok,32.203,2240.188,5.0,39.8,0.0
5509,11.943,ok,32.203,2240.188,5.0,39.8,0.0
5510,12.471,ok,32.203,2240.188,5.0,39.8,0.0
5511,12.510,ok,32.203,2240.188,5.0,39.8,0.0
5512,12.133,ok,32.203,2240.188,5.0,39.8,0.0
5513,12.511,ok,32.203,2240.188,5.0,39.8,0.0
5514,12.306,ok,32.203,2240.188,5.0,39.8,0.0
5515,12.584,ok,32.203,2240.188,5.0,39.8,0.0
5516,11.823,ok,32.203,2240.188,5.0,39.8,0.0
5517,12.110,ok,32.203,2240.188,5.0,39.8,0.0
5518,12.462,ok,32.203,2240.188,5.0,39.8,0.0
5519,11.433,ok,32.203,2240.188,5.0,39.8,0.0
5520,12.059,ok,32.203,2240.188,5.0,39.8,0.0
5521,11.820,ok,32.203,2240.188,5.0,39.8,0.0
5522,11.245,ok,32.203,2240.188,5.0,39.8,0.0
5523,11.755,ok,32.207,2240.188,5.0,39.8,0.0
5524,12.255,ok,32.207,2240.188,5.0,39.8,0.0
5525,12.157,ok,32.207,2240.188,5.0,39.8,0.0
5526,11.711,ok,32.207,2240.188,5.0,39.8,0.0
5527,11.813,ok,32.207,2240.188,5.0,39.8,0.0
5528,12.820,ok,32.207,2240.188,5.0,39.8,0.0
5529,12.674,ok,32.207,2240.188,5.0,39.8,0.0
5530,12.484,ok,32.207,2240.188,5.0,39.8,0.0
5531,12.281,ok,32.207,2240.188,5.0,39.8,0.0
5532,12.869,ok,32.207,2240.188,5.0,39.8,0.0
5533,12.945,ok,32.207,2240.188,5.0,39.8,0.0
5534,12.415,ok,32.207,2240.188,5.0,39.8,0.0
5535,11.812,ok,32.207,2240.188,5.0,39.8,0.0
5536,12.551,ok,32.207,2240.188,5.0,39.8,0.0
5537,12.274,ok,32.207,2240.188,5.0,39.8,0.0
5538,12.182,ok,32.207,2240.188,5.0,39.8,0.0
5539,12.340,ok,32.211,2240.188,0.0,39.8,0.0
5540,12.089,ok,32.211,2240.188,0.0,39.8,0.0
5541,12.019,ok,32.211,2240.188,0.0,39.8,0.0
5542,11.328,ok,32.211,2240.188,0.0,39.8,0.0
5543,11.507,ok,32.211,2240.188,0.0,39.8,0.0
5544,11.795,ok,32.211,2240.188,0.0,39.8,0.0
5545,11.520,ok,32.211,2240.188,0.0,39.8,0.0
5546,11.962,ok,32.211,2240.188,0.0,39.8,0.0
5547,12.289,ok,32.211,2240.188,0.0,39.8,0.0
5548,12.461,ok,32.211,2240.188,0.0,39.8,0.0
5549,12.580,ok,32.211,2240.188,0.0,39.8,0.0
5550,12.143,ok,32.211,2240.188,0.0,39.8,0.0
5551,12.913,ok,32.211,2240.188,0.0,39.8,0.0
5552,12.493,ok,32.211,2240.188,0.0,39.8,0.0
5553,12.132,ok,32.211,2240.188,0.0,39.8,0.0
5554,11.973,ok,32.211,2240.188,0.0,39.8,0.0
5555,11.416,ok,32.211,2240.188,0.0,39.8,0.0
5556,12.149,ok,32.211,2240.188,0.0,39.8,0.0
5557,12.208,ok,32.211,2240.188,0.0,39.8,0.0
5558,12.566,ok,32.211,2240.188,0.0,39.8,0.0
5559,13.071,ok,32.211,2240.188,0.0,39.8,0.0
5560,12.038,ok,32.211,2240.188,0.0,39.8,0.0
5561,11.989,ok,32.211,2240.188,0.0,39.8,0.0
5562,12.950,ok,32.211,2240.188,0.0,39.8,0.0
5563,12.095,ok,32.211,2240.188,0.0,39.8,0.0
5564,12.922,ok,32.211,2240.188,0.0,39.8,0.0
5565,11.980,ok,32.211,2240.188,0.0,39.8,0.0
5566,12.234,ok,32.211,2240.188,0.0,39.8,0.0
5567,12.733,ok,32.211,2240.188,0.0,39.8,0.0
5568,12.558,ok,32.211,2240.188,0.0,39.8,0.0
5569,12.403,ok,32.211,2240.188,0.0,39.8,0.0
5570,13.073,ok,32.211,2240.188,0.0,39.8,0.0
5571,12.462,ok,32.211,2240.188,0.0,39.8,0.0
5572,12.977,ok,32.211,2240.188,10.0,39.8,0.0
5573,12.752,ok,32.211,2240.188,10.0,39.8,0.0
5574,12.922,ok,32.211,2240.188,10.0,39.8,0.0
5575,11.722,ok,32.211,2240.188,10.0,39.8,0.0
5576,11.858,ok,32.211,2240.188,10.0,39.8,0.0
5577,11.458,ok,32.211,2240.188,10.0,39.8,0.0
5578,11.538,ok,32.211,2240.188,10.0,39.8,0.0
5579,11.856,ok,32.211,2240.188,10.0,39.8,0.0
5580,12.012,ok,32.211,2240.188,10.0,39.8,0.0
5581,12.029,ok,32.211,2240.188,10.0,39.8,0.0
5582,11.856,ok,32.211,2240.188,10.0,39.8,0.0
5583,12.129,ok,32.211,2240.188,10.0,39.8,0.0
5584,11.312,ok,32.211,2240.188,10.0,39.8,0.0
5585,11.965,ok,32.211,2240.188,10.0,39.8,0.0
5586,11.868,ok,32.211,2240.188,10.0,39.8,0.0
5587,11.840,ok,32.211,2240.188,10.0,39.8,0.0
5588,12.014,ok,32.215,2240.188,0.0,39.8,0.0
5589,12.040,ok,32.215,2240.188,0.0,39.8,0.0
5590,11.601,ok,32.215,2240.188,0.0,39.8,0.0
5591,11.743,ok,32.215,2240.188,0.0,39.8,0.0
5592,11.611,ok,32.215,2240.188,0.0,39.8,0.0
5593,12.037,ok,32.215,2240.188,0.0,39.8,0.0
5594,11.870,ok,32.215,2240.188,0.0,39.8,0.0
5595,12.059,ok,32.215,2240.188,0.0,39.8,0.0
5596,11.574,ok,32.215,2240.188,0.0,39.8,0.0
5597,11.754,ok,32.215,2240.188,0.0,39.8,0.0
5598,12.247,ok,32.215,2240.188,0.0,39.8,0.0
5599,11.803,ok,32.215,2240.188,0.0,39.8,0.0
5600,11.929,ok,32.215,2240.188,0.0,39.8,0.0
5601,11.078,ok,32.215,2240.188,0.0,39.8,0.0
5602,11.042,ok,32.215,2240.188,0.0,39.8,0.0
5603,11.507,ok,32.215,2240.188,0.0,39.8,0.0
5604,11.146,ok,32.215,2240.188,0.0,39.8,0.0
5605,10.863,ok,32.215,2240.188,0.0,39.8,0.0
5606,11.723,ok,32.215,2240.188,0.0,39.8,0.0
5607,11.438,ok,32.215,2240.188,0.0,39.8,0.0
5608,11.556,ok,32.215,2240.188,0.0,39.8,0.0
5609,12.281,ok,32.215,2240.188,0.0,39.8,0.0
5610,12.322,ok,32.215,2240.188,0.0,39.8,0.0
5611,11.234,ok,32.215,2240.188,0.0,39.8,0.0
5612,11.919,ok,32.215,2240.188,0.0,39.8,0.0
5613,12.420,ok,32.215,2240.188,0.0,39.8,0.0
5614,11.235,ok,32.215,2240.188,0.0,39.8,0.0
5615,11.560,ok,32.215,2240.188,0.0,39.8,0.0
5616,11.872,ok,32.215,2240.188,0.0,39.8,0.0
5617,11.970,ok,32.215,2240.188,0.0,39.8,0.0
5618,12.574,ok,32.215,2240.188,0.0,39.8,0.0
5619,12.100,ok,32.215,2240.188,0.0,39.8,0.0
5620,12.180,ok,32.215,2240.188,0.0,39.8,0.0
5621,11.857,ok,32.215,2240.188,0.0,39.8,0.0
5622,12.294,ok,32.219,2240.188,5.0,39.8,0.0
5623,12.301,ok,32.219,2240.188,5.0,39.8,0.0
5624,12.105,ok,32.219,2240.188,5.0,39.8,0.0
5625,12.123,ok,32.219,2240.188,5.0,39.8,0.0
5626,11.848,ok,32.219,2240.188,5.0,39.8,0.0
5627,11.455,ok,32.219,2240.188,5.0,39.8,0.0
5628,11.832,ok,32.219,2240.188,5.0,39.8,0.0
5629,11.839,ok,32.219,2240.188,5.0,39.8,0.0
5630,11.872,ok,32.219,2240.188,5.0,39.8,0.0
5631,12.025,ok,32.219,2240.188,5.0,39.8,0.0
5632,12.197,ok,32.219,2240.188,5.0,39.8,0.0
5633,11.689,ok,32.219,2240.188,5.0,39.8,0.0
5634,12.142,ok,32.219,2240.188,5.0,39.8,0.0
5635,12.155,ok,32.219,2240.188,5.0,39.8,0.0
5636,11.230,ok,32.219,2240.188,5.0,39.8,0.0
5637,11.829,ok,32.219,2240.188,5.0,39.8,0.0
5638,12.124,ok,32.219,2240.188,5.0,39.8,0.0
5639,12.025,ok,32.223,2240.188,0.0,39.8,0.0
5640,11.633,ok,32.223,2240.188,0.0,39.8,0.0
5641,11.681,ok,32.223,2240.188,0.0,39.8,0.0
5642,11.515,ok,32.223,2240.188,0.0,39.8,0.0
5643,11.313,ok,32.223,2240.188,0.0,39.8,0.0
5644,11.714,ok,32.223,2240.188,0.0,39.8,0.0
5645,11.538,ok,32.223,2240.188,0.0,39.8,0.0
5646,11.934,ok,32.223,2240.188,0.0,39.8,0.0
5647,11.804,ok,32.223,2240.188,0.0,39.8,0.0
5648,11.603,ok,32.223,2240.188,0.0,39.8,0.0
5649,11.765,ok,32.223,2240.188,0.0,39.8,0.0
5650,12.147,ok,32.223,2240.188,0.0,39.8,0.0
5651,12.198,ok,32.223,2240.188,0.0,39.8,0.0
5652,11.960,ok,32.223,2240.188,0.0,39.8,0.0
5653,11.574,ok,32.223,2240.188,0.0,39.8,0.0
5654,11.814,ok,32.223,2240.188,0.0,39.8,0.0
5655,12.146,ok,32.223,2240.188,0.0,39.8,0.0
5656,12.133,ok,32.223,2240.188,0.0,39.8,0.0
5657,12.212,ok,32.223,2240.188,0.0,39.8,0.0
5658,11.636,ok,32.223,2240.188,0.0,39.8,0.0
5659,11.455,ok,32.223,2240.188,0.0,39.8,0.0
5660,11.945,ok,32.223,2240.188,0.0,39.8,0.0
5661,11.319,ok,32.223,2240.188,0.0,39.8,0.0
5662,11.817,ok,32.223,2240.188,0.0,39.8,0.0
5663,11.184,ok,32.223,2240.188,0.0,39.8,0.0
5664,11.734,ok,32.223,2240.188,0.0,39.8,0.0
5665,11.692,ok,32.223,2240.188,0.0,39.8,0.0
5666,11.873,ok,32.223,2240.188,0.0,39.8,0.0
5667,11.925,ok,32.223,2240.188,0.0,39.8,0.0
5668,11.875,ok,32.223,2240.188,0.0,39.8,0.0
5669,11.494,ok,32.223,2240.188,0.0,39.8,0.0
5670,11.949,ok,32.223,2240.188,0.0,39.8,0.0
5671,12.260,ok,32.223,2240.188,0.0,39.8,0.0
5672,11.899,ok,32.223,2240.188,0.0,39.8,0.0
5673,11.935,ok,32.223,2240.188,0.0,39.8,0.0
5674,12.137,ok,32.223,2240.188,0.0,39.8,0.0
5675,11.747,ok,32.223,2240.188,0.0,39.8,0.0
5676,11.723,ok,32.223,2240.188,0.0,39.8,0.0
5677,11.659,ok,32.223,2240.188,0.0,39.8,0.0
5678,11.382,ok,32.223,2240.188,0.0,39.8,0.0
5679,11.652,ok,32.223,2240.188,0.0,39.8,0.0
5680,11.621,ok,32.223,2240.188,0.0,39.8,0.0
5681,11.461,ok,32.223,2240.188,0.0,39.8,0.0
5682,11.164,ok,32.223,2240.188,0.0,39.8,0.0
5683,11.470,ok,32.223,2240.188,0.0,39.8,0.0
5684,11.567,ok,32.223,2240.188,0.0,39.8,0.0
5685,11.759,ok,32.223,2240.188,0.0,39.8,0.0
5686,11.360,ok,32.223,2240.188,0.0,39.8,0.0
5687,11.525,ok,32.223,2240.188,0.0,39.8,0.0
5688,11.982,ok,32.223,2240.188,0.0,39.8,0.0
5689,11.927,ok,32.223,2240.188,0.0,39.8,0.0
5690,12.182,ok,32.227,2240.188,5.0,39.8,0.0
5691,12.028,ok,32.227,2240.188,5.0,39.8,0.0
5692,11.858,ok,32.227,2240.188,5.0,39.8,0.0
5693,12.018,ok,32.227,2240.188,5.0,39.8,0.0
5694,12.021,ok,32.227,2240.188,5.0,39.8,0.0
5695,11.832,ok,32.227,2240.188,5.0,39.8,0.0
5696,11.593,ok,32.227,2240.188,5.0,39.8,0.0
5697,11.503,ok,32.227,2240.188,5.0,39.8,0.0
5698,11.227,ok,32.227,2240.188,5.0,39.8,0.0
5699,11.811,ok,32.227,2240.188,5.0,39.8,0.0
5700,11.431,ok,32.227,2240.188,5.0,39.8,0.0
5701,11.982,ok,32.227,2240.188,5.0,39.8,0.0
5702,12.317,ok,32.227,2240.188,5.0,39.8,0.0
5703,11.944,ok,32.227,2240.188,5.0,39.8,0.0
5704,12.030,ok,32.227,2240.188,5.0,39.8,0.0
5705,12.280,ok,32.227,2240.188,5.0,39.8,0.0
5706,12.550,ok,32.227,2240.188,5.0,39.8,0.0
5707,11.653,ok,32.227,2240.188,0.0,39.8,0.0
5708,12.159,ok,32.227,2240.188,0.0,39.8,0.0
5709,11.800,ok,32.227,2240.188,0.0,39.8,0.0
5710,11.937,ok,32.227,2240.188,0.0,39.8,0.0
5711,12.742,ok,32.227,2240.188,0.0,39.8,0.0
5712,13.235,ok,32.227,2240.188,0.0,39.8,0.0
5713,12.272,ok,32.227,2240.188,0.0,39.8,0.0
5714,12.699,ok,32.227,2240.188,0.0,39.8,0.0
5715,11.857,ok,32.227,2240.188,0.0,39.8,0.0
5716,12.306,ok,32.227,2240.188,0.0,39.8,0.0
5717,12.975,ok,32.227,2240.188,0.0,39.8,0.0
5718,12.946,ok,32.227,2240.188,0.0,39.8,0.0
5719,12.694,ok,32.227,2240.188,0.0,39.8,0.0
5720,12.645,ok,32.227,2240.188,0.0,39.8,0.0
5721,11.753,ok,32.227,2240.188,0.0,39.8,0.0
5722,12.388,ok,32.227,2240.188,0.0,39.8,0.0
5723,12.849,ok,32.227,2240.188,5.0,39.8,0.0
5724,12.217,ok,32.227,2240.188,5.0,39.8,0.0
5725,12.226,ok,32.227,2240.188,5.0,39.8,0.0
5726,11.801,ok,32.227,2240.188,5.0,39.8,0.0
5727,12.702,ok,32.227,2240.188,5.0,39.8,0.0
5728,12.911,ok,32.227,2240.188,5.0,39.8,0.0
5729,12.974,ok,32.227,2240.188,5.0,39.8,0.0
5730,12.167,ok,32.227,2240.188,5.0,39.8,0.0
5731,12.460,ok,32.227,2240.188,5.0,39.8,0.0
5732,12.557,ok,32.227,2240.188,5.0,39.8,0.0
5733,11.898,ok,32.227,2240.188,5.0,39.8,0.0
5734,12.806,ok,32.227,2240.188,5.0,39.8,0.0
5735,13.028,ok,32.227,2240.188,5.0,39.8,0.0
5736,12.909,ok,32.227,2240.188,5.0,39.8,0.0
5737,12.931,ok,32.227,2240.188,5.0,39.8,0.0
5738,13.273,ok,32.227,2240.188,5.0,39.8,0.0
5739,12.235,ok,32.227,2240.188,0.0,39.8,0.0
5740,13.239,ok,32.227,2240.188,0.0,39.8,0.0
5741,13.252,ok,32.227,2240.188,0.0,39.8,0.0
5742,13.028,ok,32.227,2240.188,0.0,39.8,0.0
5743,13.084,ok,32.227,2240.188,0.0,39.8,0.0
5744,13.006,ok,32.227,2240.188,0.0,39.8,0.0
5745,13.081,ok,32.227,2240.188,0.0,39.8,0.0
5746,12.769,ok,32.227,2240.188,0.0,39.8,0.0
5747,13.137,ok,32.227,2240.188,0.0,39.8,0.0
5748,12.944,ok,32.227,2240.188,0.0,39.8,0.0
5749,12.966,ok,32.227,2240.188,0.0,39.8,0.0
5750,12.279,ok,32.227,2240.188,0.0,39.8,0.0
5751,12.092,ok,32.227,2240.188,0.0,39.8,0.0
5752,11.789,ok,32.227,2240.188,0.0,39.8,0.0
5753,12.395,ok,32.227,2240.188,0.0,39.8,0.0
5754,11.843,ok,32.227,2240.188,0.0,39.8,0.0
5755,11.945,ok,32.230,2240.188,5.0,39.8,0.0
5756,12.188,ok,32.230,2240.188,5.0,39.8,0.0
5757,12.233,ok,32.230,2240.188,5.0,39.8,0.0
5758,12.727,ok,32.230,2240.188,5.0,39.8,0.0
5759,12.629,ok,32.230,2240.188,5.0,39.8,0.0
5760,12.971,ok,32.230,2240.188,5.0,39.8,0.0
5761,13.004,ok,32.230,2240.188,5.0,39.8,0.0
5762,12.961,ok,32.230,2240.188,5.0,39.8,0.0
5763,13.116,ok,32.230,2240.188,5.0,39.8,0.0
5764,12.874,ok,32.230,2240.188,5.0,39.8,0.0
5765,12.536,ok,32.230,2240.188,5.0,39.8,0.0
5766,12.873,ok,32.230,2240.188,5.0,39.8,0.0
5767,12.596,ok,32.230,2240.188,5.0,39.8,0.0
5768,12.503,ok,32.230,2240.188,5.0,39.8,0.0
5769,12.227,ok,32.230,2240.188,5.0,39.8,0.0
5770,11.974,ok,32.230,2240.188,5.0,39.8,0.0
5771,12.051,ok,32.234,2240.188,5.0,39.8,0.0
5772,12.184,ok,32.234,2240.188,5.0,39.8,0.0
5773,12.418,ok,32.234,2240.188,5.0,39.8,0.0
5774,11.831,ok,32.234,2240.188,5.0,39.8,0.0
5775,11.695,ok,32.234,2240.188,5.0,39.8,0.0
5776,11.650,ok,32.234,2240.188,5.0,39.8,0.0
5777,11.780,ok,32.234,2240.188,5.0,39.8,0.0
5778,12.087,ok,32.234,2240.188,5.0,39.8,0.0
5779,12.201,ok,32.234,2240.188,5.0,39.8,0.0
5780,12.195,ok,32.234,2240.188,5.0,39.8,0.0
5781,11.888,ok,32.234,2240.188,5.0,39.8,0.0
5782,12.051,ok,32.234,2240.188,5.0,39.8,0.0
5783,12.047,ok,32.234,2240.188,5.0,39.8,0.0
5784,11.898,ok,32.234,2240.188,5.0,39.8,0.0
5785,11.273,ok,32.234,2240.188,5.0,39.8,0.0
5786,11.771,ok,32.234,2240.188,5.0,39.8,0.0
5787,12.248,ok,32.234,2240.188,5.0,39.8,0.0
5788,12.097,ok,32.234,2240.188,0.0,39.8,0.0
5789,12.057,ok,32.234,2240.188,0.0,39.8,0.0
5790,12.257,ok,32.234,2240.188,0.0,39.8,0.0
5791,11.516,ok,32.234,2240.188,0.0,39.8,0.0
5792,11.880,ok,32.234,2240.188,0.0,39.8,0.0
5793,12.077,ok,32.234,2240.188,0.0,39.8,0.0
5794,12.116,ok,32.234,2240.188,0.0,39.8,0.0
5795,11.846,ok,32.234,2240.188,0.0,39.8,0.0
5796,12.053,ok,32.234,2240.188,0.0,39.8,0.0
5797,12.091,ok,32.234,2240.188,0.0,39.8,0.0
5798,12.095,ok,32.234,2240.188,0.0,39.8,0.0
5799,12.578,ok,32.234,2240.188,0.0,39.8,0.0
5800,11.331,ok,32.234,2240.188,0.0,39.8,0.0
5801,11.415,ok,32.234,2240.188,0.0,39.8,0.0
5802,12.227,ok,32.234,2240.188,0.0,39.8,0.0
5803,11.539,ok,32.234,2240.188,0.0,39.8,0.0
5804,12.303,ok,32.238,2240.188,0.0,39.8,0.0
5805,12.450,ok,32.238,2240.188,0.0,39.8,0.0
5806,12.239,ok,32.238,2240.188,0.0,39.8,0.0
5807,12.217,ok,32.238,2240.188,0.0,39.8,0.0
5808,12.332,ok,32.238,2240.188,0.0,39.8,0.0
5809,11.946,ok,32.238,2240.188,0.0,39.8,0.0
5810,11.989,ok,32.238,2240.188,0.0,39.8,0.0
5811,12.170,ok,32.238,2240.188,0.0,39.8,0.0
5812,12.000,ok,32.238,2240.188,0.0,39.8,0.0
5813,12.612,ok,32.238,2240.188,0.0,39.8,0.0
5814,12.529,ok,32.238,2240.188,0.0,39.8,0.0
5815,12.733,ok,32.238,2240.188,0.0,39.8,0.0
5816,12.650,ok,32.238,2240.188,0.0,39.8,0.0
5817,12.601,ok,32.238,2240.188,0.0,39.8,0.0
5818,11.695,ok,32.238,2240.188,0.0,39.8,0.0
5819,12.167,ok,32.238,2240.188,0.0,39.8,0.0
5820,12.112,ok,32.238,2240.188,0.0,39.8,0.0
5821,12.604,ok,32.238,2240.188,0.0,39.8,0.0
5822,12.369,ok,32.238,2240.188,0.0,39.8,0.0
5823,12.184,ok,32.238,2240.188,0.0,39.8,0.0
5824,12.111,ok,32.238,2240.188,0.0,39.8,0.0
5825,12.172,ok,32.238,2240.188,0.0,39.8,0.0
5826,12.112,ok,32.238,2240.188,0.0,39.8,0.0
5827,12.300,ok,32.238,2240.188,0.0,39.8,0.0
5828,11.955,ok,32.238,2240.188,0.0,39.8,0.0
5829,12.274,ok,32.238,2240.188,0.0,39.8,0.0
5830,12.312,ok,32.238,2240.188,0.0,39.8,0.0
5831,12.389,ok,32.238,2240.188,0.0,39.8,0.0
5832,11.776,ok,32.238,2240.188,0.0,39.8,0.0
5833,11.871,ok,32.238,2240.188,0.0,39.8,0.0
5834,11.806,ok,32.238,2240.188,0.0,39.8,0.0
5835,12.095,ok,32.238,2240.188,0.0,39.8,0.0
5836,11.879,ok,32.238,2240.188,0.0,39.8,0.0
5837,11.932,ok,32.238,2240.188,10.1,39.8,0.0
5838,12.101,ok,32.238,2240.188,10.1,39.8,0.0
5839,12.068,ok,32.238,2240.188,10.1,39.8,0.0
5840,12.484,ok,32.238,2240.188,10.1,39.8,0.0
5841,12.091,ok,32.238,2240.188,10.1,39.8,0.0
5842,12.449,ok,32.238,2240.188,10.1,39.8,0.0
5843,12.730,ok,32.238,2240.188,10.1,39.8,0.0
5844,12.587,ok,32.238,2240.188,10.1,39.8,0.0
5845,12.831,ok,32.238,2240.188,10.1,39.8,0.0
5846,11.743,ok,32.238,2240.188,10.1,39.8,0.0
5847,12.052,ok,32.238,2240.188,10.1,39.8,0.0
5848,12.279,ok,32.238,2240.188,10.1,39.8,0.0
5849,11.546,ok,32.238,2240.188,10.1,39.8,0.0
5850,11.443,ok,32.238,2240.188,10.1,39.8,0.0
5851,11.766,ok,32.238,2240.188,10.1,39.8,0.0
5852,11.345,ok,32.238,2240.188,10.1,39.8,0.0
5853,11.427,ok,32.238,2240.188,10.1,39.8,0.0
5854,11.498,ok,32.238,2240.188,0.0,39.8,0.0
5855,11.175,ok,32.238,2240.188,0.0,39.8,0.0
5856,11.607,ok,32.238,2240.188,0.0,39.8,0.0
5857,11.912,ok,32.238,2240.188,0.0,39.8,0.0
5858,12.051,ok,32.238,2240.188,0.0,39.8,0.0
5859,11.597,ok,32.238,2240.188,0.0,39.8,0.0
5860,11.629,ok,32.238,2240.188,0.0,39.8,0.0
5861,11.702,ok,32.238,2240.188,0.0,39.8,0.0
5862,11.726,ok,32.238,2240.188,0.0,39.8,0.0
5863,11.668,ok,32.238,2240.188,0.0,39.8,0.0
5864,11.736,ok,32.238,2240.188,0.0,39.8,0.0
5865,12.235,ok,32.238,2240.188,0.0,39.8,0.0
5866,12.094,ok,32.238,2240.188,0.0,39.8,0.0
5867,11.893,ok,32.238,2240.188,0.0,39.8,0.0
5868,12.215,ok,32.238,2240.188,0.0,39.8,0.0
5869,12.745,ok,32.238,2240.188,0.0,39.8,0.0
5870,12.061,ok,32.238,2240.188,0.0,39.8,0.0
5871,11.974,ok,32.242,2240.188,0.0,39.8,0.0
5872,11.818,ok,32.242,2240.188,0.0,39.8,0.0
5873,11.803,ok,32.242,2240.188,0.0,39.8,0.0
5874,11.570,ok,32.242,2240.188,0.0,39.8,0.0
5875,11.429,ok,32.242,2240.188,0.0,39.8,0.0
5876,11.720,ok,32.242,2240.188,0.0,39.8,0.0
5877,11.846,ok,32.242,2240.188,0.0,39.8,0.0
5878,12.143,ok,32.242,2240.188,0.0,39.8,0.0
5879,11.534,ok,32.242,2240.188,0.0,39.8,0.0
5880,11.200,ok,32.242,2240.188,0.0,39.8,0.0
5881,11.833,ok,32.242,2240.188,0.0,39.8,0.0
5882,11.107,ok,32.242,2240.188,0.0,39.8,0.0
5883,11.212,ok,32.242,2240.188,0.0,39.8,0.0
5884,11.616,ok,32.242,2240.188,0.0,39.8,0.0
5885,11.881,ok,32.242,2240.188,0.0,39.8,0.0
5886,12.170,ok,32.242,2240.188,0.0,39.8,0.0
5887,11.823,ok,32.242,2240.188,0.0,39.8,0.0
5888,12.820,ok,32.242,2240.188,5.0,39.8,0.0
5889,11.467,ok,32.242,2240.188,5.0,39.8,0.0
5890,12.129,ok,32.242,2240.188,5.0,39.8,0.0
5891,11.322,ok,32.242,2240.188,5.0,39.8,0.0
5892,11.863,ok,32.242,2240.188,5.0,39.8,0.0
5893,11.993,ok,32.242,2240.188,5.0,39.8,0.0
5894,11.969,ok,32.242,2240.188,5.0,39.8,0.0
5895,12.008,ok,32.242,2240.188,5.0,39.8,0.0
5896,11.901,ok,32.242,2240.188,5.0,39.8,0.0
5897,11.557,ok,32.242,2240.188,5.0,39.8,0.0
5898,11.462,ok,32.242,2240.188,5.0,39.8,0.0
5899,11.824,ok,32.242,2240.188,5.0,39.8,0.0
5900,12.075,ok,32.242,2240.188,5.0,39.8,0.0
5901,12.268,ok,32.242,2240.188,5.0,39.8,0.0
5902,11.701,ok,32.242,2240.188,5.0,39.8,0.0
5903,12.064,ok,32.242,2240.188,5.0,39.8,0.0
5904,11.477,ok,32.242,2240.188,5.0,39.8,0.0
5905,11.682,ok,32.246,2240.188,0.0,39.8,0.0
5906,12.003,ok,32.246,2240.188,0.0,39.8,0.0
5907,12.011,ok,32.246,2240.188,0.0,39.8,0.0
5908,11.647,ok,32.246,2240.188,0.0,39.8,0.0
5909,11.768,ok,32.246,2240.188,0.0,39.8,0.0
5910,12.141,ok,32.246,2240.188,0.0,39.8,0.0
5911,12.477,ok,32.246,2240.188,0.0,39.8,0.0
5912,12.052,ok,32.246,2240.188,0.0,39.8,0.0
5913,12.294,ok,32.246,2240.188,0.0,39.8,0.0
5914,12.624,ok,32.246,2240.188,0.0,39.8,0.0
5915,12.376,ok,32.246,2240.188,0.0,39.8,0.0
5916,12.488,ok,32.246,2240.188,0.0,39.8,0.0
5917,11.790,ok,32.246,2240.188,0.0,39.8,0.0
5918,11.950,ok,32.246,2240.188,0.0,39.8,0.0
5919,11.814,ok,32.246,2240.188,0.0,39.8,0.0
5920,11.298,ok,32.246,2240.188,0.0,39.8,0.0
5921,12.078,ok,32.250,2240.188,0.0,39.8,0.0
5922,12.275,ok,32.250,2240.188,0.0,39.8,0.0
5923,12.205,ok,32.250,2240.188,0.0,39.8,0.0
5924,12.679,ok,32.250,2240.188,0.0,39.8,0.0
5925,12.964,ok,32.250,2240.188,0.0,39.8,0.0
5926,13.163,ok,32.250,2240.188,0.0,39.8,0.0
5927,12.563,ok,32.250,2240.188,0.0,39.8,0.0
5928,12.931,ok,32.250,2240.188,0.0,39.8,0.0
5929,13.388,ok,32.250,2240.188,0.0,39.8,0.0
5930,12.541,ok,32.250,2240.188,0.0,39.8,0.0
5931,12.783,ok,32.250,2240.188,0.0,39.8,0.0
5932,13.032,ok,32.250,2240.188,0.0,39.8,0.0
5933,13.154,ok,32.250,2240.188,0.0,39.8,0.0
5934,11.603,ok,32.250,2240.188,0.0,39.8,0.0
5935,11.566,ok,32.250,2240.188,0.0,39.8,0.0
5936,11.962,ok,32.250,2240.188,0.0,39.8,0.0
5937,12.357,ok,32.250,2240.188,5.0,39.8,0.0
5938,12.151,ok,32.250,2240.188,5.0,39.8,0.0
5939,12.978,ok,32.250,2240.188,5.0,39.8,0.0
5940,13.087,ok,32.250,2240.188,5.0,39.8,0.0
5941,12.811,ok,32.250,2240.188,5.0,39.8,0.0
5942,13.460,ok,32.250,2240.188,5.0,39.8,0.0
5943,12.822,ok,32.250,2240.188,5.0,39.8,0.0
5944,12.787,ok,32.250,2240.188,5.0,39.8,0.0
5945,12.613,ok,32.250,2240.188,5.0,39.8,0.0
5946,12.487,ok,32.250,2240.188,5.0,39.8,0.0
5947,12.255,ok,32.250,2240.188,5.0,39.8,0.0
5948,11.473,ok,32.250,2240.188,5.0,39.8,0.0
5949,12.355,ok,32.250,2240.188,5.0,39.8,0.0
5950,12.856,ok,32.250,2240.188,5.0,39.8,0.0
5951,12.864,ok,32.250,2240.188,5.0,39.8,0.0
5952,12.484,ok,32.250,2240.188,5.0,39.8,0.0
5953,12.645,ok,32.250,2240.188,0.0,39.8,0.0
5954,13.032,ok,32.250,2240.188,0.0,39.8,0.0
5955,12.844,ok,32.250,2240.188,0.0,39.8,0.0
5956,12.296,ok,32.250,2240.188,0.0,39.8,0.0
5957,12.855,ok,32.250,2240.188,0.0,39.8,0.0
5958,12.971,ok,32.250,2240.188,0.0,39.8,0.0
5959,12.873,ok,32.250,2240.188,0.0,39.8,0.0
5960,11.938,ok,32.250,2240.188,0.0,39.8,0.0
5961,11.925,ok,32.250,2240.188,0.0,39.8,0.0
5962,11.788,ok,32.250,2240.188,0.0,39.8,0.0
5963,11.509,ok,32.250,2240.188,0.0,39.8,0.0
5964,12.687,ok,32.250,2240.188,0.0,39.8,0.0
5965,12.379,ok,32.250,2240.188,0.0,39.8,0.0
5966,12.423,ok,32.250,2240.188,0.0,39.8,0.0
5967,11.863,ok,32.250,2240.188,0.0,39.8,0.0
5968,12.031,ok,32.250,2240.188,0.0,39.8,0.0
5969,12.062,ok,32.250,2240.188,10.0,39.8,0.0
5970,11.695,ok,32.250,2240.188,10.0,39.8,0.0
5971,12.040,ok,32.250,2240.188,10.0,39.8,0.0
5972,12.359,ok,32.250,2240.188,10.0,39.8,0.0
5973,12.058,ok,32.250,2240.188,10.0,39.8,0.0
5974,11.545,ok,32.250,2240.188,10.0,39.8,0.0
5975,12.622,ok,32.250,2240.188,10.0,39.8,0.0
5976,12.150,ok,32.250,2240.188,10.0,39.8,0.0
5977,12.845,ok,32.250,2240.188,10.0,39.8,0.0
5978,12.969,ok,32.250,2240.188,10.0,39.8,0.0
5979,13.052,ok,32.250,2240.188,10.0,39.8,0.0
5980,12.213,ok,32.250,2240.188,10.0,39.8,0.0
5981,12.057,ok,32.250,2240.188,10.0,39.8,0.0
5982,12.329,ok,32.250,2240.188,10.0,39.8,0.0
5983,12.712,ok,32.250,2240.188,10.0,39.8,0.0
5984,12.773,ok,32.250,2240.188,10.0,39.8,0.0
5985,11.917,ok,32.250,2240.188,10.0,39.8,0.0
5986,12.331,ok,32.254,2240.188,0.0,39.8,0.0
5987,12.745,ok,32.254,2240.188,0.0,39.8,0.0
5988,13.091,ok,32.254,2240.188,0.0,39.8,0.0
5989,12.865,ok,32.254,2240.188,0.0,39.8,0.0
5990,12.963,ok,32.254,2240.188,0.0,39.8,0.0
5991,12.015,ok,32.254,2240.188,0.0,39.8,0.0
5992,11.778,ok,32.254,2240.188,0.0,39.8,0.0
5993,11.770,ok,32.254,2240.188,0.0,39.8,0.0
5994,11.199,ok,32.254,2240.188,0.0,39.8,0.0
5995,11.727,ok,32.254,2240.188,0.0,39.8,0.0
5996,12.445,ok,32.254,2240.188,0.0,39.8,0.0
5997,12.034,ok,32.254,2240.188,0.0,39.8,0.0
5998,11.908,ok,32.254,2240.188,0.0,39.8,0.0
5999,12.051,ok,32.254,2240.188,0.0,39.8,0.0
6000,11.428,ok,32.254,2240.188,0.0,39.8,0.0
6001,11.672,ok,32.254,2240.188,0.0,39.8,0.0
6002,12.239,ok,32.254,2240.188,0.0,39.8,0.0
6003,11.740,ok,32.254,2240.188,0.0,39.8,0.0
6004,12.317,ok,32.254,2240.188,0.0,39.8,0.0
6005,12.464,ok,32.254,2240.188,0.0,39.8,0.0
6006,12.779,ok,32.254,2240.188,0.0,39.8,0.0
6007,12.033,ok,32.254,2240.188,0.0,39.8,0.0
6008,12.335,ok,32.254,2240.188,0.0,39.8,0.0
6009,12.255,ok,32.254,2240.188,0.0,39.8,0.0
6010,12.007,ok,32.254,2240.188,0.0,39.8,0.0
6011,11.941,ok,32.254,2240.188,0.0,39.8,0.0
6012,12.870,ok,32.254,2240.188,0.0,39.8,0.0
6013,12.977,ok,32.254,2240.188,0.0,39.8,0.0
6014,12.954,ok,32.254,2240.188,0.0,39.8,0.0
6015,12.876,ok,32.254,2240.188,0.0,39.8,0.0
6016,12.674,ok,32.254,2240.188,0.0,39.8,0.0
6017,11.275,ok,32.254,2240.188,0.0,39.8,0.0
6018,11.196,ok,32.254,2240.188,5.0,39.8,0.0
6019,11.195,ok,32.254,2240.188,5.0,39.8,0.0
6020,11.787,ok,32.254,2240.188,5.0,39.8,0.0
6021,12.017,ok,32.254,2240.188,5.0,39.8,0.0
6022,11.849,ok,32.254,2240.188,5.0,39.8,0.0
6023,11.990,ok,32.254,2240.188,5.0,39.8,0.0
6024,11.932,ok,32.254,2240.188,5.0,39.8,0.0
6025,13.320,ok,32.254,2240.188,5.0,39.8,0.0
6026,12.190,ok,32.254,2240.188,5.0,39.8,0.0
6027,12.785,ok,32.254,2240.188,5.0,39.8,0.0
6028,12.786,ok,32.254,2240.188,5.0,39.8,0.0
6029,12.336,ok,32.254,2240.188,5.0,39.8,0.0
6030,11.779,ok,32.254,2240.188,5.0,39.8,0.0
6031,11.865,ok,32.254,2240.188,5.0,39.8,0.0
6032,12.127,ok,32.254,2240.188,5.0,39.8,0.0
6033,12.221,ok,32.254,2240.188,5.0,39.8,0.0
6034,12.794,ok,32.254,2240.188,5.0,39.8,0.0
6035,13.093,ok,32.258,2240.188,0.0,39.8,0.0
6036,13.307,ok,32.258,2240.188,0.0,39.8,0.0
6037,13.558,ok,32.258,2240.188,0.0,39.8,0.0
6038,13.037,ok,32.258,2240.188,0.0,39.8,0.0
6039,13.120,ok,32.258,2240.188,0.0,39.8,0.0
6040,12.674,ok,32.258,2240.188,0.0,39.8,0.0
6041,12.760,ok,32.258,2240.188,0.0,39.8,0.0
6042,12.847,ok,32.258,2240.188,0.0,39.8,0.0
6043,12.305,ok,32.258,2240.188,0.0,39.8,0.0
6044,12.106,ok,32.258,2240.188,0.0,39.8,0.0
6045,12.592,ok,32.258,2240.188,0.0,39.8,0.0
6046,12.322,ok,32.258,2240.188,0.0,39.8,0.0
6047,12.104,ok,32.258,2240.188,0.0,39.8,0.0
6048,12.220,ok,32.258,2240.188,0.0,39.8,0.0
6049,12.220,ok,32.258,2240.188,0.0,39.8,0.0
6050,12.326,ok,32.258,2240.188,0.0,39.8,0.0
6051,11.513,ok,32.262,2240.188,5.0,39.8,0.0
6052,12.259,ok,32.262,2240.188,5.0,39.8,0.0
6053,12.620,ok,32.262,2240.188,5.0,39.8,0.0
6054,12.110,ok,32.262,2240.188,5.0,39.8,0.0
6055,12.002,ok,32.262,2240.188,5.0,39.8,0.0
6056,11.994,ok,32.262,2240.188,5.0,39.8,0.0
6057,12.700,ok,32.262,2240.188,5.0,39.8,0.0
6058,11.775,ok,32.262,2240.188,5.0,39.8,0.0
6059,11.827,ok,32.262,2240.188,5.0,39.8,0.0
6060,11.795,ok,32.262,2240.188,5.0,39.8,0.0
6061,11.959,ok,32.262,2240.188,5.0,39.8,0.0
6062,11.660,ok,32.262,2240.188,5.0,39.8,0.0
6063,12.059,ok,32.262,2240.188,5.0,39.8,0.0
6064,12.739,ok,32.262,2240.188,5.0,39.8,0.0
6065,12.141,ok,32.262,2240.188,5.0,39.8,0.0
6066,11.734,ok,32.262,2240.188,5.0,39.8,0.0
6067,12.349,ok,32.262,2240.188,5.0,39.8,0.0
6068,12.521,ok,32.262,2240.188,5.0,39.8,0.0
6069,12.251,ok,32.262,2240.188,5.0,39.8,0.0
6070,12.410,ok,32.262,2240.188,5.0,39.8,0.0
6071,12.753,ok,32.262,2240.188,5.0,39.8,0.0
6072,12.542,ok,32.262,2240.188,5.0,39.8,0.0
6073,12.495,ok,32.262,2240.188,5.0,39.8,0.0
6074,12.366,ok,32.262,2240.188,5.0,39.8,0.0
6075,12.481,ok,32.262,2240.188,5.0,39.8,0.0
6076,12.347,ok,32.262,2240.188,5.0,39.8,0.0
6077,12.313,ok,32.262,2240.188,5.0,39.8,0.0
6078,12.600,ok,32.262,2240.188,5.0,39.8,0.0
6079,12.371,ok,32.262,2240.188,5.0,39.8,0.0
6080,11.642,ok,32.262,2240.188,5.0,39.8,0.0
6081,11.770,ok,32.262,2240.188,5.0,39.8,0.0
6082,11.629,ok,32.262,2240.188,5.0,39.8,0.0
6083,12.063,ok,32.262,2240.188,5.0,39.8,0.0
6084,12.007,ok,32.266,2240.188,0.0,39.8,0.0
6085,11.072,ok,32.266,2240.188,0.0,39.8,0.0
6086,12.407,ok,32.266,2240.188,0.0,39.8,0.0
6087,12.346,ok,32.266,2240.188,0.0,39.8,0.0
6088,11.923,ok,32.266,2240.188,0.0,39.8,0.0
6089,12.388,ok,32.266,2240.188,0.0,39.8,0.0
6090,12.427,ok,32.266,2240.188,0.0,39.8,0.0
6091,12.299,ok,32.266,2240.188,0.0,39.8,0.0
6092,12.188,ok,32.266,2240.188,0.0,39.8,0.0
6093,12.416,ok,32.266,2240.188,0.0,39.8,0.0
6094,12.432,ok,32.266,2240.188,0.0,39.8,0.0
6095,12.721,ok,32.266,2240.188,0.0,39.8,0.0
6096,11.941,ok,32.266,2240.188,0.0,39.8,0.0
6097,12.199,ok,32.266,2240.188,0.0,39.8,0.0
6098,12.223,ok,32.266,2240.188,0.0,39.8,0.0
6099,11.841,ok,32.266,2240.188,0.0,39.8,0.0
6100,11.618,ok,32.270,2240.188,0.0,39.8,0.0
6101,11.795,ok,32.270,2240.188,0.0,39.8,0.0
6102,11.808,ok,32.270,2240.188,0.0,39.8,0.0
6103,12.637,ok,32.270,2240.188,0.0,39.8,0.0
6104,12.772,ok,32.270,2240.188,0.0,39.8,0.0
6105,12.730,ok,32.270,2240.188,0.0,39.8,0.0
6106,12.111,ok,32.270,2240.188,0.0,39.8,0.0
6107,11.474,ok,32.270,2240.188,0.0,39.8,0.0
6108,12.230,ok,32.270,2240.188,0.0,39.8,0.0
6109,12.415,ok,32.270,2240.188,0.0,39.8,0.0
6110,11.620,ok,32.270,2240.188,0.0,39.8,0.0
6111,11.836,ok,32.270,2240.188,0.0,39.8,0.0
6112,12.393,ok,32.270,2240.188,0.0,39.8,0.0
6113,12.341,ok,32.270,2240.188,0.0,39.8,0.0
6114,12.376,ok,32.270,2240.188,0.0,39.8,0.0
6115,12.337,ok,32.270,2240.188,0.0,39.8,0.0
6116,12.690,ok,32.270,2240.188,5.0,39.8,0.0
6117,12.792,ok,32.270,2240.188,5.0,39.8,0.0
6118,12.821,ok,32.270,2240.188,5.0,39.8,0.0
6119,12.974,ok,32.270,2240.188,5.0,39.8,0.0
6120,12.694,ok,32.270,2240.188,5.0,39.8,0.0
6121,12.534,ok,32.270,2240.188,5.0,39.8,0.0
6122,12.967,ok,32.270,2240.188,5.0,39.8,0.0
6123,12.983,ok,32.270,2240.188,5.0,39.8,0.0
6124,12.978,ok,32.270,2240.188,5.0,39.8,0.0
6125,12.635,ok,32.270,2240.188,5.0,39.8,0.0
6126,11.835,ok,32.270,2240.188,5.0,39.8,0.0
6127,12.173,ok,32.270,2240.188,5.0,39.8,0.0
6128,12.368,ok,32.270,2240.188,5.0,39.8,0.0
6129,11.848,ok,32.270,2240.188,5.0,39.8,0.0
6130,11.833,ok,32.270,2240.188,5.0,39.8,0.0
6131,12.041,ok,32.270,2240.188,5.0,39.8,0.0
6132,11.954,ok,32.270,2240.188,5.0,39.8,0.0
6133,11.814,ok,32.270,2240.188,5.0,39.8,0.0
6134,11.664,ok,32.270,2240.188,5.0,39.8,0.0
6135,11.782,ok,32.270,2240.188,5.0,39.8,0.0
6136,12.805,ok,32.270,2240.188,5.0,39.8,0.0
6137,12.290,ok,32.270,2240.188,5.0,39.8,0.0
6138,12.428,ok,32.270,2240.188,5.0,39.8,0.0
6139,12.951,ok,32.270,2240.188,5.0,39.8,0.0
6140,12.507,ok,32.270,2240.188,5.0,39.8,0.0
6141,12.303,ok,32.270,2240.188,5.0,39.8,0.0
6142,12.534,ok,32.270,2240.188,5.0,39.8,0.0
6143,12.735,ok,32.270,2240.188,5.0,39.8,0.0
6144,12.331,ok,32.270,2240.188,5.0,39.8,0.0
6145,12.176,ok,32.270,2240.188,5.0,39.8,0.0
6146,11.607,ok,32.270,2240.188,5.0,39.8,0.0
6147,11.787,ok,32.270,2240.188,5.0,39.8,0.0
6148,12.182,ok,32.270,2240.188,5.0,39.8,0.0
6149,12.076,ok,32.273,2240.188,0.0,39.8,0.0
6150,12.361,ok,32.273,2240.188,0.0,39.8,0.0
6151,11.731,ok,32.273,2240.188,0.0,39.8,0.0
6152,11.846,ok,32.273,2240.188,0.0,39.8,0.0
6153,11.828,ok,32.273,2240.188,0.0,39.8,0.0
6154,12.302,ok,32.273,2240.188,0.0,39.8,0.0
6155,12.711,ok,32.273,2240.188,0.0,39.8,0.0
6156,12.410,ok,32.273,2240.188,0.0,39.8,0.0
6157,12.433,ok,32.273,2240.188,0.0,39.8,0.0
6158,12.039,ok,32.273,2240.188,0.0,39.8,0.0
6159,11.909,ok,32.273,2240.188,0.0,39.8,0.0
6160,12.091,ok,32.273,2240.188,0.0,39.8,0.0
6161,12.030,ok,32.273,2240.188,0.0,39.8,0.0
6162,12.067,ok,32.273,2240.188,0.0,39.8,0.0
6163,11.595,ok,32.273,2240.188,0.0,39.8,0.0
6164,11.684,ok,32.273,2240.188,0.0,39.8,0.0
6165,11.765,ok,32.273,2240.188,0.0,39.8,0.0
6166,11.735,ok,32.273,2240.188,0.0,39.8,0.0
6167,11.559,ok,32.273,2240.188,0.0,39.8,0.0
6168,12.067,ok,32.273,2240.188,0.0,39.8,0.0
6169,12.413,ok,32.273,2240.188,0.0,39.8,0.0
6170,12.286,ok,32.273,2240.188,0.0,39.8,0.0
6171,12.005,ok,32.273,2240.188,0.0,39.8,0.0
6172,12.515,ok,32.273,2240.188,0.0,39.8,0.0
6173,12.368,ok,32.273,2240.188,0.0,39.8,0.0
6174,12.146,ok,32.273,2240.188,0.0,39.8,0.0
6175,12.189,ok,32.273,2240.188,0.0,39.8,0.0
6176,12.143,ok,32.273,2240.188,0.0,39.8,0.0
6177,11.943,ok,32.273,2240.188,0.0,39.8,0.0
6178,11.519,ok,32.273,2240.188,0.0,39.8,0.0
6179,11.518,ok,32.273,2240.188,0.0,39.8,0.0
6180,11.454,ok,32.273,2240.188,0.0,39.8,0.0
6181,11.867,ok,32.273,2240.188,0.0,39.8,0.0
6182,11.223,ok,32.273,2240.188,10.0,39.8,0.0
6183,11.549,ok,32.273,2240.188,10.0,39.8,0.0
6184,11.497,ok,32.273,2240.188,10.0,39.8,0.0
6185,11.926,ok,32.273,2240.188,10.0,39.8,0.0
6186,11.500,ok,32.273,2240.188,10.0,39.8,0.0
6187,11.878,ok,32.273,2240.188,10.0,39.8,0.0
6188,12.315,ok,32.273,2240.188,10.0,39.8,0.0
6189,12.315,ok,32.273,2240.188,10.0,39.8,0.0
6190,12.432,ok,32.273,2240.188,10.0,39.8,0.0
6191,12.399,ok,32.273,2240.188,10.0,39.8,0.0
6192,12.585,ok,32.273,2240.188,10.0,39.8,0.0
6193,12.358,ok,32.273,2240.188,10.0,39.8,0.0
6194,12.708,ok,32.273,2240.188,10.0,39.8,0.0
6195,12.342,ok,32.273,2240.188,10.0,39.8,0.0
6196,11.789,ok,32.273,2240.188,10.0,39.8,0.0
6197,11.592,ok,32.273,2240.188,10.0,39.8,0.0
6198,12.452,ok,32.273,2240.188,10.0,39.8,0.0
6199,12.467,ok,32.273,2240.188,0.0,39.8,0.0
6200,12.231,ok,32.273,2240.188,0.0,39.8,0.0
6201,11.962,ok,32.273,2240.188,0.0,39.8,0.0
6202,12.271,ok,32.273,2240.188,0.0,39.8,0.0
6203,11.859,ok,32.273,2240.188,0.0,39.8,0.0
6204,12.111,ok,32.273,2240.188,0.0,39.8,0.0
6205,12.490,ok,32.273,2240.188,0.0,39.8,0.0
6206,12.564,ok,32.273,2240.188,0.0,39.8,0.0
6207,11.823,ok,32.273,2240.188,0.0,39.8,0.0
6208,12.255,ok,32.273,2240.188,0.0,39.8,0.0
6209,11.749,ok,32.273,2240.188,0.0,39.8,0.0
6210,12.433,ok,32.273,2240.188,0.0,39.8,0.0
6211,12.497,ok,32.273,2240.188,0.0,39.8,0.0
6212,12.321,ok,32.273,2240.188,0.0,39.8,0.0
6213,12.074,ok,32.273,2240.188,0.0,39.8,0.0
6214,12.266,ok,32.273,2240.188,0.0,39.8,0.0
6215,12.459,ok,32.281,2240.188,0.0,39.8,0.0
6216,12.149,ok,32.281,2240.188,0.0,39.8,0.0
6217,12.168,ok,32.281,2240.188,0.0,39.8,0.0
6218,11.927,ok,32.281,2240.188,0.0,39.8,0.0
6219,12.247,ok,32.281,2240.188,0.0,39.8,0.0
6220,12.182,ok,32.281,2240.188,0.0,39.8,0.0
6221,11.417,ok,32.281,2240.188,0.0,39.8,0.0
6222,12.047,ok,32.281,2240.188,0.0,39.8,0.0
6223,12.212,ok,32.281,2240.188,0.0,39.8,0.0
6224,12.323,ok,32.281,2240.188,0.0,39.8,0.0
6225,12.332,ok,32.281,2240.188,0.0,39.8,0.0
6226,12.540,ok,32.281,2240.188,0.0,39.8,0.0
6227,12.434,ok,32.281,2240.188,0.0,39.8,0.0
6228,12.637,ok,32.281,2240.188,0.0,39.8,0.0
6229,11.758,ok,32.281,2240.188,0.0,39.8,0.0
6230,11.812,ok,32.281,2240.188,0.0,39.8,0.0
6231,11.518,ok,32.281,2240.188,0.0,39.8,0.0
6232,11.917,ok,32.281,2240.188,0.0,39.8,0.0
6233,11.878,ok,32.281,2240.188,0.0,39.8,0.0
6234,12.100,ok,32.281,2240.188,0.0,39.8,0.0
6235,12.369,ok,32.281,2240.188,0.0,39.8,0.0
6236,12.228,ok,32.281,2240.188,0.0,39.8,0.0
6237,11.999,ok,32.281,2240.188,0.0,39.8,0.0
6238,11.996,ok,32.281,2240.188,0.0,39.8,0.0
6239,11.679,ok,32.281,2240.188,0.0,39.8,0.0
6240,11.718,ok,32.281,2240.188,0.0,39.8,0.0
6241,11.971,ok,32.281,2240.188,0.0,39.8,0.0
6242,12.073,ok,32.281,2240.188,0.0,39.8,0.0
6243,12.046,ok,32.281,2240.188,0.0,39.8,0.0
6244,11.773,ok,32.281,2240.188,0.0,39.8,0.0
6245,11.512,ok,32.281,2240.188,0.0,39.8,0.0
6246,11.729,ok,32.281,2240.188,0.0,39.8,0.0
6247,11.701,ok,32.281,2240.188,0.0,39.8,0.0
6248,11.778,ok,32.281,2240.188,10.1,39.8,0.0
6249,11.932,ok,32.281,2240.188,10.1,39.8,0.0
6250,11.589,ok,32.281,2240.188,10.1,39.8,0.0
6251,12.113,ok,32.281,2240.188,10.1,39.8,0.0
6252,12.193,ok,32.281,2240.188,10.1,39.8,0.0
6253,12.931,ok,32.281,2240.188,10.1,39.8,0.0
6254,12.810,ok,32.281,2240.188,10.1,39.8,0.0
6255,13.013,ok,32.281,2240.188,10.1,39.8,0.0
6256,12.358,ok,32.281,2240.188,10.1,39.8,0.0
6257,12.338,ok,32.281,2240.188,10.1,39.8,0.0
6258,12.434,ok,32.281,2240.188,10.1,39.8,0.0
6259,12.363,ok,32.281,2240.188,10.1,39.8,0.0
6260,12.332,ok,32.281,2240.188,10.1,39.8,0.0
6261,11.657,ok,32.281,2240.188,10.1,39.8,0.0
6262,11.095,ok,32.281,2240.188,10.1,39.8,0.0
6263,11.559,ok,32.281,2240.188,10.1,39.8,0.0
6264,12.244,ok,32.281,2240.188,10.1,39.8,0.0
6265,12.425,ok,32.285,2240.188,0.0,39.8,0.0
6266,12.242,ok,32.285,2240.188,0.0,39.8,0.0
6267,12.660,ok,32.285,2240.188,0.0,39.8,0.0
6268,12.636,ok,32.285,2240.188,0.0,39.8,0.0
6269,12.324,ok,32.285,2240.188,0.0,39.8,0.0
6270,12.815,ok,32.285,2240.188,0.0,39.8,0.0
6271,12.463,ok,32.285,2240.188,0.0,39.8,0.0
6272,12.206,ok,32.285,2240.188,0.0,39.8,0.0
6273,11.963,ok,32.285,2240.188,0.0,39.8,0.0
6274,12.507,ok,32.285,2240.188,0.0,39.8,0.0
6275,12.326,ok,32.285,2240.188,0.0,39.8,0.0
6276,12.497,ok,32.285,2240.188,0.0,39.8,0.0
6277,11.925,ok,32.285,2240.188,0.0,39.8,0.0
6278,12.014,ok,32.285,2240.188,0.0,39.8,0.0
6279,12.341,ok,32.285,2240.188,0.0,39.8,0.0
6280,12.205,ok,32.285,2240.188,0.0,39.8,0.0
6281,11.911,ok,32.285,2240.188,0.0,39.8,0.0
6282,12.128,ok,32.285,2240.188,0.0,39.8,0.0
6283,12.091,ok,32.285,2240.188,0.0,39.8,0.0
6284,11.784,ok,32.285,2240.188,0.0,39.8,0.0
6285,11.756,ok,32.285,2240.188,0.0,39.8,0.0
6286,11.847,ok,32.285,2240.188,0.0,39.8,0.0
6287,12.171,ok,32.285,2240.188,0.0,39.8,0.0
6288,11.830,ok,32.285,2240.188,0.0,39.8,0.0
6289,12.438,ok,32.285,2240.188,0.0,39.8,0.0
6290,12.211,ok,32.285,2240.188,0.0,39.8,0.0
6291,12.237,ok,32.285,2240.188,0.0,39.8,0.0
6292,11.509,ok,32.285,2240.188,0.0,39.8,0.0
6293,11.954,ok,32.285,2240.188,0.0,39.8,0.0
6294,11.739,ok,32.285,2240.188,0.0,39.8,0.0
6295,12.101,ok,32.285,2240.188,0.0,39.8,0.0
6296,12.040,ok,32.285,2240.188,0.0,39.8,0.0
6297,12.065,ok,32.285,2240.188,0.0,39.8,0.0
6298,12.294,ok,32.285,2240.188,0.0,39.8,0.0
6299,12.130,ok,32.285,2240.188,0.0,39.8,0.0
6300,12.106,ok,32.285,2240.188,0.0,39.8,0.0
6301,12.652,ok,32.285,2240.188,0.0,39.8,0.0
6302,12.003,ok,32.285,2240.188,0.0,39.8,0.0
6303,12.209,ok,32.285,2240.188,0.0,39.8,0.0
6304,12.438,ok,32.285,2240.188,0.0,39.8,0.0
6305,12.348,ok,32.285,2240.188,0.0,39.8,0.0
6306,12.375,ok,32.285,2240.188,0.0,39.8,0.0
6307,11.930,ok,32.285,2240.188,0.0,39.8,0.0
6308,11.754,ok,32.285,2240.188,0.0,39.8,0.0
6309,11.682,ok,32.285,2240.188,0.0,39.8,0.0
6310,11.343,ok,32.285,2240.188,0.0,39.8,0.0
6311,11.860,ok,32.285,2240.188,0.0,39.8,0.0
6312,12.028,ok,32.285,2240.188,0.0,39.8,0.0
6313,11.379,ok,32.285,2240.188,0.0,39.8,0.0
6314,12.131,ok,32.285,2240.188,0.0,39.8,0.0
6315,12.116,ok,32.285,2240.188,0.0,39.8,0.0
6316,12.126,ok,32.285,2240.188,0.0,39.8,0.0
6317,11.528,ok,32.285,2240.188,0.0,39.8,0.0
6318,11.707,ok,32.285,2240.188,0.0,39.8,0.0
6319,12.000,ok,32.285,2240.188,0.0,39.8,0.0
6320,12.642,ok,32.285,2240.188,0.0,39.8,0.0
6321,12.415,ok,32.285,2240.188,0.0,39.8,0.0
6322,12.683,ok,32.285,2240.188,0.0,39.8,0.0
6323,12.413,ok,32.285,2240.188,0.0,39.8,0.0
6324,11.996,ok,32.285,2240.188,0.0,39.8,0.0
6325,12.019,ok,32.285,2240.188,0.0,39.8,0.0
6326,12.134,ok,32.285,2240.188,0.0,39.8,0.0
6327,11.852,ok,32.285,2240.188,0.0,39.8,0.0
6328,11.843,ok,32.285,2240.188,0.0,39.8,0.0
6329,12.096,ok,32.285,2240.188,0.0,39.8,0.0
6330,12.420,ok,32.285,2240.188,0.0,39.8,0.0
6331,11.926,ok,32.289,2240.188,10.0,39.8,0.0
6332,12.283,ok,32.289,2240.188,10.0,39.8,0.0
6333,12.117,ok,32.289,2240.188,10.0,39.8,0.0
6334,11.729,ok,32.289,2240.188,10.0,39.8,0.0
6335,11.334,ok,32.289,2240.188,10.0,39.8,0.0
6336,11.781,ok,32.289,2240.188,10.0,39.8,0.0
6337,12.392,ok,32.289,2240.188,10.0,39.8,0.0
6338,12.024,ok,32.289,2240.188,10.0,39.8,0.0
6339,12.042,ok,32.289,2240.188,10.0,39.8,0.0
6340,12.030,ok,32.289,2240.188,10.0,39.8,0.0
6341,12.246,ok,32.289,2240.188,10.0,39.8,0.0
6342,12.540,ok,32.289,2240.188,10.0,39.8,0.0
6343,13.264,ok,32.289,2240.188,10.0,39.8,0.0
6344,12.010,ok,32.289,2240.188,10.0,39.8,0.0
6345,11.929,ok,32.289,2240.188,10.0,39.8,0.0
6346,11.757,ok,32.289,2240.188,10.0,39.8,0.0
6347,11.816,ok,32.289,2240.188,10.0,39.8,0.0
6348,12.329,ok,32.289,2240.188,0.0,39.8,0.0
6349,11.647,ok,32.289,2240.188,0.0,39.8,0.0
6350,11.399,ok,32.289,2240.188,0.0,39.8,0.0
6351,11.928,ok,32.289,2240.188,0.0,39.8,0.0
6352,12.058,ok,32.289,2240.188,0.0,39.8,0.0
6353,11.605,ok,32.289,2240.188,0.0,39.8,0.0
6354,12.049,ok,32.289,2240.188,0.0,39.8,0.0
6355,12.402,ok,32.289,2240.188,0.0,39.8,0.0
6356,12.469,ok,32.289,2240.188,0.0,39.8,0.0
6357,11.794,ok,32.289,2240.188,0.0,39.8,0.0
6358,12.075,ok,32.289,2240.188,0.0,39.8,0.0
6359,11.756,ok,32.289,2240.188,0.0,39.8,0.0
6360,11.645,ok,32.289,2240.188,0.0,39.8,0.0
6361,11.959,ok,32.289,2240.188,0.0,39.8,0.0
6362,11.672,ok,32.289,2240.188,0.0,39.8,0.0
6363,12.413,ok,32.289,2240.188,0.0,39.8,0.0
6364,12.123,ok,32.293,2240.188,0.0,39.8,0.0
6365,12.075,ok,32.293,2240.188,0.0,39.8,0.0
6366,11.900,ok,32.293,2240.188,0.0,39.8,0.0
6367,12.160,ok,32.293,2240.188,0.0,39.8,0.0
6368,12.079,ok,32.293,2240.188,0.0,39.8,0.0
6369,11.823,ok,32.293,2240.188,0.0,39.8,0.0
6370,12.213,ok,32.293,2240.188,0.0,39.8,0.0
6371,11.934,ok,32.293,2240.188,0.0,39.8,0.0
6372,11.994,ok,32.293,2240.188,0.0,39.8,0.0
6373,11.998,ok,32.293,2240.188,0.0,39.8,0.0
6374,11.911,ok,32.293,2240.188,0.0,39.8,0.0
6375,11.613,ok,32.293,2240.188,0.0,39.8,0.0
6376,11.880,ok,32.293,2240.188,0.0,39.8,0.0
6377,11.839,ok,32.293,2240.188,0.0,39.8,0.0
6378,11.499,ok,32.293,2240.188,0.0,39.8,0.0
6379,12.118,ok,32.293,2240.188,0.0,39.8,0.0
6380,11.517,ok,32.293,2240.188,0.0,39.8,0.0
6381,11.998,ok,32.297,2240.188,0.0,39.8,0.0
6382,12.082,ok,32.297,2240.188,0.0,39.8,0.0
6383,12.033,ok,32.297,2240.188,0.0,39.8,0.0
6384,12.135,ok,32.297,2240.188,0.0,39.8,0.0
6385,12.127,ok,32.297,2240.188,0.0,39.8,0.0
6386,12.345,ok,32.297,2240.188,0.0,39.8,0.0
6387,11.797,ok,32.297,2240.188,0.0,39.8,0.0
6388,12.447,ok,32.297,2240.188,0.0,39.8,0.0
6389,12.028,ok,32.297,2240.188,0.0,39.8,0.0
6390,11.737,ok,32.297,2240.188,0.0,39.8,0.0
6391,12.863,ok,32.297,2240.188,0.0,39.8,0.0
6392,11.975,ok,32.297,2240.188,0.0,39.8,0.0
6393,12.716,ok,32.297,2240.188,0.0,39.8,0.0
6394,12.884,ok,32.297,2240.188,0.0,39.8,0.0
6395,13.067,ok,32.297,2240.188,0.0,39.8,0.0
6396,12.675,ok,32.297,2240.188,0.0,39.8,0.0
6397,12.232,ok,32.297,2240.188,10.0,39.8,0.0
6398,12.194,ok,32.297,2240.188,10.0,39.8,0.0
6399,12.227,ok,32.297,2240.188,10.0,39.8,0.0
6400,13.058,ok,32.297,2240.188,10.0,39.8,0.0
6401,12.753,ok,32.297,2240.188,10.0,39.8,0.0
6402,12.974,ok,32.297,2240.188,10.0,39.8,0.0
6403,12.923,ok,32.297,2240.188,10.0,39.8,0.0
6404,12.553,ok,32.297,2240.188,10.0,39.8,0.0
6405,12.396,ok,32.297,2240.188,10.0,39.8,0.0
6406,12.622,ok,32.297,2240.188,10.0,39.8,0.0
6407,12.700,ok,32.297,2240.188,10.0,39.8,0.0
6408,12.973,ok,32.297,2240.188,10.0,39.8,0.0
6409,12.117,ok,32.297,2240.188,10.0,39.8,0.0
6410,12.489,ok,32.297,2240.188,10.0,39.8,0.0
6411,12.154,ok,32.297,2240.188,10.0,39.8,0.0
6412,12.689,ok,32.297,2240.188,10.0,39.8,0.0
6413,11.719,ok,32.297,2240.188,0.0,39.8,0.0
6414,12.075,ok,32.297,2240.188,0.0,39.8,0.0
6415,11.810,ok,32.297,2240.188,0.0,39.8,0.0
6416,11.313,ok,32.297,2240.188,0.0,39.8,0.0
6417,11.575,ok,32.297,2240.188,0.0,39.8,0.0
6418,11.723,ok,32.297,2240.188,0.0,39.8,0.0
6419,12.126,ok,32.297,2240.188,0.0,39.8,0.0
6420,11.811,ok,32.297,2240.188,0.0,39.8,0.0
6421,11.851,ok,32.297,2240.188,0.0,39.8,0.0
6422,11.949,ok,32.297,2240.188,0.0,39.8,0.0
6423,11.938,ok,32.297,2240.188,0.0,39.8,0.0
6424,12.132,ok,32.297,2240.188,0.0,39.8,0.0
6425,12.327,ok,32.297,2240.188,0.0,39.8,0.0
6426,11.714,ok,32.297,2240.188,0.0,39.8,0.0
6427,11.731,ok,32.297,2240.188,0.0,39.8,0.0
6428,11.990,ok,32.297,2240.188,0.0,39.8,0.0
6429,11.566,ok,32.297,2240.188,0.0,39.8,0.0
6430,11.598,ok,32.301,2240.188,5.0,39.8,0.0
6431,11.491,ok,32.301,2240.188,5.0,39.8,0.0
6432,11.936,ok,32.301,2240.188,5.0,39.8,0.0
6433,12.189,ok,32.301,2240.188,5.0,39.8,0.0
6434,12.303,ok,32.301,2240.188,5.0,39.8,0.0
6435,12.274,ok,32.301,2240.188,5.0,39.8,0.0
6436,12.134,ok,32.301,2240.188,5.0,39.8,0.0
6437,11.837,ok,32.301,2240.188,5.0,39.8,0.0
6438,11.839,ok,32.301,2240.188,5.0,39.8,0.0
6439,11.692,ok,32.301,2240.188,5.0,39.8,0.0
6440,12.076,ok,32.301,2240.188,5.0,39.8,0.0
6441,11.591,ok,32.301,2240.188,5.0,39.8,0.0
6442,12.532,ok,32.301,2240.188,5.0,39.8,0.0
6443,12.153,ok,32.301,2240.188,5.0,39.8,0.0
6444,11.829,ok,32.301,2240.188,5.0,39.8,0.0
6445,11.319,ok,32.301,2240.188,5.0,39.8,0.0
6446,11.948,ok,32.301,2240.188,5.0,39.8,0.0
6447,11.796,ok,32.301,2240.188,0.0,39.8,0.0
6448,11.806,ok,32.301,2240.188,0.0,39.8,0.0
6449,11.895,ok,32.301,2240.188,0.0,39.8,0.0
6450,12.752,ok,32.301,2240.188,0.0,39.8,0.0
6451,11.821,ok,32.301,2240.188,0.0,39.8,0.0
6452,11.975,ok,32.301,2240.188,0.0,39.8,0.0
6453,12.463,ok,32.301,2240.188,0.0,39.8,0.0
6454,11.701,ok,32.301,2240.188,0.0,39.8,0.0
6455,11.955,ok,32.301,2240.188,0.0,39.8,0.0
6456,12.401,ok,32.301,2240.188,0.0,39.8,0.0
6457,12.392,ok,32.301,2240.188,0.0,39.8,0.0
6458,13.104,ok,32.301,2240.188,0.0,39.8,0.0
6459,12.016,ok,32.301,2240.188,0.0,39.8,0.0
6460,12.092,ok,32.301,2240.188,0.0,39.8,0.0
6461,12.092,ok,32.301,2240.188,0.0,39.8,0.0
6462,12.500,ok,32.301,2240.188,0.0,39.8,0.0
6463,12.252,ok,32.301,2240.188,0.0,39.8,0.0
6464,12.080,ok,32.301,2240.188,0.0,39.8,0.0
6465,11.350,ok,32.301,2240.188,0.0,39.8,0.0
6466,11.347,ok,32.301,2240.188,0.0,39.8,0.0
6467,11.631,ok,32.301,2240.188,0.0,39.8,0.0
6468,11.662,ok,32.301,2240.188,0.0,39.8,0.0
6469,11.351,ok,32.301,2240.188,0.0,39.8,0.0
6470,11.559,ok,32.301,2240.188,0.0,39.8,0.0
6471,12.054,ok,32.301,2240.188,0.0,39.8,0.0
6472,12.405,ok,32.301,2240.188,0.0,39.8,0.0
6473,12.115,ok,32.301,2240.188,0.0,39.8,0.0
6474,11.889,ok,32.301,2240.188,0.0,39.8,0.0
6475,11.843,ok,32.301,2240.188,0.0,39.8,0.0
6476,12.219,ok,32.301,2240.188,0.0,39.8,0.0
6477,11.737,ok,32.301,2240.188,0.0,39.8,0.0
6478,12.051,ok,32.301,2240.188,0.0,39.8,0.0
6479,11.785,ok,32.301,2240.188,0.0,39.8,0.0
6480,12.176,ok,32.301,2240.188,0.0,39.8,0.0
6481,12.303,ok,32.301,2240.188,0.0,39.8,0.0
6482,12.074,ok,32.301,2240.188,0.0,39.8,0.0
6483,12.291,ok,32.301,2240.188,0.0,39.8,0.0
6484,11.932,ok,32.301,2240.188,0.0,39.8,0.0
6485,11.844,ok,32.301,2240.188,0.0,39.8,0.0
6486,12.210,ok,32.301,2240.188,0.0,39.8,0.0
6487,11.841,ok,32.301,2240.188,0.0,39.8,0.0
6488,11.323,ok,32.301,2240.188,0.0,39.8,0.0
6489,11.877,ok,32.301,2240.188,0.0,39.8,0.0
6490,11.996,ok,32.301,2240.188,0.0,39.8,0.0
6491,11.451,ok,32.301,2240.188,0.0,39.8,0.0
6492,11.802,ok,32.301,2240.188,0.0,39.8,0.0
6493,11.204,ok,32.301,2240.188,0.0,39.8,0.0
6494,11.757,ok,32.301,2240.188,0.0,39.8,0.0
6495,11.858,ok,32.301,2240.188,0.0,39.8,0.0
6496,12.086,ok,32.301,2240.188,0.0,39.8,0.0
6497,11.451,ok,32.305,2240.188,5.0,39.8,0.0
6498,11.701,ok,32.305,2240.188,5.0,39.8,0.0
6499,11.597,ok,32.305,2240.188,5.0,39.8,0.0
6500,12.283,ok,32.305,2240.188,5.0,39.8,0.0
6501,12.089,ok,32.305,2240.188,5.0,39.8,0.0
6502,11.936,ok,32.305,2240.188,5.0,39.8,0.0
6503,11.975,ok,32.305,2240.188,5.0,39.8,0.0
6504,11.865,ok,32.305,2240.188,5.0,39.8,0.0
6505,12.054,ok,32.305,2240.188,5.0,39.8,0.0
6506,11.776,ok,32.305,2240.188,5.0,39.8,0.0
6507,12.181,ok,32.305,2240.188,5.0,39.8,0.0
6508,11.737,ok,32.305,2240.188,5.0,39.8,0.0
6509,11.850,ok,32.305,2240.188,5.0,39.8,0.0
6510,11.997,ok,32.305,2240.188,5.0,39.8,0.0
6511,11.866,ok,32.305,2240.188,5.0,39.8,0.0
6512,11.369,ok,32.305,2240.188,5.0,39.8,0.0
6513,11.104,ok,32.305,2240.188,5.0,39.8,0.0
6514,11.424,ok,32.305,2240.188,5.0,39.8,0.0
6515,11.695,ok,32.305,2240.188,5.0,39.8,0.0
6516,12.034,ok,32.305,2240.188,5.0,39.8,0.0
6517,12.067,ok,32.305,2240.188,5.0,39.8,0.0
6518,12.118,ok,32.305,2240.188,5.0,39.8,0.0
6519,11.793,ok,32.305,2240.188,5.0,39.8,0.0
6520,11.908,ok,32.305,2240.188,5.0,39.8,0.0
6521,11.894,ok,32.305,2240.188,5.0,39.8,0.0
6522,11.515,ok,32.305,2240.188,5.0,39.8,0.0
6523,11.829,ok,32.305,2240.188,5.0,39.8,0.0
6524,12.502,ok,32.305,2240.188,5.0,39.8,0.0
6525,12.154,ok,32.305,2240.188,5.0,39.8,0.0
6526,12.068,ok,32.305,2240.188,5.0,39.8,0.0
6527,11.848,ok,32.305,2240.188,5.0,39.8,0.0
6528,11.334,ok,32.305,2240.188,5.0,39.8,0.0
6529,12.036,ok,32.305,2240.188,5.0,39.8,0.0
6530,11.854,ok,32.305,2240.188,5.0,39.8,0.0
6531,11.507,ok,32.309,2240.188,0.0,39.8,0.0
6532,11.980,ok,32.309,2240.188,0.0,39.8,0.0
6533,12.737,ok,32.309,2240.188,0.0,39.8,0.0
6534,11.475,ok,32.309,2240.188,0.0,39.8,0.0
6535,12.236,ok,32.309,2240.188,0.0,39.8,0.0
6536,11.991,ok,32.309,2240.188,0.0,39.8,0.0
6537,12.095,ok,32.309,2240.188,0.0,39.8,0.0
6538,12.318,ok,32.309,2240.188,0.0,39.8,0.0
6539,12.463,ok,32.309,2240.188,0.0,39.8,0.0
6540,12.491,ok,32.309,2240.188,0.0,39.8,0.0
6541,11.992,ok,32.309,2240.188,0.0,39.8,0.0
6542,11.932,ok,32.309,2240.188,0.0,39.8,0.0
6543,11.688,ok,32.309,2240.188,0.0,39.8,0.0
6544,12.279,ok,32.309,2240.188,0.0,39.8,0.0
6545,11.565,ok,32.309,2240.188,0.0,39.8,0.0
6546,12.191,ok,32.309,2240.188,0.0,39.8,0.0
6547,11.265,ok,32.309,2240.188,0.0,39.8,0.0
6548,11.818,ok,32.312,2240.188,0.0,39.8,0.0
6549,12.232,ok,32.312,2240.188,0.0,39.8,0.0
6550,11.820,ok,32.312,2240.188,0.0,39.8,0.0
6551,12.005,ok,32.312,2240.188,0.0,39.8,0.0
6552,11.467,ok,32.312,2240.188,0.0,39.8,0.0
6553,11.609,ok,32.312,2240.188,0.0,39.8,0.0
6554,11.290,ok,32.312,2240.188,0.0,39.8,0.0
6555,11.692,ok,32.312,2240.188,0.0,39.8,0.0
6556,11.752,ok,32.312,2240.188,0.0,39.8,0.0
6557,12.247,ok,32.312,2240.188,0.0,39.8,0.0
6558,12.284,ok,32.312,2240.188,0.0,39.8,0.0
6559,11.740,ok,32.312,2240.188,0.0,39.8,0.0
6560,12.344,ok,32.312,2240.188,0.0,39.8,0.0
6561,11.537,ok,32.312,2240.188,0.0,39.8,0.0
6562,11.816,ok,32.312,2240.188,0.0,39.8,0.0
6563,12.113,ok,32.312,2240.188,0.0,39.8,0.0
6564,12.126,ok,32.312,2240.188,0.0,39.8,0.0
6565,11.840,ok,32.312,2240.188,0.0,39.8,0.0
6566,12.284,ok,32.312,2240.188,0.0,39.8,0.0
6567,11.957,ok,32.312,2240.188,0.0,39.8,0.0
6568,11.597,ok,32.312,2240.188,0.0,39.8,0.0
6569,11.791,ok,32.312,2240.188,0.0,39.8,0.0
6570,11.855,ok,32.312,2240.188,0.0,39.8,0.0
6571,12.186,ok,32.312,2240.188,0.0,39.8,0.0
6572,12.483,ok,32.312,2240.188,0.0,39.8,0.0
6573,11.370,ok,32.312,2240.188,0.0,39.8,0.0
6574,12.145,ok,32.312,2240.188,0.0,39.8,0.0
6575,11.681,ok,32.312,2240.188,0.0,39.8,0.0
6576,11.850,ok,32.312,2240.188,0.0,39.8,0.0
6577,11.494,ok,32.312,2240.188,0.0,39.8,0.0
6578,12.126,ok,32.312,2240.188,0.0,39.8,0.0
6579,11.903,ok,32.312,2240.188,0.0,39.8,0.0
6580,12.124,ok,32.312,2240.188,0.0,39.8,0.0
6581,12.170,ok,32.312,2240.188,10.0,39.8,0.0
6582,12.074,ok,32.312,2240.188,10.0,39.8,0.0
6583,12.040,ok,32.312,2240.188,10.0,39.8,0.0
6584,11.912,ok,32.312,2240.188,10.0,39.8,0.0
6585,11.733,ok,32.312,2240.188,10.0,39.8,0.0
6586,11.936,ok,32.312,2240.188,10.0,39.8,0.0
6587,11.278,ok,32.312,2240.188,10.0,39.8,0.0
6588,11.922,ok,32.312,2240.188,10.0,39.8,0.0
6589,11.353,ok,32.312,2240.188,10.0,39.8,0.0
6590,11.575,ok,32.312,2240.188,10.0,39.8,0.0
6591,11.484,ok,32.312,2240.188,10.0,39.8,0.0
6592,12.469,ok,32.312,2240.188,10.0,39.8,0.0
6593,12.191,ok,32.312,2240.188,10.0,39.8,0.0
6594,11.999,ok,32.312,2240.188,10.0,39.8,0.0
6595,11.765,ok,32.312,2240.188,10.0,39.8,0.0
6596,11.466,ok,32.312,2240.188,10.0,39.8,0.0
6597,11.789,ok,32.312,2240.188,10.0,39.8,0.0
6598,11.971,ok,32.312,2240.188,0.0,39.8,0.0
6599,11.547,ok,32.312,2240.188,0.0,39.8,0.0
6600,11.918,ok,32.312,2240.188,0.0,39.8,0.0
6601,12.206,ok,32.312,2240.188,0.0,39.8,0.0
6602,11.838,ok,32.312,2240.188,0.0,39.8,0.0
6603,11.824,ok,32.312,2240.188,0.0,39.8,0.0
6604,12.305,ok,32.312,2240.188,0.0,39.8,0.0
6605,12.173,ok,32.312,2240.188,0.0,39.8,0.0
6606,12.075,ok,32.312,2240.188,0.0,39.8,0.0
6607,11.878,ok,32.312,2240.188,0.0,39.8,0.0
6608,12.088,ok,32.312,2240.188,0.0,39.8,0.0
6609,12.066,ok,32.312,2240.188,0.0,39.8,0.0
6610,12.048,ok,32.312,2240.188,0.0,39.8,0.0
6611,12.088,ok,32.312,2240.188,0.0,39.8,0.0
6612,11.895,ok,32.312,2240.188,0.0,39.8,0.0
6613,11.845,ok,32.312,2240.188,0.0,39.8,0.0
6614,11.935,ok,32.312,2240.188,0.0,39.8,0.0
6615,11.756,ok,32.316,2240.188,0.0,39.8,0.0
6616,12.347,ok,32.316,2240.188,0.0,39.8,0.0
6617,12.132,ok,32.316,2240.188,0.0,39.8,0.0
6618,12.102,ok,32.316,2240.188,0.0,39.8,0.0
6619,12.211,ok,32.316,2240.188,0.0,39.8,0.0
6620,11.990,ok,32.316,2240.188,0.0,39.8,0.0
6621,12.168,ok,32.316,2240.188,0.0,39.8,0.0
6622,12.213,ok,32.316,2240.188,0.0,39.8,0.0
6623,12.075,ok,32.316,2240.188,0.0,39.8,0.0
6624,12.032,ok,32.316,2240.188,0.0,39.8,0.0
6625,11.639,ok,32.316,2240.188,0.0,39.8,0.0
6626,11.747,ok,32.316,2240.188,0.0,39.8,0.0
6627,12.024,ok,32.316,2240.188,0.0,39.8,0.0
6628,11.390,ok,32.316,2240.188,0.0,39.8,0.0
6629,12.128,ok,32.316,2240.188,0.0,39.8,0.0
6630,11.382,ok,32.316,2240.188,0.0,39.8,0.0
6631,11.891,ok,32.316,2240.188,0.0,39.8,0.0
6632,11.905,ok,32.316,2240.188,0.0,39.8,0.0
6633,12.177,ok,32.316,2240.188,0.0,39.8,0.0
6634,12.056,ok,32.316,2240.188,0.0,39.8,0.0
6635,11.906,ok,32.316,2240.188,0.0,39.8,0.0
6636,11.912,ok,32.316,2240.188,0.0,39.8,0.0
6637,12.522,ok,32.316,2240.188,0.0,39.8,0.0
6638,12.222,ok,32.316,2240.188,0.0,39.8,0.0
6639,12.044,ok,32.316,2240.188,0.0,39.8,0.0
6640,12.387,ok,32.316,2240.188,0.0,39.8,0.0
6641,12.316,ok,32.316,2240.188,0.0,39.8,0.0
6642,12.060,ok,32.316,2240.188,0.0,39.8,0.0
6643,12.487,ok,32.316,2240.188,0.0,39.8,0.0
6644,12.787,ok,32.316,2240.188,0.0,39.8,0.0
6645,12.269,ok,32.316,2240.188,0.0,39.8,0.0
6646,11.789,ok,32.316,2240.188,0.0,39.8,0.0
6647,12.302,ok,32.316,2240.188,0.0,39.8,0.0
6648,11.870,ok,32.316,2240.188,0.0,39.8,0.0
6649,11.438,ok,32.316,2240.188,0.0,39.8,0.0
6650,11.397,ok,32.316,2240.188,0.0,39.8,0.0
6651,11.892,ok,32.316,2240.188,0.0,39.8,0.0
6652,12.013,ok,32.316,2240.188,0.0,39.8,0.0
6653,11.950,ok,32.316,2240.188,0.0,39.8,0.0
6654,11.441,ok,32.316,2240.188,0.0,39.8,0.0
6655,11.876,ok,32.316,2240.188,0.0,39.8,0.0
6656,12.062,ok,32.316,2240.188,0.0,39.8,0.0
6657,12.045,ok,32.316,2240.188,0.0,39.8,0.0
6658,12.311,ok,32.316,2240.188,0.0,39.8,0.0
6659,11.703,ok,32.316,2240.188,0.0,39.8,0.0
6660,11.930,ok,32.316,2240.188,0.0,39.8,0.0
6661,11.967,ok,32.316,2240.188,0.0,39.8,0.0
6662,12.112,ok,32.316,2240.188,0.0,39.8,0.0
6663,11.990,ok,32.316,2240.188,0.0,39.8,0.0
6664,11.371,ok,32.316,2240.188,0.0,39.8,0.0
6665,12.021,ok,32.320,2240.188,5.0,39.8,0.0
6666,11.908,ok,32.320,2240.188,5.0,39.8,0.0
6667,11.581,ok,32.320,2240.188,5.0,39.8,0.0
6668,11.864,ok,32.320,2240.188,5.0,39.8,0.0
6669,11.956,ok,32.320,2240.188,5.0,39.8,0.0
6670,11.475,ok,32.320,2240.188,5.0,39.8,0.0
6671,12.391,ok,32.320,2240.188,5.0,39.8,0.0
6672,12.314,ok,32.320,2240.188,5.0,39.8,0.0
6673,12.411,ok,32.320,2240.188,5.0,39.8,0.0
6674,12.126,ok,32.320,2240.188,5.0,39.8,0.0
6675,11.900,ok,32.320,2240.188,5.0,39.8,0.0
6676,12.062,ok,32.320,2240.188,5.0,39.8,0.0
6677,11.387,ok,32.320,2240.188,5.0,39.8,0.0
6678,11.410,ok,32.320,2240.188,5.0,39.8,0.0
6679,12.338,ok,32.320,2240.188,5.0,39.8,0.0
6680,12.133,ok,32.320,2240.188,5.0,39.8,0.0
6681,11.603,ok,32.320,2240.188,5.0,39.8,0.0
6682,11.696,ok,32.320,2240.188,5.0,39.8,0.0
6683,11.902,ok,32.320,2240.188,5.0,39.8,0.0
6684,11.745,ok,32.320,2240.188,5.0,39.8,0.0
6685,11.786,ok,32.320,2240.188,5.0,39.8,0.0
6686,11.906,ok,32.320,2240.188,5.0,39.8,0.0
6687,12.223,ok,32.320,2240.188,5.0,39.8,0.0
6688,11.866,ok,32.320,2240.188,5.0,39.8,0.0
6689,11.993,ok,32.320,2240.188,5.0,39.8,0.0
6690,11.859,ok,32.320,2240.188,5.0,39.8,0.0
6691,11.671,ok,32.320,2240.188,5.0,39.8,0.0
6692,11.678,ok,32.320,2240.188,5.0,39.8,0.0
6693,11.061,ok,32.320,2240.188,5.0,39.8,0.0
6694,11.727,ok,32.320,2240.188,5.0,39.8,0.0
6695,12.482,ok,32.320,2240.188,5.0,39.8,0.0
6696,12.272,ok,32.320,2240.188,5.0,39.8,0.0
6697,12.207,ok,32.320,2240.188,5.0,39.8,0.0
6698,12.099,ok,32.320,2240.188,5.0,39.8,0.0
6699,12.342,ok,32.324,2240.188,0.0,39.8,0.0
6700,12.094,ok,32.324,2240.188,0.0,39.8,0.0
6701,11.702,ok,32.324,2240.188,0.0,39.8,0.0
6702,12.033,ok,32.324,2240.188,0.0,39.8,0.0
6703,11.785,ok,32.324,2240.188,0.0,39.8,0.0
6704,11.707,ok,32.324,2240.188,0.0,39.8,0.0
6705,11.673,ok,32.324,2240.188,0.0,39.8,0.0
6706,11.643,ok,32.324,2240.188,0.0,39.8,0.0
6707,12.005,ok,32.324,2240.188,0.0,39.8,0.0
6708,11.931,ok,32.324,2240.188,0.0,39.8,0.0
6709,11.920,ok,32.324,2240.188,0.0,39.8,0.0
6710,12.612,ok,32.324,2240.188,0.0,39.8,0.0
6711,12.442,ok,32.324,2240.188,0.0,39.8,0.0
6712,11.688,ok,32.324,2240.188,0.0,39.8,0.0
6713,11.981,ok,32.324,2240.188,0.0,39.8,0.0
6714,12.698,ok,32.324,2240.188,0.0,39.8,0.0
6715,12.463,ok,32.328,2240.188,0.0,39.8,0.0
6716,12.179,ok,32.328,2240.188,0.0,39.8,0.0
6717,12.410,ok,32.328,2240.188,0.0,39.8,0.0
6718,12.033,ok,32.328,2240.188,0.0,39.8,0.0
6719,11.457,ok,32.328,2240.188,0.0,39.8,0.0
6720,11.741,ok,32.328,2240.188,0.0,39.8,0.0
6721,11.551,ok,32.328,2240.188,0.0,39.8,0.0
6722,11.641,ok,32.328,2240.188,0.0,39.8,0.0
6723,12.503,ok,32.328,2240.188,0.0,39.8,0.0
6724,12.624,ok,32.328,2240.188,0.0,39.8,0.0
6725,12.781,ok,32.328,2240.188,0.0,39.8,0.0
6726,12.741,ok,32.328,2240.188,0.0,39.8,0.0
6727,13.143,ok,32.328,2240.188,0.0,39.8,0.0
6728,11.737,ok,32.328,2240.188,0.0,39.8,0.0
6729,12.420,ok,32.328,2240.188,0.0,39.8,0.0
6730,12.314,ok,32.328,2240.188,0.0,39.8,0.0
6731,12.181,ok,32.328,2240.188,0.0,39.8,0.0
6732,11.526,ok,32.328,2240.188,5.0,39.8,0.0
6733,11.572,ok,32.328,2240.188,5.0,39.8,0.0
6734,11.840,ok,32.328,2240.188,5.0,39.8,0.0
6735,11.868,ok,32.328,2240.188,5.0,39.8,0.0
6736,11.564,ok,32.328,2240.188,5.0,39.8,0.0
6737,11.715,ok,32.328,2240.188,5.0,39.8,0.0
6738,11.852,ok,32.328,2240.188,5.0,39.8,0.0
6739,11.364,ok,32.328,2240.188,5.0,39.8,0.0
6740,11.573,ok,32.328,2240.188,5.0,39.8,0.0
6741,12.196,ok,32.328,2240.188,5.0,39.8,0.0
6742,11.616,ok,32.328,2240.188,5.0,39.8,0.0
6743,11.533,ok,32.328,2240.188,5.0,39.8,0.0
6744,12.046,ok,32.328,2240.188,5.0,39.8,0.0
6745,11.974,ok,32.328,2240.188,5.0,39.8,0.0
6746,12.065,ok,32.328,2240.188,5.0,39.8,0.0
6747,12.244,ok,32.328,2240.188,5.0,39.8,0.0
6748,12.362,ok,32.328,2240.188,5.0,39.8,0.0
6749,11.479,ok,32.328,2240.188,5.0,39.8,0.0
6750,11.900,ok,32.328,2240.188,5.0,39.8,0.0
6751,12.238,ok,32.328,2240.188,5.0,39.8,0.0
6752,12.132,ok,32.328,2240.188,5.0,39.8,0.0
6753,12.047,ok,32.328,2240.188,5.0,39.8,0.0
6754,12.057,ok,32.328,2240.188,5.0,39.8,0.0
6755,12.153,ok,32.328,2240.188,5.0,39.8,0.0
6756,11.902,ok,32.328,2240.188,5.0,39.8,0.0
6757,11.746,ok,32.328,2240.188,5.0,39.8,0.0
6758,11.901,ok,32.328,2240.188,5.0,39.8,0.0
6759,12.278,ok,32.328,2240.188,5.0,39.8,0.0
6760,12.137,ok,32.328,2240.188,5.0,39.8,0.0
6761,11.880,ok,32.328,2240.188,5.0,39.8,0.0
6762,12.123,ok,32.328,2240.188,5.0,39.8,0.0
6763,11.350,ok,32.328,2240.188,5.0,39.8,0.0
6764,11.398,ok,32.328,2240.188,5.0,39.8,0.0
6765,12.294,ok,32.328,2240.188,5.0,39.8,0.0
6766,11.953,ok,32.328,2240.188,0.0,39.8,0.0
6767,12.401,ok,32.328,2240.188,0.0,39.8,0.0
6768,11.682,ok,32.328,2240.188,0.0,39.8,0.0
6769,11.426,ok,32.328,2240.188,0.0,39.8,0.0
6770,11.984,ok,32.328,2240.188,0.0,39.8,0.0
6771,11.637,ok,32.328,2240.188,0.0,39.8,0.0
6772,11.997,ok,32.328,2240.188,0.0,39.8,0.0
6773,11.837,ok,32.328,2240.188,0.0,39.8,0.0
6774,11.207,ok,32.328,2240.188,0.0,39.8,0.0
6775,11.347,ok,32.328,2240.188,0.0,39.8,0.0
6776,11.746,ok,32.328,2240.188,0.0,39.8,0.0
6777,11.320,ok,32.328,2240.188,0.0,39.8,0.0
6778,11.990,ok,32.328,2240.188,0.0,39.8,0.0
6779,11.664,ok,32.328,2240.188,0.0,39.8,0.0
6780,12.039,ok,32.328,2240.188,0.0,39.8,0.0
6781,11.235,ok,32.328,2240.188,0.0,39.8,0.0
6782,11.941,ok,32.328,2240.188,0.0,39.8,0.0
6783,12.013,ok,32.332,2240.188,0.0,39.8,0.0
6784,12.122,ok,32.332,2240.188,0.0,39.8,0.0
6785,11.932,ok,32.332,2240.188,0.0,39.8,0.0
6786,11.943,ok,32.332,2240.188,0.0,39.8,0.0
6787,11.705,ok,32.332,2240.188,0.0,39.8,0.0
6788,11.360,ok,32.332,2240.188,0.0,39.8,0.0
6789,11.806,ok,32.332,2240.188,0.0,39.8,0.0
6790,12.083,ok,32.332,2240.188,0.0,39.8,0.0
6791,12.090,ok,32.332,2240.188,0.0,39.8,0.0
6792,12.227,ok,32.332,2240.188,0.0,39.8,0.0
6793,12.182,ok,32.332,2240.188,0.0,39.8,0.0
6794,11.717,ok,32.332,2240.188,0.0,39.8,0.0
6795,11.789,ok,32.332,2240.188,0.0,39.8,0.0
6796,11.119,ok,32.332,2240.188,0.0,39.8,0.0
6797,11.234,ok,32.332,2240.188,0.0,39.8,0.0
6798,11.663,ok,32.332,2240.188,0.0,39.8,0.0
6799,11.503,ok,32.332,2240.188,0.0,39.8,0.0
6800,11.128,ok,32.332,2240.188,0.0,39.8,0.0
6801,11.895,ok,32.332,2240.188,0.0,39.8,0.0
6802,11.369,ok,32.332,2240.188,0.0,39.8,0.0
6803,11.520,ok,32.332,2240.188,0.0,39.8,0.0
6804,11.137,ok,32.332,2240.188,0.0,39.8,0.0
6805,11.330,ok,32.332,2240.188,0.0,39.8,0.0
6806,11.645,ok,32.332,2240.188,0.0,39.8,0.0
6807,11.757,ok,32.332,2240.188,0.0,39.8,0.0
6808,11.915,ok,32.332,2240.188,0.0,39.8,0.0
6809,11.655,ok,32.332,2240.188,0.0,39.8,0.0
6810,11.255,ok,32.332,2240.188,0.0,39.8,0.0
6811,11.419,ok,32.332,2240.188,0.0,39.8,0.0
6812,11.599,ok,32.332,2240.188,0.0,39.8,0.0
6813,11.512,ok,32.332,2240.188,0.0,39.8,0.0
6814,11.408,ok,32.332,2240.188,0.0,39.8,0.0
6815,11.593,ok,32.332,2240.188,0.0,39.8,0.0
6816,11.794,ok,32.332,2240.188,0.0,39.8,0.0
6817,11.358,ok,32.332,2240.188,5.0,39.8,0.0
6818,12.379,ok,32.332,2240.188,5.0,39.8,0.0
6819,12.213,ok,32.332,2240.188,5.0,39.8,0.0
6820,11.876,ok,32.332,2240.188,5.0,39.8,0.0
6821,12.075,ok,32.332,2240.188,5.0,39.8,0.0
6822,12.550,ok,32.332,2240.188,5.0,39.8,0.0
6823,12.734,ok,32.332,2240.188,5.0,39.8,0.0
6824,12.622,ok,32.332,2240.188,5.0,39.8,0.0
6825,12.109,ok,32.332,2240.188,5.0,39.8,0.0
6826,12.049,ok,32.332,2240.188,5.0,39.8,0.0
6827,11.716,ok,32.332,2240.188,5.0,39.8,0.0
6828,11.901,ok,32.332,2240.188,5.0,39.8,0.0
6829,12.920,ok,32.332,2240.188,5.0,39.8,0.0
6830,13.083,ok,32.332,2240.188,5.0,39.8,0.0
6831,12.844,ok,32.332,2240.188,5.0,39.8,0.0
6832,12.809,ok,32.332,2240.188,5.0,39.8,0.0
6833,12.474,ok,32.336,2240.188,0.0,39.8,0.0
6834,12.953,ok,32.336,2240.188,0.0,39.8,0.0
6835,12.841,ok,32.336,2240.188,0.0,39.8,0.0
6836,13.019,ok,32.336,2240.188,0.0,39.8,0.0
6837,12.734,ok,32.336,2240.188,0.0,39.8,0.0
6838,13.168,ok,32.336,2240.188,0.0,39.8,0.0
6839,12.669,ok,32.336,2240.188,0.0,39.8,0.0
6840,13.471,ok,32.336,2240.188,0.0,39.8,0.0
6841,12.659,ok,32.336,2240.188,0.0,39.8,0.0
6842,12.593,ok,32.336,2240.188,0.0,39.8,0.0
6843,12.551,ok,32.336,2240.188,0.0,39.8,0.0
6844,12.858,ok,32.336,2240.188,0.0,39.8,0.0
6845,11.941,ok,32.336,2240.188,0.0,39.8,0.0
6846,12.078,ok,32.336,2240.188,0.0,39.8,0.0
6847,11.825,ok,32.336,2240.188,0.0,39.8,0.0
6848,11.673,ok,32.336,2240.188,0.0,39.8,0.0
6849,11.399,ok,32.336,2240.188,5.0,39.8,0.0
6850,11.785,ok,32.336,2240.188,5.0,39.8,0.0
6851,12.146,ok,32.336,2240.188,5.0,39.8,0.0
6852,12.117,ok,32.336,2240.188,5.0,39.8,0.0
6853,12.268,ok,32.336,2240.188,5.0,39.8,0.0
6854,12.557,ok,32.336,2240.188,5.0,39.8,0.0
6855,12.573,ok,32.336,2240.188,5.0,39.8,0.0
6856,12.776,ok,32.336,2240.188,5.0,39.8,0.0
6857,12.678,ok,32.336,2240.188,5.0,39.8,0.0
6858,12.227,ok,32.336,2240.188,5.0,39.8,0.0
6859,11.977,ok,32.336,2240.188,5.0,39.8,0.0
6860,12.188,ok,32.336,2240.188,5.0,39.8,0.0
6861,12.080,ok,32.336,2240.188,5.0,39.8,0.0
6862,11.960,ok,32.336,2240.188,5.0,39.8,0.0
6863,12.526,ok,32.336,2240.188,5.0,39.8,0.0
6864,12.236,ok,32.336,2240.188,5.0,39.8,0.0
6865,11.755,ok,32.336,2240.188,0.0,39.8,0.0
6866,12.173,ok,32.336,2240.188,0.0,39.8,0.0
6867,12.129,ok,32.336,2240.188,0.0,39.8,0.0
6868,12.327,ok,32.336,2240.188,0.0,39.8,0.0
6869,12.456,ok,32.336,2240.188,0.0,39.8,0.0
6870,12.268,ok,32.336,2240.188,0.0,39.8,0.0
6871,12.813,ok,32.336,2240.188,0.0,39.8,0.0
6872,11.969,ok,32.336,2240.188,0.0,39.8,0.0
6873,11.769,ok,32.336,2240.188,0.0,39.8,0.0
6874,11.965,ok,32.336,2240.188,0.0,39.8,0.0
6875,11.739,ok,32.336,2240.188,0.0,39.8,0.0
6876,12.169,ok,32.336,2240.188,0.0,39.8,0.0
6877,12.130,ok,32.336,2240.188,0.0,39.8,0.0
6878,12.478,ok,32.336,2240.188,0.0,39.8,0.0
6879,12.230,ok,32.336,2240.188,0.0,39.8,0.0
6880,12.512,ok,32.336,2240.188,0.0,39.8,0.0
6881,12.573,ok,32.336,2240.188,0.0,39.8,0.0
6882,12.134,ok,32.344,2240.188,5.0,39.8,0.0
6883,12.692,ok,32.344,2240.188,5.0,39.8,0.0
6884,11.823,ok,32.344,2240.188,5.0,39.8,0.0
6885,12.119,ok,32.344,2240.188,5.0,39.8,0.0
6886,11.929,ok,32.344,2240.188,5.0,39.8,0.0
6887,11.803,ok,32.344,2240.188,5.0,39.8,0.0
6888,12.048,ok,32.344,2240.188,5.0,39.8,0.0
6889,11.951,ok,32.344,2240.188,5.0,39.8,0.0
6890,12.368,ok,32.344,2240.188,5.0,39.8,0.0
6891,12.008,ok,32.344,2240.188,5.0,39.8,0.0
6892,12.035,ok,32.344,2240.188,5.0,39.8,0.0
6893,12.267,ok,32.344,2240.188,5.0,39.8,0.0
6894,12.364,ok,32.344,2240.188,5.0,39.8,0.0
6895,11.643,ok,32.344,2240.188,5.0,39.8,0.0
6896,11.931,ok,32.344,2240.188,5.0,39.8,0.0
6897,12.520,ok,32.344,2240.188,5.0,39.8,0.0
6898,12.100,ok,32.348,2240.188,5.0,39.8,0.0
6899,11.988,ok,32.348,2240.188,5.0,39.8,0.0
6900,12.101,ok,32.348,2240.188,5.0,39.8,0.0
6901,11.978,ok,32.348,2240.188,5.0,39.8,0.0
6902,12.309,ok,32.348,2240.188,5.0,39.8,0.0
6903,12.494,ok,32.348,2240.188,5.0,39.8,0.0
6904,12.399,ok,32.348,2240.188,5.0,39.8,0.0
6905,12.382,ok,32.348,2240.188,5.0,39.8,0.0
6906,12.311,ok,32.348,2240.188,5.0,39.8,0.0
6907,12.465,ok,32.348,2240.188,5.0,39.8,0.0
6908,11.564,ok,32.348,2240.188,5.0,39.8,0.0
6909,12.292,ok,32.348,2240.188,5.0,39.8,0.0
6910,11.645,ok,32.348,2240.188,5.0,39.8,0.0
6911,11.958,ok,32.348,2240.188,5.0,39.8,0.0
6912,11.803,ok,32.348,2240.188,5.0,39.8,0.0
6913,12.500,ok,32.348,2240.188,5.0,39.8,0.0
6914,12.497,ok,32.348,2240.188,5.0,39.8,0.0
6915,12.229,ok,32.348,2240.188,0.0,39.8,0.0
6916,11.732,ok,32.348,2240.188,0.0,39.8,0.0
6917,11.967,ok,32.348,2240.188,0.0,39.8,0.0
6918,11.607,ok,32.348,2240.188,0.0,39.8,0.0
6919,10.973,ok,32.348,2240.188,0.0,39.8,0.0
6920,11.450,ok,32.348,2240.188,0.0,39.8,0.0
6921,11.955,ok,32.348,2240.188,0.0,39.8,0.0
6922,11.546,ok,32.348,2240.188,0.0,39.8,0.0
6923,11.421,ok,32.348,2240.188,0.0,39.8,0.0
6924,11.949,ok,32.348,2240.188,0.0,39.8,0.0
6925,12.491,ok,32.348,2240.188,0.0,39.8,0.0
6926,11.809,ok,32.348,2240.188,0.0,39.8,0.0
6927,11.810,ok,32.348,2240.188,0.0,39.8,0.0
6928,11.320,ok,32.348,2240.188,0.0,39.8,0.0
6929,11.543,ok,32.348,2240.188,0.0,39.8,0.0
6930,11.993,ok,32.348,2240.188,0.0,39.8,0.0
6931,11.523,ok,32.348,2240.188,0.0,39.8,0.0
6932,12.121,ok,32.348,2240.188,5.0,39.8,0.0
6933,12.681,ok,32.348,2240.188,5.0,39.8,0.0
6934,12.096,ok,32.348,2240.188,5.0,39.8,0.0
6935,13.133,ok,32.348,2240.188,5.0,39.8,0.0
6936,12.612,ok,32.348,2240.188,5.0,39.8,0.0
6937,12.177,ok,32.348,2240.188,5.0,39.8,0.0
6938,12.031,ok,32.348,2240.188,5.0,39.8,0.0
6939,13.088,ok,32.348,2240.188,5.0,39.8,0.0
6940,12.862,ok,32.348,2240.188,5.0,39.8,0.0
6941,12.564,ok,32.348,2240.188,5.0,39.8,0.0
6942,12.631,ok,32.348,2240.188,5.0,39.8,0.0
6943,12.980,ok,32.348,2240.188,5.0,39.8,0.0
6944,13.018,ok,32.348,2240.188,5.0,39.8,0.0
6945,12.876,ok,32.348,2240.188,5.0,39.8,0.0
6946,13.065,ok,32.348,2240.188,5.0,39.8,0.0
6947,13.130,ok,32.348,2240.188,5.0,39.8,0.0
6948,12.730,ok,32.352,2240.188,0.0,39.8,0.0
6949,11.949,ok,32.352,2240.188,0.0,39.8,0.0
6950,12.308,ok,32.352,2240.188,0.0,39.8,0.0
6951,12.026,ok,32.352,2240.188,0.0,39.8,0.0
6952,12.824,ok,32.352,2240.188,0.0,39.8,0.0
6953,12.610,ok,32.352,2240.188,0.0,39.8,0.0
6954,12.320,ok,32.352,2240.188,0.0,39.8,0.0
6955,13.062,ok,32.352,2240.188,0.0,39.8,0.0
6956,13.051,ok,32.352,2240.188,0.0,39.8,0.0
6957,12.223,ok,32.352,2240.188,0.0,39.8,0.0
6958,12.084,ok,32.352,2240.188,0.0,39.8,0.0
6959,12.736,ok,32.352,2240.188,0.0,39.8,0.0
6960,12.962,ok,32.352,2240.188,0.0,39.8,0.0
6961,12.970,ok,32.352,2240.188,0.0,39.8,0.0
6962,12.975,ok,32.352,2240.188,0.0,39.8,0.0
6963,13.066,ok,32.352,2240.188,0.0,39.8,0.0
6964,12.897,ok,32.352,2240.188,5.0,39.8,0.0
6965,13.049,ok,32.352,2240.188,5.0,39.8,0.0
6966,13.109,ok,32.352,2240.188,5.0,39.8,0.0
6967,12.075,ok,32.352,2240.188,5.0,39.8,0.0
6968,12.683,ok,32.352,2240.188,5.0,39.8,0.0
6969,13.142,ok,32.352,2240.188,5.0,39.8,0.0
6970,12.642,ok,32.352,2240.188,5.0,39.8,0.0
6971,13.246,ok,32.352,2240.188,5.0,39.8,0.0
6972,13.046,ok,32.352,2240.188,5.0,39.8,0.0
6973,12.971,ok,32.352,2240.188,5.0,39.8,0.0
6974,13.018,ok,32.352,2240.188,5.0,39.8,0.0
6975,11.958,ok,32.352,2240.188,5.0,39.8,0.0
6976,12.570,ok,32.352,2240.188,5.0,39.8,0.0
6977,12.928,ok,32.352,2240.188,5.0,39.8,0.0
6978,11.998,ok,32.352,2240.188,5.0,39.8,0.0
6979,11.582,ok,32.352,2240.188,0.0,39.8,0.0
6980,12.206,ok,32.352,2240.188,0.0,39.8,0.0
6981,12.364,ok,32.352,2240.188,0.0,39.8,0.0
6982,12.479,ok,32.352,2240.188,0.0,39.8,0.0
6983,12.725,ok,32.352,2240.188,0.0,39.8,0.0
6984,12.958,ok,32.352,2240.188,0.0,39.8,0.0
6985,12.113,ok,32.352,2240.188,0.0,39.8,0.0
6986,12.053,ok,32.352,2240.188,0.0,39.8,0.0
6987,11.887,ok,32.352,2240.188,0.0,39.8,0.0
6988,12.058,ok,32.352,2240.188,0.0,39.8,0.0
6989,12.735,ok,32.352,2240.188,0.0,39.8,0.0
6990,12.330,ok,32.352,2240.188,0.0,39.8,0.0
6991,12.148,ok,32.352,2240.188,0.0,39.8,0.0
6992,12.572,ok,32.352,2240.188,0.0,39.8,0.0
6993,12.299,ok,32.352,2240.188,0.0,39.8,0.0
6994,12.769,ok,32.352,2240.188,0.0,39.8,0.0
6995,12.688,ok,32.352,2240.188,0.0,39.8,0.0
6996,12.774,ok,32.355,2240.188,5.0,39.8,0.0
6997,12.587,ok,32.355,2240.188,5.0,39.8,0.0
6998,12.614,ok,32.355,2240.188,5.0,39.8,0.0
6999,12.297,ok,32.355,2240.188,5.0,39.8,0.0
7000,12.325,ok,32.355,2240.188,5.0,39.8,0.0
7001,12.246,ok,32.355,2240.188,5.0,39.8,0.0
7002,12.537,ok,32.355,2240.188,5.0,39.8,0.0
7003,12.087,ok,32.355,2240.188,5.0,39.8,0.0
7004,12.471,ok,32.355,2240.188,5.0,39.8,0.0
7005,12.611,ok,32.355,2240.188,5.0,39.8,0.0
7006,12.931,ok,32.355,2240.188,5.0,39.8,0.0
7007,11.949,ok,32.355,2240.188,5.0,39.8,0.0
7008,12.248,ok,32.355,2240.188,5.0,39.8,0.0
7009,12.483,ok,32.355,2240.188,5.0,39.8,0.0
7010,12.057,ok,32.355,2240.188,5.0,39.8,0.0
7011,11.884,ok,32.355,2240.188,5.0,39.8,0.0
7012,11.786,ok,32.359,2240.188,5.0,39.8,0.0
7013,12.157,ok,32.359,2240.188,5.0,39.8,0.0
7014,11.393,ok,32.359,2240.188,5.0,39.8,0.0
7015,11.875,ok,32.359,2240.188,5.0,39.8,0.0
7016,12.249,ok,32.359,2240.188,5.0,39.8,0.0
7017,12.819,ok,32.359,2240.188,5.0,39.8,0.0
7018,13.196,ok,32.359,2240.188,5.0,39.8,0.0
7019,13.095,ok,32.359,2240.188,5.0,39.8,0.0
7020,13.034,ok,32.359,2240.188,5.0,39.8,0.0
7021,12.789,ok,32.359,2240.188,5.0,39.8,0.0
7022,12.095,ok,32.359,2240.188,5.0,39.8,0.0
7023,12.259,ok,32.359,2240.188,5.0,39.8,0.0
7024,12.556,ok,32.359,2240.188,5.0,39.8,0.0
7025,13.047,ok,32.359,2240.188,5.0,39.8,0.0
7026,12.864,ok,32.359,2240.188,5.0,39.8,0.0
7027,12.427,ok,32.359,2240.188,5.0,39.8,0.0
7028,12.749,ok,32.359,2240.188,5.0,39.8,0.0
7029,12.960,ok,32.359,2240.188,5.0,39.8,0.0
7030,13.063,ok,32.359,2240.188,5.0,39.8,0.0
7031,12.175,ok,32.359,2240.188,5.0,39.8,0.0
7032,12.739,ok,32.359,2240.188,5.0,39.8,0.0
7033,12.118,ok,32.359,2240.188,5.0,39.8,0.0
7034,12.612,ok,32.359,2240.188,5.0,39.8,0.0
7035,12.018,ok,32.359,2240.188,5.0,39.8,0.0
7036,12.275,ok,32.359,2240.188,5.0,39.8,0.0
7037,13.180,ok,32.359,2240.188,5.0,39.8,0.0
7038,12.969,ok,32.359,2240.188,5.0,39.8,0.0
7039,12.833,ok,32.359,2240.188,5.0,39.8,0.0
7040,12.310,ok,32.359,2240.188,5.0,39.8,0.0
7041,12.900,ok,32.359,2240.188,5.0,39.8,0.0
7042,12.217,ok,32.359,2240.188,5.0,39.8,0.0
7043,12.706,ok,32.359,2240.188,5.0,39.8,0.0
7044,12.803,ok,32.359,2240.188,0.0,39.8,0.0
7045,13.053,ok,32.359,2240.188,0.0,39.8,0.0
7046,13.041,ok,32.359,2240.188,0.0,39.8,0.0
7047,12.097,ok,32.359,2240.188,0.0,39.8,0.0
7048,11.916,ok,32.359,2240.188,0.0,39.8,0.0
7049,12.665,ok,32.359,2240.188,0.0,39.8,0.0
7050,12.032,ok,32.359,2240.188,0.0,39.8,0.0
7051,11.312,ok,32.359,2240.188,0.0,39.8,0.0
7052,11.795,ok,32.359,2240.188,0.0,39.8,0.0
7053,12.271,ok,32.359,2240.188,0.0,39.8,0.0
7054,12.108,ok,32.359,2240.188,0.0,39.8,0.0
7055,12.047,ok,32.359,2240.188,0.0,39.8,0.0
7056,12.273,ok,32.359,2240.188,0.0,39.8,0.0
7057,11.850,ok,32.359,2240.188,0.0,39.8,0.0
7058,12.222,ok,32.359,2240.188,0.0,39.8,0.0
7059,12.045,ok,32.359,2240.188,0.0,39.8,0.0
7060,11.997,ok,32.363,2240.188,5.0,39.8,0.0
7061,11.493,ok,32.363,2240.188,5.0,39.8,0.0
7062,11.699,ok,32.363,2240.188,5.0,39.8,0.0
7063,11.691,ok,32.363,2240.188,5.0,39.8,0.0
7064,11.853,ok,32.363,2240.188,5.0,39.8,0.0
7065,11.235,ok,32.363,2240.188,5.0,39.8,0.0
7066,11.686,ok,32.363,2240.188,5.0,39.8,0.0
7067,11.378,ok,32.363,2240.188,5.0,39.8,0.0
7068,11.344,ok,32.363,2240.188,5.0,39.8,0.0
7069,11.075,ok,32.363,2240.188,5.0,39.8,0.0
7070,12.199,ok,32.363,2240.188,5.0,39.8,0.0
7071,11.426,ok,32.363,2240.188,5.0,39.8,0.0
7072,12.017,ok,32.363,2240.188,5.0,39.8,0.0
7073,11.467,ok,32.363,2240.188,5.0,39.8,0.0
7074,11.667,ok,32.363,2240.188,5.0,39.8,0.0
7075,11.335,ok,32.363,2240.188,5.0,39.8,0.0
7076,11.713,ok,32.363,2240.188,5.0,39.8,0.0
7077,11.612,ok,32.367,2240.188,0.0,39.8,0.0
7078,11.824,ok,32.367,2240.188,0.0,39.8,0.0
7079,11.526,ok,32.367,2240.188,0.0,39.8,0.0
7080,11.174,ok,32.367,2240.188,0.0,39.8,0.0
7081,11.559,ok,32.367,2240.188,0.0,39.8,0.0
7082,11.556,ok,32.367,2240.188,0.0,39.8,0.0
7083,11.421,ok,32.367,2240.188,0.0,39.8,0.0
7084,11.738,ok,32.367,2240.188,0.0,39.8,0.0
7085,11.596,ok,32.367,2240.188,0.0,39.8,0.0
7086,11.730,ok,32.367,2240.188,0.0,39.8,0.0
7087,11.287,ok,32.367,2240.188,0.0,39.8,0.0
7088,11.498,ok,32.367,2240.188,0.0,39.8,0.0
7089,11.472,ok,32.367,2240.188,0.0,39.8,0.0
7090,11.700,ok,32.367,2240.188,0.0,39.8,0.0
7091,10.942,ok,32.367,2240.188,0.0,39.8,0.0
7092,11.507,ok,32.367,2240.188,0.0,39.8,0.0
7093,11.856,ok,32.367,2240.188,0.0,39.8,0.0
7094,11.945,ok,32.367,2240.188,0.0,39.8,0.0
7095,11.872,ok,32.367,2240.188,5.0,39.8,0.0
7096,12.226,ok,32.367,2240.188,5.0,39.8,0.0
7097,11.885,ok,32.367,2240.188,5.0,39.8,0.0
7098,11.879,ok,32.367,2240.188,5.0,39.8,0.0
7099,12.102,ok,32.367,2240.188,5.0,39.8,0.0
7100,11.844,ok,32.367,2240.188,5.0,39.8,0.0
7101,11.604,ok,32.367,2240.188,5.0,39.8,0.0
7102,12.654,ok,32.367,2240.188,5.0,39.8,0.0
7103,12.167,ok,32.367,2240.188,5.0,39.8,0.0
7104,12.501,ok,32.367,2240.188,5.0,39.8,0.0
7105,12.447,ok,32.367,2240.188,5.0,39.8,0.0
7106,12.729,ok,32.367,2240.188,5.0,39.8,0.0
7107,11.636,ok,32.367,2240.188,5.0,39.8,0.0
7108,12.048,ok,32.367,2240.188,5.0,39.8,0.0
7109,12.146,ok,32.367,2240.188,5.0,39.8,0.0
7110,12.102,ok,32.367,2240.188,5.0,39.8,0.0
7111,12.190,ok,32.367,2240.188,0.0,39.8,0.0
7112,11.763,ok,32.367,2240.188,0.0,39.8,0.0
7113,12.520,ok,32.367,2240.188,0.0,39.8,0.0
7114,11.581,ok,32.367,2240.188,0.0,39.8,0.0
7115,11.656,ok,32.367,2240.188,0.0,39.8,0.0
7116,11.287,ok,32.367,2240.188,0.0,39.8,0.0
7117,11.591,ok,32.367,2240.188,0.0,39.8,0.0
7118,11.548,ok,32.367,2240.188,0.0,39.8,0.0
7119,11.390,ok,32.367,2240.188,0.0,39.8,0.0
7120,12.281,ok,32.367,2240.188,0.0,39.8,0.0
7121,12.081,ok,32.367,2240.188,0.0,39.8,0.0
7122,12.067,ok,32.367,2240.188,0.0,39.8,0.0
7123,12.198,ok,32.367,2240.188,0.0,39.8,0.0
7124,12.079,ok,32.367,2240.188,0.0,39.8,0.0
7125,11.878,ok,32.367,2240.188,0.0,39.8,0.0
7126,12.008,ok,32.367,2240.188,0.0,39.8,0.0
7127,11.655,ok,32.367,2240.188,0.0,39.8,0.0
7128,11.351,ok,32.371,2240.188,5.0,39.8,0.0
7129,12.342,ok,32.371,2240.188,5.0,39.8,0.0
7130,12.025,ok,32.371,2240.188,5.0,39.8,0.0
7131,12.460,ok,32.371,2240.188,5.0,39.8,0.0
7132,12.005,ok,32.371,2240.188,5.0,39.8,0.0
7133,12.127,ok,32.371,2240.188,5.0,39.8,0.0
7134,12.126,ok,32.371,2240.188,5.0,39.8,0.0
7135,12.208,ok,32.371,2240.188,5.0,39.8,0.0
7136,12.289,ok,32.371,2240.188,5.0,39.8,0.0
7137,12.200,ok,32.371,2240.188,5.0,39.8,0.0
7138,12.326,ok,32.371,2240.188,5.0,39.8,0.0
7139,12.510,ok,32.371,2240.188,5.0,39.8,0.0
7140,12.038,ok,32.371,2240.188,5.0,39.8,0.0
7141,11.934,ok,32.371,2240.188,5.0,39.8,0.0
7142,12.562,ok,32.371,2240.188,5.0,39.8,0.0
7143,11.940,ok,32.371,2240.188,5.0,39.8,0.0
7144,11.999,ok,32.371,2240.188,0.0,39.8,0.0
7145,11.931,ok,32.371,2240.188,0.0,39.8,0.0
7146,12.245,ok,32.371,2240.188,0.0,39.8,0.0
7147,12.730,ok,32.371,2240.188,0.0,39.8,0.0
7148,12.204,ok,32.371,2240.188,0.0,39.8,0.0
7149,11.751,ok,32.371,2240.188,0.0,39.8,0.0
7150,11.779,ok,32.371,2240.188,0.0,39.8,0.0
7151,11.432,ok,32.371,2240.188,0.0,39.8,0.0
7152,11.563,ok,32.371,2240.188,0.0,39.8,0.0
7153,11.693,ok,32.371,2240.188,0.0,39.8,0.0
7154,11.484,ok,32.371,2240.188,0.0,39.8,0.0
7155,11.258,ok,32.371,2240.188,0.0,39.8,0.0
7156,11.245,ok,32.371,2240.188,0.0,39.8,0.0
7157,12.075,ok,32.371,2240.188,0.0,39.8,0.0
7158,12.161,ok,32.371,2240.188,0.0,39.8,0.0
7159,12.254,ok,32.371,2240.188,0.0,39.8,0.0
7160,12.151,ok,32.371,2240.188,0.0,39.8,0.0
7161,11.838,ok,32.371,2240.188,0.0,39.8,0.0
7162,12.077,ok,32.371,2240.188,0.0,39.8,0.0
7163,11.702,ok,32.371,2240.188,0.0,39.8,0.0
7164,12.037,ok,32.371,2240.188,0.0,39.8,0.0
7165,11.656,ok,32.371,2240.188,0.0,39.8,0.0
7166,11.845,ok,32.371,2240.188,0.0,39.8,0.0
7167,11.939,ok,32.371,2240.188,0.0,39.8,0.0
7168,11.595,ok,32.371,2240.188,0.0,39.8,0.0
7169,11.607,ok,32.371,2240.188,0.0,39.8,0.0
7170,11.723,ok,32.371,2240.188,0.0,39.8,0.0
7171,12.033,ok,32.371,2240.188,0.0,39.8,0.0
7172,12.145,ok,32.371,2240.188,0.0,39.8,0.0
7173,11.913,ok,32.371,2240.188,0.0,39.8,0.0
7174,12.022,ok,32.371,2240.188,0.0,39.8,0.0
7175,11.712,ok,32.371,2240.188,0.0,39.8,0.0
7176,11.163,ok,32.371,2240.188,0.0,39.8,0.0
7177,11.617,ok,32.371,2240.188,0.0,39.8,0.0
7178,11.235,ok,32.375,2240.188,0.0,39.8,0.0
7179,11.453,ok,32.375,2240.188,0.0,39.8,0.0
7180,12.368,ok,32.375,2240.188,0.0,39.8,0.0
7181,12.368,ok,32.375,2240.188,0.0,39.8,0.0
7182,12.516,ok,32.375,2240.188,0.0,39.8,0.0
7183,12.336,ok,32.375,2240.188,0.0,39.8,0.0
7184,12.742,ok,32.375,2240.188,0.0,39.8,0.0
7185,13.112,ok,32.375,2240.188,0.0,39.8,0.0
7186,13.248,ok,32.375,2240.188,0.0,39.8,0.0
7187,13.112,ok,32.375,2240.188,0.0,39.8,0.0
7188,13.006,ok,32.375,2240.188,0.0,39.8,0.0
7189,12.515,ok,32.375,2240.188,0.0,39.8,0.0
7190,12.885,ok,32.375,2240.188,0.0,39.8,0.0
7191,12.546,ok,32.375,2240.188,0.0,39.8,0.0
7192,12.288,ok,32.375,2240.188,0.0,39.8,0.0
7193,12.340,ok,32.375,2240.188,0.0,39.8,0.0
7194,12.250,ok,32.375,2240.188,5.0,39.8,0.0
7195,11.724,ok,32.375,2240.188,5.0,39.8,0.0
7196,11.242,ok,32.375,2240.188,5.0,39.8,0.0
7197,11.765,ok,32.375,2240.188,5.0,39.8,0.0
7198,11.321,ok,32.375,2240.188,5.0,39.8,0.0
7199,11.760,ok,32.375,2240.188,5.0,39.8,0.0
7200,11.990,ok,32.375,2240.188,5.0,39.8,0.0
7201,11.252,ok,32.375,2240.188,5.0,39.8,0.0
7202,11.547,ok,32.375,2240.188,5.0,39.8,0.0
7203,12.022,ok,32.375,2240.188,5.0,39.8,0.0
7204,11.887,ok,32.375,2240.188,5.0,39.8,0.0
7205,12.066,ok,32.375,2240.188,5.0,39.8,0.0
7206,11.341,ok,32.375,2240.188,5.0,39.8,0.0
7207,11.235,ok,32.375,2240.188,5.0,39.8,0.0
7208,11.598,ok,32.375,2240.188,5.0,39.8,0.0
7209,11.843,ok,32.375,2240.188,5.0,39.8,0.0
7210,12.229,ok,32.375,2240.188,5.0,39.8,0.0
7211,12.542,ok,32.375,2240.188,5.0,39.8,0.0
7212,12.508,ok,32.375,2240.188,5.0,39.8,0.0
7213,12.430,ok,32.375,2240.188,5.0,39.8,0.0
7214,12.378,ok,32.375,2240.188,5.0,39.8,0.0
7215,12.098,ok,32.375,2240.188,5.0,39.8,0.0
7216,11.536,ok,32.375,2240.188,5.0,39.8,0.0
7217,12.040,ok,32.375,2240.188,5.0,39.8,0.0
7218,12.500,ok,32.375,2240.188,5.0,39.8,0.0
7219,12.167,ok,32.375,2240.188,5.0,39.8,0.0
7220,12.318,ok,32.375,2240.188,5.0,39.8,0.0
7221,11.755,ok,32.375,2240.188,5.0,39.8,0.0
7222,11.882,ok,32.375,2240.188,5.0,39.8,0.0
7223,11.823,ok,32.375,2240.188,5.0,39.8,0.0
7224,12.033,ok,32.375,2240.188,5.0,39.8,0.0
7225,11.762,ok,32.375,2240.188,5.0,39.8,0.0
7226,12.017,ok,32.375,2240.188,5.0,39.8,0.0
7227,11.376,ok,32.375,2240.188,5.0,39.8,0.0
7228,11.693,ok,32.379,2240.188,0.0,39.8,0.0
7229,11.975,ok,32.379,2240.188,0.0,39.8,0.0
7230,11.427,ok,32.379,2240.188,0.0,39.8,0.0
7231,11.884,ok,32.379,2240.188,0.0,39.8,0.0
7232,12.009,ok,32.379,2240.188,0.0,39.8,0.0
7233,11.765,ok,32.379,2240.188,0.0,39.8,0.0
7234,12.126,ok,32.379,2240.188,0.0,39.8,0.0
7235,11.659,ok,32.379,2240.188,0.0,39.8,0.0
7236,12.219,ok,32.379,2240.188,0.0,39.8,0.0
7237,12.196,ok,32.379,2240.188,0.0,39.8,0.0
7238,12.522,ok,32.379,2240.188,0.0,39.8,0.0
7239,12.003,ok,32.379,2240.188,0.0,39.8,0.0
7240,12.201,ok,32.379,2240.188,0.0,39.8,0.0
7241,11.119,ok,32.379,2240.188,0.0,39.8,0.0
7242,12.357,ok,32.379,2240.188,0.0,39.8,0.0
7243,12.787,ok,32.379,2240.188,0.0,39.8,0.0
7244,12.596,ok,32.379,2240.188,0.0,39.8,0.0
7245,12.066,ok,32.383,2240.188,0.0,39.8,0.0
7246,12.605,ok,32.383,2240.188,0.0,39.8,0.0
7247,12.872,ok,32.383,2240.188,0.0,39.8,0.0
7248,12.857,ok,32.383,2240.188,0.0,39.8,0.0
7249,12.525,ok,32.383,2240.188,0.0,39.8,0.0
7250,12.228,ok,32.383,2240.188,0.0,39.8,0.0
7251,11.861,ok,32.383,2240.188,0.0,39.8,0.0
7252,11.824,ok,32.383,2240.188,0.0,39.8,0.0
7253,12.071,ok,32.383,2240.188,0.0,39.8,0.0
7254,12.051,ok,32.383,2240.188,0.0,39.8,0.0
7255,11.964,ok,32.383,2240.188,0.0,39.8,0.0
7256,11.642,ok,32.383,2240.188,0.0,39.8,0.0
7257,11.582,ok,32.383,2240.188,0.0,39.8,0.0
7258,11.553,ok,32.383,2240.188,0.0,39.8,0.0
7259,11.654,ok,32.383,2240.188,0.0,39.8,0.0
7260,11.789,ok,32.383,2240.188,0.0,39.8,0.0
7261,12.319,ok,32.383,2240.188,0.0,39.8,0.0
7262,12.676,ok,32.383,2240.188,0.0,39.8,0.0
7263,11.966,ok,32.383,2240.188,0.0,39.8,0.0
7264,12.331,ok,32.383,2240.188,0.0,39.8,0.0
7265,12.157,ok,32.383,2240.188,0.0,39.8,0.0
7266,11.812,ok,32.383,2240.188,0.0,39.8,0.0
7267,11.726,ok,32.383,2240.188,0.0,39.8,0.0
7268,12.002,ok,32.383,2240.188,0.0,39.8,0.0
7269,11.761,ok,32.383,2240.188,0.0,39.8,0.0
7270,12.231,ok,32.383,2240.188,0.0,39.8,0.0
7271,12.149,ok,32.383,2240.188,0.0,39.8,0.0
7272,12.026,ok,32.383,2240.188,0.0,39.8,0.0
7273,12.500,ok,32.383,2240.188,0.0,39.8,0.0
7274,12.363,ok,32.383,2240.188,0.0,39.8,0.0
7275,12.618,ok,32.383,2240.188,0.0,39.8,0.0
7276,12.539,ok,32.383,2240.188,0.0,39.8,0.0
7277,12.622,ok,32.383,2240.188,0.0,39.8,0.0
7278,12.474,ok,32.383,2240.188,5.0,39.8,0.0
7279,12.702,ok,32.383,2240.188,5.0,39.8,0.0
7280,12.758,ok,32.383,2240.188,5.0,39.8,0.0
7281,12.661,ok,32.383,2240.188,5.0,39.8,0.0
7282,12.917,ok,32.383,2240.188,5.0,39.8,0.0
7283,12.846,ok,32.383,2240.188,5.0,39.8,0.0
7284,12.620,ok,32.383,2240.188,5.0,39.8,0.0
7285,11.970,ok,32.383,2240.188,5.0,39.8,0.0
7286,11.867,ok,32.383,2240.188,5.0,39.8,0.0
7287,12.614,ok,32.383,2240.188,5.0,39.8,0.0
7288,12.505,ok,32.383,2240.188,5.0,39.8,0.0
7289,12.642,ok,32.383,2240.188,5.0,39.8,0.0
7290,12.789,ok,32.383,2240.188,5.0,39.8,0.0
7291,13.216,ok,32.383,2240.188,5.0,39.8,0.0
7292,12.738,ok,32.383,2240.188,5.0,39.8,0.0
7293,13.073,ok,32.387,2240.188,5.0,39.8,0.0
7294,12.446,ok,32.387,2240.188,5.0,39.8,0.0
7295,12.521,ok,32.387,2240.188,5.0,39.8,0.0
7296,12.958,ok,32.387,2240.188,5.0,39.8,0.0
7297,12.364,ok,32.387,2240.188,5.0,39.8,0.0
7298,11.805,ok,32.387,2240.188,5.0,39.8,0.0
7299,12.012,ok,32.387,2240.188,5.0,39.8,0.0
7300,11.947,ok,32.387,2240.188,5.0,39.8,0.0
7301,12.108,ok,32.387,2240.188,5.0,39.8,0.0
7302,12.613,ok,32.387,2240.188,5.0,39.8,0.0
7303,13.257,ok,32.387,2240.188,5.0,39.8,0.0
7304,12.313,ok,32.387,2240.188,5.0,39.8,0.0
7305,12.878,ok,32.387,2240.188,5.0,39.8,0.0
7306,12.767,ok,32.387,2240.188,5.0,39.8,0.0
7307,12.719,ok,32.387,2240.188,5.0,39.8,0.0
7308,12.613,ok,32.387,2240.188,5.0,39.8,0.0
7309,12.760,ok,32.387,2240.188,0.0,39.8,0.0
7310,12.800,ok,32.387,2240.188,0.0,39.8,0.0
7311,13.020,ok,32.387,2240.188,0.0,39.8,0.0
7312,12.923,ok,32.387,2240.188,0.0,39.8,0.0
7313,12.711,ok,32.387,2240.188,0.0,39.8,0.0
7314,13.207,ok,32.387,2240.188,0.0,39.8,0.0
7315,12.356,ok,32.387,2240.188,0.0,39.8,0.0
7316,12.251,ok,32.387,2240.188,0.0,39.8,0.0
7317,11.867,ok,32.387,2240.188,0.0,39.8,0.0
7318,11.650,ok,32.387,2240.188,0.0,39.8,0.0
7319,11.478,ok,32.387,2240.188,0.0,39.8,0.0
7320,11.565,ok,32.387,2240.188,0.0,39.8,0.0
7321,12.177,ok,32.387,2240.188,0.0,39.8,0.0
7322,12.124,ok,32.387,2240.188,0.0,39.8,0.0
7323,11.505,ok,32.387,2240.188,0.0,39.8,0.0
7324,11.989,ok,32.387,2240.188,0.0,39.8,0.0
7325,12.352,ok,32.387,2240.188,0.0,39.8,0.0
7326,11.860,ok,32.387,2240.188,5.0,39.8,0.0
7327,11.588,ok,32.387,2240.188,5.0,39.8,0.0
7328,11.811,ok,32.387,2240.188,5.0,39.8,0.0
7329,11.634,ok,32.387,2240.188,5.0,39.8,0.0
7330,11.809,ok,32.387,2240.188,5.0,39.8,0.0
7331,11.621,ok,32.387,2240.188,5.0,39.8,0.0
7332,11.949,ok,32.387,2240.188,5.0,39.8,0.0
7333,11.211,ok,32.387,2240.188,5.0,39.8,0.0
7334,12.545,ok,32.387,2240.188,5.0,39.8,0.0
7335,12.495,ok,32.387,2240.188,5.0,39.8,0.0
7336,12.119,ok,32.387,2240.188,5.0,39.8,0.0
7337,12.272,ok,32.387,2240.188,5.0,39.8,0.0
7338,11.612,ok,32.387,2240.188,5.0,39.8,0.0
7339,11.835,ok,32.387,2240.188,5.0,39.8,0.0
7340,11.643,ok,32.387,2240.188,5.0,39.8,0.0
7341,11.821,ok,32.387,2240.188,5.0,39.8,0.0
7342,12.422,ok,32.387,2240.188,5.0,39.8,0.0
7343,11.730,ok,32.391,2240.188,0.0,39.8,0.0
7344,11.960,ok,32.391,2240.188,0.0,39.8,0.0
7345,11.822,ok,32.391,2240.188,0.0,39.8,0.0
7346,12.424,ok,32.391,2240.188,0.0,39.8,0.0
7347,12.077,ok,32.391,2240.188,0.0,39.8,0.0
7348,12.094,ok,32.391,2240.188,0.0,39.8,0.0
7349,12.415,ok,32.391,2240.188,0.0,39.8,0.0
7350,11.847,ok,32.391,2240.188,0.0,39.8,0.0
7351,11.789,ok,32.391,2240.188,0.0,39.8,0.0
7352,12.042,ok,32.391,2240.188,0.0,39.8,0.0
7353,12.471,ok,32.391,2240.188,0.0,39.8,0.0
7354,12.848,ok,32.391,2240.188,0.0,39.8,0.0
7355,12.371,ok,32.391,2240.188,0.0,39.8,0.0
7356,12.635,ok,32.391,2240.188,0.0,39.8,0.0
7357,12.720,ok,32.391,2240.188,0.0,39.8,0.0
7358,13.268,ok,32.391,2240.188,0.0,39.8,0.0
7359,12.546,ok,32.391,2240.188,5.0,39.8,0.0
7360,13.273,ok,32.391,2240.188,5.0,39.8,0.0
7361,13.037,ok,32.391,2240.188,5.0,39.8,0.0
7362,13.182,ok,32.391,2240.188,5.0,39.8,0.0
7363,13.035,ok,32.391,2240.188,5.0,39.8,0.0
7364,13.017,ok,32.391,2240.188,5.0,39.8,0.0
7365,12.415,ok,32.391,2240.188,5.0,39.8,0.0
7366,12.013,ok,32.391,2240.188,5.0,39.8,0.0
7367,12.207,ok,32.391,2240.188,5.0,39.8,0.0
7368,12.317,ok,32.391,2240.188,5.0,39.8,0.0
7369,12.592,ok,32.391,2240.188,5.0,39.8,0.0
7370,12.706,ok,32.391,2240.188,5.0,39.8,0.0
7371,11.810,ok,32.391,2240.188,5.0,39.8,0.0
7372,12.280,ok,32.391,2240.188,5.0,39.8,0.0
7373,12.274,ok,32.391,2240.188,5.0,39.8,0.0
7374,12.647,ok,32.391,2240.188,5.0,39.8,0.0
7375,12.004,ok,32.391,2240.188,0.0,39.8,0.0
7376,12.899,ok,32.391,2240.188,0.0,39.8,0.0
7377,12.928,ok,32.391,2240.188,0.0,39.8,0.0
7378,12.827,ok,32.391,2240.188,0.0,39.8,0.0
7379,13.127,ok,32.391,2240.188,0.0,39.8,0.0
7380,12.963,ok,32.391,2240.188,0.0,39.8,0.0
7381,12.895,ok,32.391,2240.188,0.0,39.8,0.0
7382,12.938,ok,32.391,2240.188,0.0,39.8,0.0
7383,13.171,ok,32.391,2240.188,0.0,39.8,0.0
7384,12.923,ok,32.391,2240.188,0.0,39.8,0.0
7385,13.054,ok,32.391,2240.188,0.0,39.8,0.0
7386,12.988,ok,32.391,2240.188,0.0,39.8,0.0
7387,13.124,ok,32.391,2240.188,0.0,39.8,0.0
7388,12.950,ok,32.391,2240.188,0.0,39.8,0.0
7389,12.680,ok,32.391,2240.188,0.0,39.8,0.0
7390,12.227,ok,32.391,2240.188,10.0,39.8,0.0
7391,11.610,ok,32.391,2240.188,10.0,39.8,0.0
7392,11.568,ok,32.391,2240.188,10.0,39.8,0.0
7393,11.481,ok,32.391,2240.188,10.0,39.8,0.0
7394,11.525,ok,32.391,2240.188,10.0,39.8,0.0
7395,11.833,ok,32.391,2240.188,10.0,39.8,0.0
7396,11.696,ok,32.391,2240.188,10.0,39.8,0.0
7397,12.060,ok,32.391,2240.188,10.0,39.8,0.0
7398,11.854,ok,32.391,2240.188,10.0,39.8,0.0
7399,12.308,ok,32.391,2240.188,10.0,39.8,0.0
7400,11.931,ok,32.391,2240.188,10.0,39.8,0.0
7401,11.842,ok,32.391,2240.188,10.0,39.8,0.0
7402,12.050,ok,32.391,2240.188,10.0,39.8,0.0
7403,12.107,ok,32.391,2240.188,10.0,39.8,0.0
7404,12.154,ok,32.391,2240.188,10.0,39.8,0.0
7405,12.456,ok,32.391,2240.188,10.0,39.8,0.0
7406,11.896,ok,32.391,2240.188,10.0,39.8,0.0
7407,11.810,ok,32.398,2240.188,0.0,39.8,0.0
7408,11.934,ok,32.398,2240.188,0.0,39.8,0.0
7409,11.703,ok,32.398,2240.188,0.0,39.8,0.0
7410,11.568,ok,32.398,2240.188,0.0,39.8,0.0
7411,11.928,ok,32.398,2240.188,0.0,39.8,0.0
7412,11.637,ok,32.398,2240.188,0.0,39.8,0.0
7413,11.672,ok,32.398,2240.188,0.0,39.8,0.0
7414,12.312,ok,32.398,2240.188,0.0,39.8,0.0
7415,11.914,ok,32.398,2240.188,0.0,39.8,0.0
7416,11.789,ok,32.398,2240.188,0.0,39.8,0.0
7417,11.367,ok,32.398,2240.188,0.0,39.8,0.0
7418,11.796,ok,32.398,2240.188,0.0,39.8,0.0
7419,11.660,ok,32.398,2240.188,0.0,39.8,0.0
7420,11.027,ok,32.398,2240.188,0.0,39.8,0.0
7421,11.290,ok,32.398,2240.188,0.0,39.8,0.0
7422,11.767,ok,32.398,2240.188,0.0,39.8,0.0
7423,12.130,ok,32.398,2240.188,0.0,39.8,0.0
7424,11.216,ok,32.398,2240.188,0.0,39.8,0.0
7425,11.940,ok,32.398,2240.188,0.0,39.8,0.0
7426,11.923,ok,32.398,2240.188,0.0,39.8,0.0
7427,11.388,ok,32.398,2240.188,0.0,39.8,0.0
7428,11.844,ok,32.398,2240.188,0.0,39.8,0.0
7429,12.058,ok,32.398,2240.188,0.0,39.8,0.0
7430,10.850,ok,32.398,2240.188,0.0,39.8,0.0
7431,10.988,ok,32.398,2240.188,0.0,39.8,0.0
7432,11.328,ok,32.398,2240.188,0.0,39.8,0.0
7433,11.346,ok,32.398,2240.188,0.0,39.8,0.0
7434,11.551,ok,32.398,2240.188,0.0,39.8,0.0
7435,11.700,ok,32.398,2240.188,0.0,39.8,0.0
7436,11.972,ok,32.398,2240.188,0.0,39.8,0.0
7437,12.195,ok,32.398,2240.188,0.0,39.8,0.0
7438,11.870,ok,32.398,2240.188,0.0,39.8,0.0
7439,11.822,ok,32.398,2240.188,0.0,39.8,0.0
7440,11.231,ok,32.398,2240.188,0.0,39.8,0.0
7441,11.698,ok,32.398,2240.188,0.0,39.8,0.0
7442,12.165,ok,32.398,2240.188,0.0,39.8,0.0
7443,12.116,ok,32.398,2240.188,0.0,39.8,0.0
7444,11.748,ok,32.398,2240.188,0.0,39.8,0.0
7445,12.067,ok,32.398,2240.188,0.0,39.8,0.0
7446,11.628,ok,32.398,2240.188,0.0,39.8,0.0
7447,11.548,ok,32.398,2240.188,0.0,39.8,0.0
7448,11.470,ok,32.398,2240.188,0.0,39.8,0.0
7449,11.814,ok,32.398,2240.188,0.0,39.8,0.0
7450,11.967,ok,32.398,2240.188,0.0,39.8,0.0
7451,11.492,ok,32.398,2240.188,0.0,39.8,0.0
7452,11.863,ok,32.398,2240.188,0.0,39.8,0.0
7453,12.075,ok,32.398,2240.188,0.0,39.8,0.0
7454,11.803,ok,32.398,2240.188,0.0,39.8,0.0
7455,11.577,ok,32.398,2240.188,0.0,39.8,0.0
7456,12.124,ok,32.398,2240.188,0.0,39.8,0.0
7457,11.163,ok,32.398,2240.188,0.0,39.8,0.0
7458,11.266,ok,32.398,2240.188,0.0,39.8,0.0
7459,11.574,ok,32.402,2240.188,0.0,39.8,0.0
7460,11.250,ok,32.402,2240.188,0.0,39.8,0.0
7461,11.642,ok,32.402,2240.188,0.0,39.8,0.0
7462,11.375,ok,32.402,2240.188,0.0,39.8,0.0
7463,11.517,ok,32.402,2240.188,0.0,39.8,0.0
7464,11.847,ok,32.402,2240.188,0.0,39.8,0.0
7465,11.479,ok,32.402,2240.188,0.0,39.8,0.0
7466,11.815,ok,32.402,2240.188,0.0,39.8,0.0
7467,11.981,ok,32.402,2240.188,0.0,39.8,0.0
7468,11.433,ok,32.402,2240.188,0.0,39.8,0.0
7469,12.219,ok,32.402,2240.188,0.0,39.8,0.0
7470,11.290,ok,32.402,2240.188,0.0,39.8,0.0
7471,11.562,ok,32.402,2240.188,0.0,39.8,0.0
7472,11.967,ok,32.402,2240.188,0.0,39.8,0.0
7473,11.377,ok,32.402,2240.188,0.0,39.8,0.0
7474,11.799,ok,32.402,2240.188,0.0,39.8,0.0
7475,11.958,ok,32.402,2240.188,0.0,39.8,0.0
7476,11.609,ok,32.406,2240.188,5.0,39.8,0.0
7477,11.534,ok,32.406,2240.188,5.0,39.8,0.0
7478,11.679,ok,32.406,2240.188,5.0,39.8,0.0
7479,12.199,ok,32.406,2240.188,5.0,39.8,0.0
7480,11.370,ok,32.406,2240.188,5.0,39.8,0.0
7481,12.537,ok,32.406,2240.188,5.0,39.8,0.0
7482,11.930,ok,32.406,2240.188,5.0,39.8,0.0
7483,11.984,ok,32.406,2240.188,5.0,39.8,0.0
7484,11.847,ok,32.406,2240.188,5.0,39.8,0.0
7485,11.780,ok,32.406,2240.188,5.0,39.8,0.0
7486,11.987,ok,32.406,2240.188,5.0,39.8,0.0
7487,11.675,ok,32.406,2240.188,5.0,39.8,0.0
7488,11.985,ok,32.406,2240.188,5.0,39.8,0.0
7489,12.106,ok,32.406,2240.188,5.0,39.8,0.0
7490,11.337,ok,32.406,2240.188,5.0,39.8,0.0
7491,11.715,ok,32.406,2240.188,5.0,39.8,0.0
7492,11.793,ok,32.406,2240.188,5.0,39.8,0.0
7493,11.384,ok,32.406,2240.188,0.0,39.8,0.0
7494,11.243,ok,32.406,2240.188,0.0,39.8,0.0
7495,11.711,ok,32.406,2240.188,0.0,39.8,0.0
7496,11.856,ok,32.406,2240.188,0.0,39.8,0.0
7497,12.054,ok,32.406,2240.188,0.0,39.8,0.0
7498,12.467,ok,32.406,2240.188,0.0,39.8,0.0
7499,12.306,ok,32.406,2240.188,0.0,39.8,0.0
7500,11.647,ok,32.406,2240.188,0.0,39.8,0.0
7501,11.811,ok,32.406,2240.188,0.0,39.8,0.0
7502,11.492,ok,32.406,2240.188,0.0,39.8,0.0
7503,12.053,ok,32.406,2240.188,0.0,39.8,0.0
7504,11.921,ok,32.406,2240.188,0.0,39.8,0.0
7505,11.761,ok,32.406,2240.188,0.0,39.8,0.0
7506,11.658,ok,32.406,2240.188,0.0,39.8,0.0
7507,11.702,ok,32.406,2240.188,0.0,39.8,0.0
7508,11.340,ok,32.406,2240.188,0.0,39.8,0.0
7509,11.503,ok,32.406,2240.188,0.0,39.8,0.0
7510,11.999,ok,32.406,2240.188,5.0,39.8,0.0
7511,11.316,ok,32.406,2240.188,5.0,39.8,0.0
7512,11.985,ok,32.406,2240.188,5.0,39.8,0.0
7513,11.542,ok,32.406,2240.188,5.0,39.8,0.0
7514,12.517,ok,32.406,2240.188,5.0,39.8,0.0
7515,12.131,ok,32.406,2240.188,5.0,39.8,0.0
7516,12.699,ok,32.406,2240.188,5.0,39.8,0.0
7517,13.002,ok,32.406,2240.188,5.0,39.8,0.0
7518,12.371,ok,32.406,2240.188,5.0,39.8,0.0
7519,12.678,ok,32.406,2240.188,5.0,39.8,0.0
7520,12.048,ok,32.406,2240.188,5.0,39.8,0.0
7521,12.956,ok,32.406,2240.188,5.0,39.8,0.0
7522,12.952,ok,32.406,2240.188,5.0,39.8,0.0
7523,13.068,ok,32.406,2240.188,5.0,39.8,0.0
7524,12.978,ok,32.406,2240.188,5.0,39.8,0.0
7525,12.861,ok,32.406,2240.188,5.0,39.8,0.0
7526,12.980,ok,32.410,2240.188,0.0,39.8,0.0
7527,12.808,ok,32.410,2240.188,0.0,39.8,0.0
7528,12.632,ok,32.410,2240.188,0.0,39.8,0.0
7529,12.746,ok,32.410,2240.188,0.0,39.8,0.0
7530,13.181,ok,32.410,2240.188,0.0,39.8,0.0
7531,12.507,ok,32.410,2240.188,0.0,39.8,0.0
7532,12.154,ok,32.410,2240.188,0.0,39.8,0.0
7533,11.668,ok,32.410,2240.188,0.0,39.8,0.0
7534,11.667,ok,32.410,2240.188,0.0,39.8,0.0
7535,12.360,ok,32.410,2240.188,0.0,39.8,0.0
7536,12.905,ok,32.410,2240.188,0.0,39.8,0.0
7537,12.627,ok,32.410,2240.188,0.0,39.8,0.0
7538,12.966,ok,32.410,2240.188,0.0,39.8,0.0
7539,13.025,ok,32.410,2240.188,0.0,39.8,0.0
7540,12.449,ok,32.410,2240.188,0.0,39.8,0.0
7541,12.614,ok,32.410,2240.188,0.0,39.8,0.0
7542,12.308,ok,32.414,2240.188,5.0,39.8,0.0
7543,12.245,ok,32.414,2240.188,5.0,39.8,0.0
7544,12.299,ok,32.414,2240.188,5.0,39.8,0.0
7545,13.089,ok,32.414,2240.188,5.0,39.8,0.0
7546,12.895,ok,32.414,2240.188,5.0,39.8,0.0
7547,13.026,ok,32.414,2240.188,5.0,39.8,0.0
7548,12.580,ok,32.414,2240.188,5.0,39.8,0.0
7549,12.947,ok,32.414,2240.188,5.0,39.8,0.0
7550,12.354,ok,32.414,2240.188,5.0,39.8,0.0
7551,13.101,ok,32.414,2240.188,5.0,39.8,0.0
7552,12.784,ok,32.414,2240.188,5.0,39.8,0.0
7553,12.584,ok,32.414,2240.188,5.0,39.8,0.0
7554,12.302,ok,32.414,2240.188,5.0,39.8,0.0
7555,12.222,ok,32.414,2240.188,5.0,39.8,0.0
7556,12.213,ok,32.414,2240.188,5.0,39.8,0.0
7557,12.327,ok,32.414,2240.188,5.0,39.8,0.0
7558,12.552,ok,32.414,2240.188,0.0,39.8,0.0
7559,12.874,ok,32.414,2240.188,0.0,39.8,0.0
7560,13.135,ok,32.414,2240.188,0.0,39.8,0.0
7561,13.063,ok,32.414,2240.188,0.0,39.8,0.0
7562,12.956,ok,32.414,2240.188,0.0,39.8,0.0
7563,13.227,ok,32.414,2240.188,0.0,39.8,0.0
7564,12.016,ok,32.414,2240.188,0.0,39.8,0.0
7565,12.874,ok,32.414,2240.188,0.0,39.8,0.0
7566,12.753,ok,32.414,2240.188,0.0,39.8,0.0
7567,12.505,ok,32.414,2240.188,0.0,39.8,0.0
7568,12.059,ok,32.414,2240.188,0.0,39.8,0.0
7569,12.294,ok,32.414,2240.188,0.0,39.8,0.0
7570,12.655,ok,32.414,2240.188,0.0,39.8,0.0
7571,12.281,ok,32.414,2240.188,0.0,39.8,0.0
7572,12.146,ok,32.414,2240.188,0.0,39.8,0.0
7573,12.188,ok,32.414,2240.188,0.0,39.8,0.0
7574,12.384,ok,32.418,2240.188,5.0,39.8,0.0
7575,12.083,ok,32.418,2240.188,5.0,39.8,0.0
7576,12.055,ok,32.418,2240.188,5.0,39.8,0.0
7577,12.400,ok,32.418,2240.188,5.0,39.8,0.0
7578,12.255,ok,32.418,2240.188,5.0,39.8,0.0
7579,12.000,ok,32.418,2240.188,5.0,39.8,0.0
7580,12.831,ok,32.418,2240.188,5.0,39.8,0.0
7581,11.768,ok,32.418,2240.188,5.0,39.8,0.0
7582,11.777,ok,32.418,2240.188,5.0,39.8,0.0
7583,11.809,ok,32.418,2240.188,5.0,39.8,0.0
7584,11.343,ok,32.418,2240.188,5.0,39.8,0.0
7585,11.315,ok,32.418,2240.188,5.0,39.8,0.0
7586,11.449,ok,32.418,2240.188,5.0,39.8,0.0
7587,11.867,ok,32.418,2240.188,5.0,39.8,0.0
7588,11.939,ok,32.418,2240.188,5.0,39.8,0.0
7589,11.532,ok,32.418,2240.188,5.0,39.8,0.0
7590,11.445,ok,32.418,2240.188,5.0,39.8,0.0
7591,11.911,ok,32.418,2240.188,5.0,39.8,0.0
7592,11.967,ok,32.418,2240.188,5.0,39.8,0.0
7593,12.749,ok,32.418,2240.188,5.0,39.8,0.0
7594,12.454,ok,32.418,2240.188,5.0,39.8,0.0
7595,12.249,ok,32.418,2240.188,5.0,39.8,0.0
7596,12.214,ok,32.418,2240.188,5.0,39.8,0.0
7597,11.988,ok,32.418,2240.188,5.0,39.8,0.0
7598,12.016,ok,32.418,2240.188,5.0,39.8,0.0
7599,12.370,ok,32.418,2240.188,5.0,39.8,0.0
7600,13.035,ok,32.418,2240.188,5.0,39.8,0.0
7601,12.560,ok,32.418,2240.188,5.0,39.8,0.0
7602,12.844,ok,32.418,2240.188,5.0,39.8,0.0
7603,13.190,ok,32.418,2240.188,5.0,39.8,0.0
7604,13.038,ok,32.418,2240.188,5.0,39.8,0.0
7605,12.696,ok,32.418,2240.188,5.0,39.8,0.0
7606,11.637,ok,32.418,2240.188,0.0,39.8,0.0
7607,12.797,ok,32.418,2240.188,0.0,39.8,0.0
7608,12.815,ok,32.418,2240.188,0.0,39.8,0.0
7609,12.467,ok,32.418,2240.188,0.0,39.8,0.0
7610,12.011,ok,32.418,2240.188,0.0,39.8,0.0
7611,12.541,ok,32.418,2240.188,0.0,39.8,0.0
7612,12.527,ok,32.418,2240.188,0.0,39.8,0.0
7613,12.618,ok,32.418,2240.188,0.0,39.8,0.0
7614,12.054,ok,32.418,2240.188,0.0,39.8,0.0
7615,12.942,ok,32.418,2240.188,0.0,39.8,0.0
7616,12.805,ok,32.418,2240.188,0.0,39.8,0.0
7617,12.446,ok,32.418,2240.188,0.0,39.8,0.0
7618,12.493,ok,32.418,2240.188,0.0,39.8,0.0
7619,12.879,ok,32.418,2240.188,0.0,39.8,0.0
7620,12.290,ok,32.418,2240.188,0.0,39.8,0.0
7621,12.175,ok,32.418,2240.188,0.0,39.8,0.0
7622,12.878,ok,32.418,2240.188,0.0,39.8,0.0
7623,12.880,ok,32.418,2240.188,5.0,39.8,0.0
7624,12.254,ok,32.418,2240.188,5.0,39.8,0.0
7625,12.086,ok,32.418,2240.188,5.0,39.8,0.0
7626,12.075,ok,32.418,2240.188,5.0,39.8,0.0
7627,12.771,ok,32.418,2240.188,5.0,39.8,0.0
7628,13.093,ok,32.418,2240.188,5.0,39.8,0.0
7629,12.058,ok,32.418,2240.188,5.0,39.8,0.0
7630,12.204,ok,32.418,2240.188,5.0,39.8,0.0
7631,12.686,ok,32.418,2240.188,5.0,39.8,0.0
7632,12.852,ok,32.418,2240.188,5.0,39.8,0.0
7633,12.770,ok,32.418,2240.188,5.0,39.8,0.0
7634,12.236,ok,32.418,2240.188,5.0,39.8,0.0
7635,12.422,ok,32.418,2240.188,5.0,39.8,0.0
7636,12.452,ok,32.418,2240.188,5.0,39.8,0.0
7637,12.635,ok,32.418,2240.188,5.0,39.8,0.0
7638,12.762,ok,32.418,2240.188,5.0,39.8,0.0
7639,12.949,ok,32.422,2240.188,5.0,39.8,0.0
7640,12.579,ok,32.422,2240.188,5.0,39.8,0.0
7641,12.579,ok,32.422,2240.188,5.0,39.8,0.0
7642,11.604,ok,32.422,2240.188,5.0,39.8,0.0
7643,12.757,ok,32.422,2240.188,5.0,39.8,0.0
7644,12.826,ok,32.422,2240.188,5.0,39.8,0.0
7645,12.151,ok,32.422,2240.188,5.0,39.8,0.0
7646,12.331,ok,32.422,2240.188,5.0,39.8,0.0
7647,12.771,ok,32.422,2240.188,5.0,39.8,0.0
7648,12.191,ok,32.422,2240.188,5.0,39.8,0.0
7649,12.198,ok,32.422,2240.188,5.0,39.8,0.0
7650,11.628,ok,32.422,2240.188,5.0,39.8,0.0
7651,11.490,ok,32.422,2240.188,5.0,39.8,0.0
7652,11.965,ok,32.422,2240.188,5.0,39.8,0.0
7653,11.491,ok,32.422,2240.188,5.0,39.8,0.0
7654,11.926,ok,32.422,2240.188,5.0,39.8,0.0
7655,12.261,ok,32.422,2240.188,0.0,39.8,0.0
7656,11.750,ok,32.422,2240.188,0.0,39.8,0.0
7657,12.191,ok,32.422,2240.188,0.0,39.8,0.0
7658,12.274,ok,32.422,2240.188,0.0,39.8,0.0
7659,12.672,ok,32.422,2240.188,0.0,39.8,0.0
7660,12.150,ok,32.422,2240.188,0.0,39.8,0.0
7661,12.594,ok,32.422,2240.188,0.0,39.8,0.0
7662,11.972,ok,32.422,2240.188,0.0,39.8,0.0
7663,12.060,ok,32.422,2240.188,0.0,39.8,0.0
7664,12.229,ok,32.422,2240.188,0.0,39.8,0.0
7665,12.309,ok,32.422,2240.188,0.0,39.8,0.0
7666,11.533,ok,32.422,2240.188,0.0,39.8,0.0
7667,10.992,ok,32.422,2240.188,0.0,39.8,0.0
7668,11.528,ok,32.422,2240.188,0.0,39.8,0.0
7669,11.674,ok,32.422,2240.188,0.0,39.8,0.0
7670,11.442,ok,32.422,2240.188,0.0,39.8,0.0
7671,11.287,ok,32.422,2240.188,0.0,39.8,0.0
7672,11.563,ok,32.422,2240.188,0.0,39.8,0.0
7673,11.642,ok,32.422,2240.188,0.0,39.8,0.0
7674,11.303,ok,32.422,2240.188,0.0,39.8,0.0
7675,11.785,ok,32.422,2240.188,0.0,39.8,0.0
7676,12.294,ok,32.422,2240.188,0.0,39.8,0.0
7677,12.120,ok,32.422,2240.188,0.0,39.8,0.0
7678,12.231,ok,32.422,2240.188,0.0,39.8,0.0
7679,12.287,ok,32.422,2240.188,0.0,39.8,0.0
7680,11.728,ok,32.422,2240.188,0.0,39.8,0.0
7681,11.800,ok,32.422,2240.188,0.0,39.8,0.0
7682,12.165,ok,32.422,2240.188,0.0,39.8,0.0
7683,12.404,ok,32.422,2240.188,0.0,39.8,0.0
7684,12.266,ok,32.422,2240.188,0.0,39.8,0.0
7685,11.961,ok,32.422,2240.188,0.0,39.8,0.0
7686,11.543,ok,32.422,2240.188,0.0,39.8,0.0
7687,11.423,ok,32.422,2240.188,0.0,39.8,0.0
7688,11.503,ok,32.430,2240.188,0.0,39.8,0.0
7689,11.631,ok,32.430,2240.188,0.0,39.8,0.0
7690,11.549,ok,32.430,2240.188,0.0,39.8,0.0
7691,11.982,ok,32.430,2240.188,0.0,39.8,0.0
7692,11.695,ok,32.430,2240.188,0.0,39.8,0.0
7693,11.333,ok,32.430,2240.188,0.0,39.8,0.0
7694,11.706,ok,32.430,2240.188,0.0,39.8,0.0
7695,11.272,ok,32.430,2240.188,0.0,39.8,0.0
7696,11.137,ok,32.430,2240.188,0.0,39.8,0.0
7697,11.482,ok,32.430,2240.188,0.0,39.8,0.0
7698,11.868,ok,32.430,2240.188,0.0,39.8,0.0
7699,12.395,ok,32.430,2240.188,0.0,39.8,0.0
7700,12.165,ok,32.430,2240.188,0.0,39.8,0.0
7701,11.759,ok,32.430,2240.188,0.0,39.8,0.0
7702,12.128,ok,32.430,2240.188,0.0,39.8,0.0
7703,12.341,ok,32.430,2240.188,0.0,39.8,0.0
7704,11.646,ok,32.430,2240.188,0.0,39.8,0.0
7705,12.020,ok,32.430,2240.188,5.0,39.8,0.0
7706,11.762,ok,32.430,2240.188,5.0,39.8,0.0
7707,12.167,ok,32.430,2240.188,5.0,39.8,0.0
7708,12.137,ok,32.430,2240.188,5.0,39.8,0.0
7709,11.451,ok,32.430,2240.188,5.0,39.8,0.0
7710,11.647,ok,32.430,2240.188,5.0,39.8,0.0
7711,12.352,ok,32.430,2240.188,5.0,39.8,0.0
7712,12.068,ok,32.430,2240.188,5.0,39.8,0.0
7713,11.733,ok,32.430,2240.188,5.0,39.8,0.0
7714,11.780,ok,32.430,2240.188,5.0,39.8,0.0
7715,11.756,ok,32.430,2240.188,5.0,39.8,0.0
7716,11.203,ok,32.430,2240.188,5.0,39.8,0.0
7717,11.553,ok,32.430,2240.188,5.0,39.8,0.0
7718,11.837,ok,32.430,2240.188,5.0,39.8,0.0
7719,11.482,ok,32.430,2240.188,5.0,39.8,0.0
7720,11.890,ok,32.430,2240.188,5.0,39.8,0.0
7721,11.443,ok,32.430,2240.188,5.0,39.8,0.0
7722,12.090,ok,32.430,2240.188,0.0,39.8,0.0
7723,11.682,ok,32.430,2240.188,0.0,39.8,0.0
7724,12.282,ok,32.430,2240.188,0.0,39.8,0.0
7725,12.596,ok,32.430,2240.188,0.0,39.8,0.0
7726,11.584,ok,32.430,2240.188,0.0,39.8,0.0
7727,11.993,ok,32.430,2240.188,0.0,39.8,0.0
7728,12.254,ok,32.430,2240.188,0.0,39.8,0.0
7729,12.175,ok,32.430,2240.188,0.0,39.8,0.0
7730,12.184,ok,32.430,2240.188,0.0,39.8,0.0
7731,11.512,ok,32.430,2240.188,0.0,39.8,0.0
7732,11.704,ok,32.430,2240.188,0.0,39.8,0.0
7733,11.523,ok,32.430,2240.188,0.0,39.8,0.0
7734,12.188,ok,32.430,2240.188,0.0,39.8,0.0
7735,12.400,ok,32.430,2240.188,0.0,39.8,0.0
7736,12.110,ok,32.430,2240.188,0.0,39.8,0.0
7737,11.562,ok,32.430,2240.188,0.0,39.8,0.0
7738,11.870,ok,32.430,2240.188,0.0,39.8,0.0
7739,11.561,ok,32.434,2240.188,5.0,39.8,0.0
7740,11.591,ok,32.434,2240.188,5.0,39.8,0.0
7741,11.693,ok,32.434,2240.188,5.0,39.8,0.0
7742,12.370,ok,32.434,2240.188,5.0,39.8,0.0
7743,12.115,ok,32.434,2240.188,5.0,39.8,0.0
7744,11.940,ok,32.434,2240.188,5.0,39.8,0.0
7745,12.109,ok,32.434,2240.188,5.0,39.8,0.0
7746,12.094,ok,32.434,2240.188,5.0,39.8,0.0
7747,11.859,ok,32.434,2240.188,5.0,39.8,0.0
7748,12.377,ok,32.434,2240.188,5.0,39.8,0.0
7749,11.953,ok,32.434,2240.188,5.0,39.8,0.0
7750,12.109,ok,32.434,2240.188,5.0,39.8,0.0
7751,11.528,ok,32.434,2240.188,5.0,39.8,0.0
7752,11.547,ok,32.434,2240.188,5.0,39.8,0.0
7753,11.445,ok,32.434,2240.188,5.0,39.8,0.0
7754,11.377,ok,32.434,2240.188,5.0,39.8,0.0
7755,12.132,ok,32.434,2240.188,5.0,39.8,0.0
7756,12.175,ok,32.434,2240.188,5.0,39.8,0.0
7757,12.282,ok,32.434,2240.188,5.0,39.8,0.0
7758,11.912,ok,32.434,2240.188,5.0,39.8,0.0
7759,12.693,ok,32.434,2240.188,5.0,39.8,0.0
7760,12.301,ok,32.434,2240.188,5.0,39.8,0.0
7761,11.919,ok,32.434,2240.188,5.0,39.8,0.0
7762,12.631,ok,32.434,2240.188,5.0,39.8,0.0
7763,12.627,ok,32.434,2240.188,5.0,39.8,0.0
7764,12.536,ok,32.434,2240.188,5.0,39.8,0.0
7765,11.992,ok,32.434,2240.188,5.0,39.8,0.0
7766,12.121,ok,32.434,2240.188,5.0,39.8,0.0
7767,12.673,ok,32.434,2240.188,5.0,39.8,0.0
7768,12.609,ok,32.434,2240.188,5.0,39.8,0.0
7769,12.646,ok,32.434,2240.188,5.0,39.8,0.0
7770,12.058,ok,32.434,2240.188,5.0,39.8,0.0
7771,12.613,ok,32.434,2240.188,5.0,39.8,0.0
7772,12.693,ok,32.434,2240.188,0.0,39.8,0.0
7773,12.586,ok,32.434,2240.188,0.0,39.8,0.0
7774,12.822,ok,32.434,2240.188,0.0,39.8,0.0
7775,13.133,ok,32.434,2240.188,0.0,39.8,0.0
7776,13.210,ok,32.434,2240.188,0.0,39.8,0.0
7777,12.607,ok,32.434,2240.188,0.0,39.8,0.0
7778,12.415,ok,32.434,2240.188,0.0,39.8,0.0
7779,12.821,ok,32.434,2240.188,0.0,39.8,0.0
7780,12.913,ok,32.434,2240.188,0.0,39.8,0.0
7781,11.961,ok,32.434,2240.188,0.0,39.8,0.0
7782,12.298,ok,32.434,2240.188,0.0,39.8,0.0
7783,12.810,ok,32.434,2240.188,0.0,39.8,0.0
7784,13.128,ok,32.434,2240.188,0.0,39.8,0.0
7785,12.812,ok,32.434,2240.188,0.0,39.8,0.0
7786,12.746,ok,32.434,2240.188,0.0,39.8,0.0
7787,12.021,ok,32.434,2240.188,0.0,39.8,0.0
7788,12.124,ok,32.434,2240.188,5.0,39.8,0.0
7789,12.018,ok,32.434,2240.188,5.0,39.8,0.0
7790,11.868,ok,32.434,2240.188,5.0,39.8,0.0
7791,11.960,ok,32.434,2240.188,5.0,39.8,0.0
7792,11.993,ok,32.434,2240.188,5.0,39.8,0.0
7793,12.016,ok,32.434,2240.188,5.0,39.8,0.0
7794,12.265,ok,32.434,2240.188,5.0,39.8,0.0
7795,11.633,ok,32.434,2240.188,5.0,39.8,0.0
7796,11.721,ok,32.434,2240.188,5.0,39.8,0.0
7797,11.498,ok,32.434,2240.188,5.0,39.8,0.0
7798,11.935,ok,32.434,2240.188,5.0,39.8,0.0
7799,12.136,ok,32.434,2240.188,5.0,39.8,0.0
7800,11.859,ok,32.434,2240.188,5.0,39.8,0.0
7801,12.386,ok,32.434,2240.188,5.0,39.8,0.0
7802,12.134,ok,32.434,2240.188,5.0,39.8,0.0
7803,12.416,ok,32.434,2240.188,5.0,39.8,0.0
7804,12.000,ok,32.434,2240.188,5.0,39.8,0.0
7805,11.883,ok,32.438,2240.188,5.0,39.8,0.0
7806,12.038,ok,32.438,2240.188,5.0,39.8,0.0
7807,11.771,ok,32.438,2240.188,5.0,39.8,0.0
7808,11.532,ok,32.438,2240.188,5.0,39.8,0.0
7809,11.855,ok,32.438,2240.188,5.0,39.8,0.0
7810,11.431,ok,32.438,2240.188,5.0,39.8,0.0
7811,12.455,ok,32.438,2240.188,5.0,39.8,0.0
7812,11.522,ok,32.438,2240.188,5.0,39.8,0.0
7813,11.907,ok,32.438,2240.188,5.0,39.8,0.0
7814,11.854,ok,32.438,2240.188,5.0,39.8,0.0
7815,11.605,ok,32.438,2240.188,5.0,39.8,0.0
7816,11.411,ok,32.438,2240.188,5.0,39.8,0.0
7817,11.995,ok,32.438,2240.188,5.0,39.8,0.0
7818,11.345,ok,32.438,2240.188,5.0,39.8,0.0
7819,11.929,ok,32.438,2240.188,5.0,39.8,0.0
7820,11.671,ok,32.438,2240.188,5.0,39.8,0.0
7821,11.785,ok,32.438,2240.188,5.0,39.8,0.0
7822,11.777,ok,32.441,2240.188,0.0,39.8,0.0
7823,12.281,ok,32.441,2240.188,0.0,39.8,0.0
7824,12.298,ok,32.441,2240.188,0.0,39.8,0.0
7825,11.694,ok,32.441,2240.188,0.0,39.8,0.0
7826,11.825,ok,32.441,2240.188,0.0,39.8,0.0
7827,11.454,ok,32.441,2240.188,0.0,39.8,0.0
7828,11.647,ok,32.441,2240.188,0.0,39.8,0.0
7829,12.045,ok,32.441,2240.188,0.0,39.8,0.0
7830,11.760,ok,32.441,2240.188,0.0,39.8,0.0
7831,11.635,ok,32.441,2240.188,0.0,39.8,0.0
7832,11.595,ok,32.441,2240.188,0.0,39.8,0.0
7833,11.351,ok,32.441,2240.188,0.0,39.8,0.0
7834,11.293,ok,32.441,2240.188,0.0,39.8,0.0
7835,11.771,ok,32.441,2240.188,0.0,39.8,0.0
7836,12.437,ok,32.441,2240.188,0.0,39.8,0.0
7837,11.478,ok,32.441,2240.188,0.0,39.8,0.0
7838,11.976,ok,32.441,2240.188,0.0,39.8,0.0
7839,12.841,ok,32.441,2240.188,0.0,39.8,0.0
7840,11.507,ok,32.441,2240.188,0.0,39.8,0.0
7841,11.892,ok,32.441,2240.188,0.0,39.8,0.0
7842,11.756,ok,32.441,2240.188,0.0,39.8,0.0
7843,12.243,ok,32.441,2240.188,0.0,39.8,0.0
7844,12.535,ok,32.441,2240.188,0.0,39.8,0.0
7845,12.390,ok,32.441,2240.188,0.0,39.8,0.0
7846,11.389,ok,32.441,2240.188,0.0,39.8,0.0
7847,12.377,ok,32.441,2240.188,0.0,39.8,0.0
7848,12.437,ok,32.441,2240.188,0.0,39.8,0.0
7849,12.370,ok,32.441,2240.188,0.0,39.8,0.0
7850,12.365,ok,32.441,2240.188,0.0,39.8,0.0
7851,12.458,ok,32.441,2240.188,0.0,39.8,0.0
7852,12.489,ok,32.441,2240.188,0.0,39.8,0.0
7853,12.201,ok,32.441,2240.188,0.0,39.8,0.0
7854,12.350,ok,32.441,2240.188,0.0,39.8,0.0
7855,12.300,ok,32.445,2240.188,0.0,39.8,0.0
7856,12.384,ok,32.445,2240.188,0.0,39.8,0.0
7857,11.989,ok,32.445,2240.188,0.0,39.8,0.0
7858,11.400,ok,32.445,2240.188,0.0,39.8,0.0
7859,11.974,ok,32.445,2240.188,0.0,39.8,0.0
7860,11.483,ok,32.445,2240.188,0.0,39.8,0.0
7861,11.217,ok,32.445,2240.188,0.0,39.8,0.0
7862,11.752,ok,32.445,2240.188,0.0,39.8,0.0
7863,11.480,ok,32.445,2240.188,0.0,39.8,0.0
7864,11.507,ok,32.445,2240.188,0.0,39.8,0.0
7865,11.867,ok,32.445,2240.188,0.0,39.8,0.0
7866,11.854,ok,32.445,2240.188,0.0,39.8,0.0
7867,11.944,ok,32.445,2240.188,0.0,39.8,0.0
7868,11.758,ok,32.445,2240.188,0.0,39.8,0.0
7869,11.834,ok,32.445,2240.188,0.0,39.8,0.0
7870,11.435,ok,32.445,2240.188,0.0,39.8,0.0
7871,12.033,ok,32.445,2240.188,0.0,39.8,0.0
7872,11.862,ok,32.449,2240.188,5.0,39.8,0.0
7873,12.039,ok,32.449,2240.188,5.0,39.8,0.0
7874,12.049,ok,32.449,2240.188,5.0,39.8,0.0
7875,12.173,ok,32.449,2240.188,5.0,39.8,0.0
7876,11.975,ok,32.449,2240.188,5.0,39.8,0.0
7877,12.068,ok,32.449,2240.188,5.0,39.8,0.0
7878,11.889,ok,32.449,2240.188,5.0,39.8,0.0
7879,12.403,ok,32.449,2240.188,5.0,39.8,0.0
7880,12.546,ok,32.449,2240.188,5.0,39.8,0.0
7881,11.920,ok,32.449,2240.188,5.0,39.8,0.0
7882,11.986,ok,32.449,2240.188,5.0,39.8,0.0
7883,11.530,ok,32.449,2240.188,5.0,39.8,0.0
7884,12.194,ok,32.449,2240.188,5.0,39.8,0.0
7885,11.977,ok,32.449,2240.188,5.0,39.8,0.0
7886,12.306,ok,32.449,2240.188,5.0,39.8,0.0
7887,12.602,ok,32.449,2240.188,5.0,39.8,0.0
7888,11.273,ok,32.449,2240.188,5.0,39.8,0.0
7889,11.789,ok,32.449,2240.188,5.0,39.8,0.0
7890,11.765,ok,32.449,2240.188,5.0,39.8,0.0
7891,11.664,ok,32.449,2240.188,5.0,39.8,0.0
7892,11.673,ok,32.449,2240.188,5.0,39.8,0.0
7893,12.363,ok,32.449,2240.188,5.0,39.8,0.0
7894,12.065,ok,32.449,2240.188,5.0,39.8,0.0
7895,11.134,ok,32.449,2240.188,5.0,39.8,0.0
7896,12.081,ok,32.449,2240.188,5.0,39.8,0.0
7897,12.191,ok,32.449,2240.188,5.0,39.8,0.0
7898,12.795,ok,32.449,2240.188,5.0,39.8,0.0
7899,11.637,ok,32.449,2240.188,5.0,39.8,0.0
7900,12.028,ok,32.449,2240.188,5.0,39.8,0.0
7901,12.135,ok,32.449,2240.188,5.0,39.8,0.0
7902,12.852,ok,32.449,2240.188,5.0,39.8,0.0
7903,12.351,ok,32.449,2240.188,5.0,39.8,0.0
7904,12.982,ok,32.449,2240.188,5.0,39.8,0.0
7905,12.424,ok,32.449,2240.188,0.0,39.8,0.0
7906,12.571,ok,32.449,2240.188,0.0,39.8,0.0
7907,12.973,ok,32.449,2240.188,0.0,39.8,0.0
7908,13.421,ok,32.449,2240.188,0.0,39.8,0.0
7909,12.815,ok,32.449,2240.188,0.0,39.8,0.0
7910,12.924,ok,32.449,2240.188,0.0,39.8,0.0
7911,12.205,ok,32.449,2240.188,0.0,39.8,0.0
7912,11.940,ok,32.449,2240.188,0.0,39.8,0.0
7913,12.055,ok,32.449,2240.188,0.0,39.8,0.0
7914,12.840,ok,32.449,2240.188,0.0,39.8,0.0
7915,12.534,ok,32.449,2240.188,0.0,39.8,0.0
7916,12.271,ok,32.449,2240.188,0.0,39.8,0.0
7917,11.188,ok,32.449,2240.188,0.0,39.8,0.0
7918,11.224,ok,32.449,2240.188,0.0,39.8,0.0
7919,11.114,ok,32.449,2240.188,0.0,39.8,0.0
7920,11.449,ok,32.449,2240.188,0.0,39.8,0.0
7921,11.548,ok,32.449,2240.188,0.0,39.8,0.0
7922,11.461,ok,32.453,2240.188,5.0,39.8,0.0
7923,11.907,ok,32.453,2240.188,5.0,39.8,0.0
7924,11.988,ok,32.453,2240.188,5.0,39.8,0.0
7925,13.014,ok,32.453,2240.188,5.0,39.8,0.0
7926,12.231,ok,32.453,2240.188,5.0,39.8,0.0
7927,12.333,ok,32.453,2240.188,5.0,39.8,0.0
7928,12.457,ok,32.453,2240.188,5.0,39.8,0.0
7929,12.773,ok,32.453,2240.188,5.0,39.8,0.0
7930,13.030,ok,32.453,2240.188,5.0,39.8,0.0
7931,13.146,ok,32.453,2240.188,5.0,39.8,0.0
7932,13.161,ok,32.453,2240.188,5.0,39.8,0.0
7933,12.990,ok,32.453,2240.188,5.0,39.8,0.0
7934,12.898,ok,32.453,2240.188,5.0,39.8,0.0
7935,12.362,ok,32.453,2240.188,5.0,39.8,0.0
7936,12.576,ok,32.453,2240.188,5.0,39.8,0.0
7937,13.060,ok,32.453,2240.188,5.0,39.8,0.0
7938,12.918,ok,32.453,2240.188,0.0,39.8,0.0
7939,13.096,ok,32.453,2240.188,0.0,39.8,0.0
7940,13.024,ok,32.453,2240.188,0.0,39.8,0.0
7941,12.725,ok,32.453,2240.188,0.0,39.8,0.0
7942,12.097,ok,32.453,2240.188,0.0,39.8,0.0
7943,11.535,ok,32.453,2240.188,0.0,39.8,0.0
7944,11.886,ok,32.453,2240.188,0.0,39.8,0.0
7945,11.524,ok,32.453,2240.188,0.0,39.8,0.0
7946,11.644,ok,32.453,2240.188,0.0,39.8,0.0
7947,11.509,ok,32.453,2240.188,0.0,39.8,0.0
7948,11.807,ok,32.453,2240.188,0.0,39.8,0.0
7949,11.955,ok,32.453,2240.188,0.0,39.8,0.0
7950,11.773,ok,32.453,2240.188,0.0,39.8,0.0
7951,12.170,ok,32.453,2240.188,0.0,39.8,0.0
7952,11.971,ok,32.453,2240.188,0.0,39.8,0.0
7953,11.354,ok,32.453,2240.188,0.0,39.8,0.0
7954,11.615,ok,32.453,2240.188,0.0,39.8,0.0
7955,11.500,ok,32.453,2240.188,0.0,39.8,0.0
7956,12.147,ok,32.453,2240.188,0.0,39.8,0.0
7957,12.089,ok,32.453,2240.188,0.0,39.8,0.0
7958,11.683,ok,32.453,2240.188,0.0,39.8,0.0
7959,12.385,ok,32.453,2240.188,0.0,39.8,0.0
7960,11.948,ok,32.453,2240.188,0.0,39.8,0.0
7961,11.994,ok,32.453,2240.188,0.0,39.8,0.0
7962,12.082,ok,32.453,2240.188,0.0,39.8,0.0
7963,11.558,ok,32.453,2240.188,0.0,39.8,0.0
7964,11.198,ok,32.453,2240.188,0.0,39.8,0.0
7965,11.540,ok,32.453,2240.188,0.0,39.8,0.0
7966,11.815,ok,32.453,2240.188,0.0,39.8,0.0
7967,11.770,ok,32.453,2240.188,0.0,39.8,0.0
7968,11.213,ok,32.453,2240.188,0.0,39.8,0.0
7969,11.433,ok,32.453,2240.188,0.0,39.8,0.0
7970,11.226,ok,32.453,2240.188,0.0,39.8,0.0
7971,12.261,ok,32.457,2240.188,5.0,39.8,0.0
7972,12.105,ok,32.457,2240.188,5.0,39.8,0.0
7973,12.075,ok,32.457,2240.188,5.0,39.8,0.0
7974,12.403,ok,32.457,2240.188,5.0,39.8,0.0
7975,12.027,ok,32.457,2240.188,5.0,39.8,0.0
7976,12.213,ok,32.457,2240.188,5.0,39.8,0.0
7977,11.576,ok,32.457,2240.188,5.0,39.8,0.0
7978,11.715,ok,32.457,2240.188,5.0,39.8,0.0
7979,11.888,ok,32.457,2240.188,5.0,39.8,0.0
7980,12.062,ok,32.457,2240.188,5.0,39.8,0.0
7981,11.772,ok,32.457,2240.188,5.0,39.8,0.0
7982,11.828,ok,32.457,2240.188,5.0,39.8,0.0
7983,12.369,ok,32.457,2240.188,5.0,39.8,0.0
7984,12.060,ok,32.457,2240.188,5.0,39.8,0.0
7985,12.374,ok,32.457,2240.188,5.0,39.8,0.0
7986,12.225,ok,32.457,2240.188,5.0,39.8,0.0
7987,12.055,ok,32.457,2240.188,5.0,39.8,0.0
7988,11.527,ok,32.457,2240.188,0.0,39.8,0.0
7989,11.990,ok,32.457,2240.188,0.0,39.8,0.0
7990,11.952,ok,32.457,2240.188,0.0,39.8,0.0
7991,12.088,ok,32.457,2240.188,0.0,39.8,0.0
7992,11.710,ok,32.457,2240.188,0.0,39.8,0.0
7993,12.433,ok,32.457,2240.188,0.0,39.8,0.0
7994,12.767,ok,32.457,2240.188,0.0,39.8,0.0
7995,11.936,ok,32.457,2240.188,0.0,39.8,0.0
7996,12.570,ok,32.457,2240.188,0.0,39.8,0.0
7997,13.085,ok,32.457,2240.188,0.0,39.8,0.0
7998,12.455,ok,32.457,2240.188,0.0,39.8,0.0
7999,12.402,ok,32.457,2240.188,0.0,39.8,0.0
8000,12.512,ok,32.457,2240.188,0.0,39.8,0.0
8001,12.090,ok,32.457,2240.188,0.0,39.8,0.0
8002,12.231,ok,32.457,2240.188,0.0,39.8,0.0
8003,11.983,ok,32.457,2240.188,0.0,39.8,0.0
8004,12.498,ok,32.457,2240.188,0.0,39.8,0.0
8005,12.316,ok,32.457,2240.188,0.0,39.8,0.0
8006,12.039,ok,32.457,2240.188,0.0,39.8,0.0
8007,11.436,ok,32.457,2240.188,0.0,39.8,0.0
8008,12.033,ok,32.457,2240.188,0.0,39.8,0.0
8009,11.854,ok,32.457,2240.188,0.0,39.8,0.0
8010,11.568,ok,32.457,2240.188,0.0,39.8,0.0
8011,12.306,ok,32.457,2240.188,0.0,39.8,0.0
8012,12.402,ok,32.457,2240.188,0.0,39.8,0.0
8013,12.154,ok,32.457,2240.188,0.0,39.8,0.0
8014,12.475,ok,32.457,2240.188,0.0,39.8,0.0
8015,11.826,ok,32.457,2240.188,0.0,39.8,0.0
8016,12.113,ok,32.457,2240.188,0.0,39.8,0.0
8017,12.253,ok,32.457,2240.188,0.0,39.8,0.0
8018,12.366,ok,32.457,2240.188,0.0,39.8,0.0
8019,12.658,ok,32.457,2240.188,0.0,39.8,0.0
8020,12.680,ok,32.457,2240.188,0.0,39.8,0.0
8021,11.800,ok,32.461,2240.188,5.0,39.8,0.0
8022,12.252,ok,32.461,2240.188,5.0,39.8,0.0
8023,12.459,ok,32.461,2240.188,5.0,39.8,0.0
8024,12.195,ok,32.461,2240.188,5.0,39.8,0.0
8025,11.456,ok,32.461,2240.188,5.0,39.8,0.0
8026,12.019,ok,32.461,2240.188,5.0,39.8,0.0
8027,12.609,ok,32.461,2240.188,5.0,39.8,0.0
8028,12.610,ok,32.461,2240.188,5.0,39.8,0.0
8029,12.061,ok,32.461,2240.188,5.0,39.8,0.0
8030,12.203,ok,32.461,2240.188,5.0,39.8,0.0
8031,11.849,ok,32.461,2240.188,5.0,39.8,0.0
8032,11.774,ok,32.461,2240.188,5.0,39.8,0.0
8033,11.890,ok,32.461,2240.188,5.0,39.8,0.0
8034,11.866,ok,32.461,2240.188,5.0,39.8,0.0
8035,11.845,ok,32.461,2240.188,5.0,39.8,0.0
8036,11.665,ok,32.461,2240.188,5.0,39.8,0.0
8037,12.258,ok,32.465,2240.188,0.0,39.8,0.0
8038,11.757,ok,32.465,2240.188,0.0,39.8,0.0
8039,12.370,ok,32.465,2240.188,0.0,39.8,0.0
8040,12.940,ok,32.465,2240.188,0.0,39.8,0.0
8041,12.969,ok,32.465,2240.188,0.0,39.8,0.0
8042,12.917,ok,32.465,2240.188,0.0,39.8,0.0
8043,12.730,ok,32.465,2240.188,0.0,39.8,0.0
8044,12.933,ok,32.465,2240.188,0.0,39.8,0.0
8045,12.265,ok,32.465,2240.188,0.0,39.8,0.0
8046,12.883,ok,32.465,2240.188,0.0,39.8,0.0
8047,12.870,ok,32.465,2240.188,0.0,39.8,0.0
8048,12.656,ok,32.465,2240.188,0.0,39.8,0.0
8049,12.720,ok,32.465,2240.188,0.0,39.8,0.0
8050,12.948,ok,32.465,2240.188,0.0,39.8,0.0
8051,12.173,ok,32.465,2240.188,0.0,39.8,0.0
8052,12.251,ok,32.465,2240.188,0.0,39.8,0.0
8053,12.002,ok,32.465,2240.188,10.0,39.8,0.0
8054,11.713,ok,32.465,2240.188,10.0,39.8,0.0
8055,12.128,ok,32.465,2240.188,10.0,39.8,0.0
8056,11.942,ok,32.465,2240.188,10.0,39.8,0.0
8057,11.974,ok,32.465,2240.188,10.0,39.8,0.0
8058,12.704,ok,32.465,2240.188,10.0,39.8,0.0
8059,12.989,ok,32.465,2240.188,10.0,39.8,0.0
8060,12.251,ok,32.465,2240.188,10.0,39.8,0.0
8061,12.080,ok,32.465,2240.188,10.0,39.8,0.0
8062,12.729,ok,32.465,2240.188,10.0,39.8,0.0
8063,12.107,ok,32.465,2240.188,10.0,39.8,0.0
8064,12.083,ok,32.465,2240.188,10.0,39.8,0.0
8065,12.387,ok,32.465,2240.188,10.0,39.8,0.0
8066,12.510,ok,32.465,2240.188,10.0,39.8,0.0
8067,12.749,ok,32.465,2240.188,10.0,39.8,0.0
8068,12.495,ok,32.465,2240.188,10.0,39.8,0.0
8069,13.449,ok,32.465,2240.188,0.0,39.8,0.0
8070,12.515,ok,32.465,2240.188,0.0,39.8,0.0
8071,13.055,ok,32.465,2240.188,0.0,39.8,0.0
8072,12.623,ok,32.465,2240.188,0.0,39.8,0.0
8073,12.940,ok,32.465,2240.188,0.0,39.8,0.0
8074,13.075,ok,32.465,2240.188,0.0,39.8,0.0
8075,13.023,ok,32.465,2240.188,0.0,39.8,0.0
8076,12.731,ok,32.465,2240.188,0.0,39.8,0.0
8077,12.874,ok,32.465,2240.188,0.0,39.8,0.0
8078,12.808,ok,32.465,2240.188,0.0,39.8,0.0
8079,12.331,ok,32.465,2240.188,0.0,39.8,0.0
8080,11.803,ok,32.465,2240.188,0.0,39.8,0.0
8081,11.420,ok,32.465,2240.188,0.0,39.8,0.0
8082,11.297,ok,32.465,2240.188,0.0,39.8,0.0
8083,11.371,ok,32.465,2240.188,0.0,39.8,0.0
8084,11.353,ok,32.465,2240.188,0.0,39.8,0.0
8085,11.426,ok,32.465,2240.188,0.0,39.8,0.0
8086,11.916,ok,32.469,2240.188,0.0,39.8,0.0
8087,12.172,ok,32.469,2240.188,0.0,39.8,0.0
8088,12.671,ok,32.469,2240.188,0.0,39.8,0.0
8089,12.231,ok,32.469,2240.188,0.0,39.8,0.0
8090,12.358,ok,32.469,2240.188,0.0,39.8,0.0
8091,12.146,ok,32.469,2240.188,0.0,39.8,0.0
8092,12.522,ok,32.469,2240.188,0.0,39.8,0.0
8093,12.275,ok,32.469,2240.188,0.0,39.8,0.0
8094,12.147,ok,32.469,2240.188,0.0,39.8,0.0
8095,11.988,ok,32.469,2240.188,0.0,39.8,0.0
8096,11.709,ok,32.469,2240.188,0.0,39.8,0.0
8097,11.668,ok,32.469,2240.188,0.0,39.8,0.0
8098,11.992,ok,32.469,2240.188,0.0,39.8,0.0
8099,12.085,ok,32.469,2240.188,0.0,39.8,0.0
8100,11.692,ok,32.469,2240.188,0.0,39.8,0.0
8101,11.686,ok,32.469,2240.188,0.0,39.8,0.0
8102,11.628,ok,32.469,2240.188,5.0,39.8,0.0
8103,12.009,ok,32.469,2240.188,5.0,39.8,0.0
8104,11.679,ok,32.469,2240.188,5.0,39.8,0.0
8105,11.206,ok,32.469,2240.188,5.0,39.8,0.0
8106,11.726,ok,32.469,2240.188,5.0,39.8,0.0
8107,11.955,ok,32.469,2240.188,5.0,39.8,0.0
8108,11.670,ok,32.469,2240.188,5.0,39.8,0.0
8109,12.165,ok,32.469,2240.188,5.0,39.8,0.0
8110,11.361,ok,32.469,2240.188,5.0,39.8,0.0
8111,11.803,ok,32.469,2240.188,5.0,39.8,0.0
8112,11.461,ok,32.469,2240.188,5.0,39.8,0.0
8113,11.499,ok,32.469,2240.188,5.0,39.8,0.0
8114,11.549,ok,32.469,2240.188,5.0,39.8,0.0
8115,11.983,ok,32.469,2240.188,5.0,39.8,0.0
8116,12.045,ok,32.469,2240.188,5.0,39.8,0.0
8117,12.180,ok,32.469,2240.188,5.0,39.8,0.0
8118,11.608,ok,32.469,2240.188,5.0,39.8,0.0
8119,12.169,ok,32.469,2240.188,5.0,39.8,0.0
8120,11.623,ok,32.469,2240.188,5.0,39.8,0.0
8121,11.685,ok,32.469,2240.188,5.0,39.8,0.0
8122,11.653,ok,32.469,2240.188,5.0,39.8,0.0
8123,11.166,ok,32.469,2240.188,5.0,39.8,0.0
8124,11.170,ok,32.469,2240.188,5.0,39.8,0.0
8125,11.789,ok,32.469,2240.188,5.0,39.8,0.0
8126,11.830,ok,32.469,2240.188,5.0,39.8,0.0
8127,11.661,ok,32.469,2240.188,5.0,39.8,0.0
8128,12.047,ok,32.469,2240.188,5.0,39.8,0.0
8129,11.544,ok,32.469,2240.188,5.0,39.8,0.0
8130,11.758,ok,32.469,2240.188,5.0,39.8,0.0
8131,11.911,ok,32.469,2240.188,5.0,39.8,0.0
8132,11.773,ok,32.469,2240.188,5.0,39.8,0.0
8133,11.916,ok,32.469,2240.188,5.0,39.8,0.0
8134,12.042,ok,32.469,2240.188,5.0,39.8,0.0
8135,12.290,ok,32.469,2240.188,5.0,39.8,0.0
8136,12.392,ok,32.473,2240.188,0.0,39.8,0.0
8137,12.118,ok,32.473,2240.188,0.0,39.8,0.0
8138,12.268,ok,32.473,2240.188,0.0,39.8,0.0
8139,12.078,ok,32.473,2240.188,0.0,39.8,0.0
8140,11.045,ok,32.473,2240.188,0.0,39.8,0.0
8141,11.765,ok,32.473,2240.188,0.0,39.8,0.0
8142,11.205,ok,32.473,2240.188,0.0,39.8,0.0
8143,11.957,ok,32.473,2240.188,0.0,39.8,0.0
8144,12.190,ok,32.473,2240.188,0.0,39.8,0.0
8145,11.693,ok,32.473,2240.188,0.0,39.8,0.0
8146,11.213,ok,32.473,2240.188,0.0,39.8,0.0
8147,11.363,ok,32.473,2240.188,0.0,39.8,0.0
8148,11.825,ok,32.473,2240.188,0.0,39.8,0.0
8149,11.906,ok,32.473,2240.188,0.0,39.8,0.0
8150,12.328,ok,32.473,2240.188,0.0,39.8,0.0
8151,12.117,ok,32.473,2240.188,0.0,39.8,0.0
8152,11.971,ok,32.473,2240.188,0.0,39.8,0.0
8153,12.095,ok,32.473,2240.188,0.0,39.8,0.0
8154,12.195,ok,32.473,2240.188,0.0,39.8,0.0
8155,11.421,ok,32.473,2240.188,0.0,39.8,0.0
8156,11.459,ok,32.473,2240.188,0.0,39.8,0.0
8157,12.028,ok,32.473,2240.188,0.0,39.8,0.0
8158,12.192,ok,32.473,2240.188,0.0,39.8,0.0
8159,11.649,ok,32.473,2240.188,0.0,39.8,0.0
8160,11.282,ok,32.473,2240.188,0.0,39.8,0.0
8161,11.910,ok,32.473,2240.188,0.0,39.8,0.0
8162,11.469,ok,32.473,2240.188,0.0,39.8,0.0
8163,11.543,ok,32.473,2240.188,0.0,39.8,0.0
8164,11.157,ok,32.473,2240.188,0.0,39.8,0.0
8165,11.432,ok,32.473,2240.188,0.0,39.8,0.0
8166,11.299,ok,32.473,2240.188,0.0,39.8,0.0
8167,11.225,ok,32.473,2240.188,0.0,39.8,0.0
8168,11.818,ok,32.473,2240.188,0.0,39.8,0.0
8169,11.839,ok,32.473,2240.188,0.0,39.8,0.0
8170,11.926,ok,32.473,2240.188,0.0,39.8,0.0
8171,11.558,ok,32.473,2240.188,0.0,39.8,0.0
8172,12.098,ok,32.473,2240.188,0.0,39.8,0.0
8173,12.148,ok,32.473,2240.188,0.0,39.8,0.0
8174,12.687,ok,32.473,2240.188,0.0,39.8,0.0
8175,11.937,ok,32.473,2240.188,0.0,39.8,0.0
8176,12.053,ok,32.473,2240.188,0.0,39.8,0.0
8177,12.104,ok,32.473,2240.188,0.0,39.8,0.0
8178,12.213,ok,32.473,2240.188,0.0,39.8,0.0
8179,12.522,ok,32.473,2240.188,0.0,39.8,0.0
8180,11.599,ok,32.473,2240.188,0.0,39.8,0.0
8181,11.782,ok,32.473,2240.188,0.0,39.8,0.0
8182,12.373,ok,32.473,2240.188,0.0,39.8,0.0
8183,12.078,ok,32.473,2240.188,0.0,39.8,0.0
8184,11.871,ok,32.473,2240.188,0.0,39.8,0.0
8185,11.900,ok,32.473,2240.188,0.0,39.8,0.0
8186,12.143,ok,32.473,2240.188,0.0,39.8,0.0
8187,12.268,ok,32.477,2240.188,0.0,39.8,0.0
8188,11.145,ok,32.477,2240.188,0.0,39.8,0.0
8189,11.991,ok,32.477,2240.188,0.0,39.8,0.0
8190,12.115,ok,32.477,2240.188,0.0,39.8,0.0
8191,11.935,ok,32.477,2240.188,0.0,39.8,0.0
8192,12.248,ok,32.477,2240.188,0.0,39.8,0.0
8193,11.548,ok,32.477,2240.188,0.0,39.8,0.0
8194,11.280,ok,32.477,2240.188,0.0,39.8,0.0
8195,11.695,ok,32.477,2240.188,0.0,39.8,0.0
8196,11.609,ok,32.477,2240.188,0.0,39.8,0.0
8197,11.973,ok,32.477,2240.188,0.0,39.8,0.0
8198,11.380,ok,32.477,2240.188,0.0,39.8,0.0
8199,11.635,ok,32.477,2240.188,0.0,39.8,0.0
8200,11.559,ok,32.477,2240.188,0.0,39.8,0.0
8201,11.669,ok,32.477,2240.188,0.0,39.8,0.0
8202,11.566,ok,32.477,2240.188,0.0,39.8,0.0
8203,12.228,ok,32.477,2240.188,0.0,39.8,0.0
8204,12.188,ok,32.480,2240.188,5.0,39.8,0.0
8205,12.135,ok,32.480,2240.188,5.0,39.8,0.0
8206,11.513,ok,32.480,2240.188,5.0,39.8,0.0
8207,12.300,ok,32.480,2240.188,5.0,39.8,0.0
8208,11.580,ok,32.480,2240.188,5.0,39.8,0.0
8209,11.826,ok,32.480,2240.188,5.0,39.8,0.0
8210,11.937,ok,32.480,2240.188,5.0,39.8,0.0
8211,11.705,ok,32.480,2240.188,5.0,39.8,0.0
8212,12.028,ok,32.480,2240.188,5.0,39.8,0.0
8213,11.395,ok,32.480,2240.188,5.0,39.8,0.0
8214,11.834,ok,32.480,2240.188,5.0,39.8,0.0
8215,11.892,ok,32.480,2240.188,5.0,39.8,0.0
8216,12.034,ok,32.480,2240.188,5.0,39.8,0.0
8217,11.601,ok,32.480,2240.188,5.0,39.8,0.0
8218,11.577,ok,32.480,2240.188,5.0,39.8,0.0
8219,11.733,ok,32.480,2240.188,5.0,39.8,0.0
8220,12.103,ok,32.480,2240.188,5.0,39.8,0.0
8221,11.752,ok,32.480,2240.188,0.0,39.8,0.0
8222,11.977,ok,32.480,2240.188,0.0,39.8,0.0
8223,12.152,ok,32.480,2240.188,0.0,39.8,0.0
8224,12.176,ok,32.480,2240.188,0.0,39.8,0.0
8225,11.838,ok,32.480,2240.188,0.0,39.8,0.0
8226,11.885,ok,32.480,2240.188,0.0,39.8,0.0
8227,11.819,ok,32.480,2240.188,0.0,39.8,0.0
8228,11.681,ok,32.480,2240.188,0.0,39.8,0.0
8229,11.562,ok,32.480,2240.188,0.0,39.8,0.0
8230,11.945,ok,32.480,2240.188,0.0,39.8,0.0
8231,12.131,ok,32.480,2240.188,0.0,39.8,0.0
8232,11.942,ok,32.480,2240.188,0.0,39.8,0.0
8233,11.859,ok,32.480,2240.188,0.0,39.8,0.0
8234,12.043,ok,32.480,2240.188,0.0,39.8,0.0
8235,11.989,ok,32.480,2240.188,0.0,39.8,0.0
8236,11.275,ok,32.480,2240.188,0.0,39.8,0.0
8237,11.666,ok,32.480,2240.188,0.0,39.8,0.0
8238,12.241,ok,32.480,2240.188,5.0,39.8,0.0
8239,11.755,ok,32.480,2240.188,5.0,39.8,0.0
8240,11.318,ok,32.480,2240.188,5.0,39.8,0.0
8241,11.588,ok,32.480,2240.188,5.0,39.8,0.0
8242,11.300,ok,32.480,2240.188,5.0,39.8,0.0
8243,11.804,ok,32.480,2240.188,5.0,39.8,0.0
8244,11.820,ok,32.480,2240.188,5.0,39.8,0.0
8245,11.977,ok,32.480,2240.188,5.0,39.8,0.0
8246,12.055,ok,32.480,2240.188,5.0,39.8,0.0
8247,11.987,ok,32.480,2240.188,5.0,39.8,0.0
8248,11.614,ok,32.480,2240.188,5.0,39.8,0.0
8249,12.183,ok,32.480,2240.188,5.0,39.8,0.0
8250,11.008,ok,32.480,2240.188,5.0,39.8,0.0
8251,11.580,ok,32.480,2240.188,5.0,39.8,0.0
8252,11.661,ok,32.480,2240.188,5.0,39.8,0.0
8253,11.031,ok,32.480,2240.188,5.0,39.8,0.0
8254,11.340,ok,32.480,2240.188,5.0,39.8,0.0
8255,10.940,ok,32.484,2240.188,0.0,39.8,0.0
8256,11.379,ok,32.484,2240.188,0.0,39.8,0.0
8257,11.573,ok,32.484,2240.188,0.0,39.8,0.0
8258,12.135,ok,32.484,2240.188,0.0,39.8,0.0
8259,11.915,ok,32.484,2240.188,0.0,39.8,0.0
8260,12.015,ok,32.484,2240.188,0.0,39.8,0.0
8261,12.055,ok,32.484,2240.188,0.0,39.8,0.0
8262,12.309,ok,32.484,2240.188,0.0,39.8,0.0
8263,11.558,ok,32.484,2240.188,0.0,39.8,0.0
8264,11.778,ok,32.484,2240.188,0.0,39.8,0.0
8265,11.966,ok,32.484,2240.188,0.0,39.8,0.0
8266,11.352,ok,32.484,2240.188,0.0,39.8,0.0
8267,11.519,ok,32.484,2240.188,0.0,39.8,0.0
8268,11.816,ok,32.484,2240.188,0.0,39.8,0.0
8269,11.519,ok,32.484,2240.188,0.0,39.8,0.0
8270,11.196,ok,32.484,2240.188,0.0,39.8,0.0
8271,11.612,ok,32.484,2240.188,0.0,39.8,0.0
8272,11.632,ok,32.484,2240.188,0.0,39.8,0.0
8273,11.563,ok,32.484,2240.188,0.0,39.8,0.0
8274,11.808,ok,32.484,2240.188,0.0,39.8,0.0
8275,12.158,ok,32.484,2240.188,0.0,39.8,0.0
8276,11.441,ok,32.484,2240.188,0.0,39.8,0.0
8277,11.682,ok,32.484,2240.188,0.0,39.8,0.0
8278,12.050,ok,32.484,2240.188,0.0,39.8,0.0
8279,11.114,ok,32.484,2240.188,0.0,39.8,0.0
8280,11.197,ok,32.484,2240.188,0.0,39.8,0.0
8281,11.510,ok,32.484,2240.188,0.0,39.8,0.0
8282,11.943,ok,32.484,2240.188,0.0,39.8,0.0
8283,11.399,ok,32.484,2240.188,0.0,39.8,0.0
8284,11.460,ok,32.484,2240.188,0.0,39.8,0.0
8285,11.605,ok,32.484,2240.188,0.0,39.8,0.0
8286,11.828,ok,32.484,2240.188,0.0,39.8,0.0
8287,12.112,ok,32.484,2240.188,0.0,39.8,0.0
8288,12.108,ok,32.484,2240.188,0.0,39.8,0.0
8289,11.650,ok,32.484,2240.188,0.0,39.8,0.0
8290,11.352,ok,32.484,2240.188,0.0,39.8,0.0
8291,11.822,ok,32.484,2240.188,0.0,39.8,0.0
8292,11.355,ok,32.484,2240.188,0.0,39.8,0.0
8293,11.539,ok,32.484,2240.188,0.0,39.8,0.0
8294,11.806,ok,32.484,2240.188,0.0,39.8,0.0
8295,11.831,ok,32.484,2240.188,0.0,39.8,0.0
8296,11.364,ok,32.484,2240.188,0.0,39.8,0.0
8297,11.841,ok,32.484,2240.188,0.0,39.8,0.0
8298,12.228,ok,32.484,2240.188,0.0,39.8,0.0
8299,12.062,ok,32.484,2240.188,0.0,39.8,0.0
8300,11.988,ok,32.484,2240.188,0.0,39.8,0.0
8301,11.782,ok,32.484,2240.188,0.0,39.8,0.0
8302,11.802,ok,32.484,2240.188,0.0,39.8,0.0
8303,12.004,ok,32.484,2240.188,0.0,39.8,0.0
8304,12.154,ok,32.484,2240.188,0.0,39.8,0.0
8305,12.455,ok,32.484,2240.188,0.0,39.8,0.0
8306,12.358,ok,32.484,2240.188,5.0,39.8,0.0
8307,12.114,ok,32.484,2240.188,5.0,39.8,0.0
8308,12.679,ok,32.484,2240.188,5.0,39.8,0.0
8309,12.788,ok,32.484,2240.188,5.0,39.8,0.0
8310,12.688,ok,32.484,2240.188,5.0,39.8,0.0
8311,12.192,ok,32.484,2240.188,5.0,39.8,0.0
8312,12.356,ok,32.484,2240.188,5.0,39.8,0.0
8313,11.769,ok,32.484,2240.188,5.0,39.8,0.0
8314,13.243,ok,32.484,2240.188,5.0,39.8,0.0
8315,11.714,ok,32.484,2240.188,5.0,39.8,0.0
8316,11.777,ok,32.484,2240.188,5.0,39.8,0.0
8317,11.982,ok,32.484,2240.188,5.0,39.8,0.0
8318,12.365,ok,32.484,2240.188,5.0,39.8,0.0
8319,12.552,ok,32.484,2240.188,5.0,39.8,0.0
8320,12.108,ok,32.484,2240.188,5.0,39.8,0.0
8321,12.080,ok,32.484,2240.188,5.0,39.8,0.0
8322,12.050,ok,32.488,2240.188,0.0,39.8,0.0
8323,12.236,ok,32.488,2240.188,0.0,39.8,0.0
8324,12.245,ok,32.488,2240.188,0.0,39.8,0.0
8325,11.600,ok,32.488,2240.188,0.0,39.8,0.0
8326,12.179,ok,32.488,2240.188,0.0,39.8,0.0
8327,12.298,ok,32.488,2240.188,0.0,39.8,0.0
8328,11.954,ok,32.488,2240.188,0.0,39.8,0.0
8329,12.412,ok,32.488,2240.188,0.0,39.8,0.0
8330,12.024,ok,32.488,2240.188,0.0,39.8,0.0
8331,12.334,ok,32.488,2240.188,0.0,39.8,0.0
8332,11.851,ok,32.488,2240.188,0.0,39.8,0.0
8333,11.053,ok,32.488,2240.188,0.0,39.8,0.0
8334,11.293,ok,32.488,2240.188,0.0,39.8,0.0
8335,11.420,ok,32.488,2240.188,0.0,39.8,0.0
8336,11.655,ok,32.488,2240.188,0.0,39.8,0.0
8337,11.322,ok,32.488,2240.188,0.0,39.8,0.0
8338,11.827,ok,32.488,2240.188,0.0,39.8,0.0
8339,11.375,ok,32.492,2240.188,5.0,39.8,0.0
8340,11.634,ok,32.492,2240.188,5.0,39.8,0.0
8341,11.497,ok,32.492,2240.188,5.0,39.8,0.0
8342,12.004,ok,32.492,2240.188,5.0,39.8,0.0
8343,11.588,ok,32.492,2240.188,5.0,39.8,0.0
8344,12.265,ok,32.492,2240.188,5.0,39.8,0.0
8345,12.698,ok,32.492,2240.188,5.0,39.8,0.0
8346,11.664,ok,32.492,2240.188,5.0,39.8,0.0
8347,12.013,ok,32.492,2240.188,5.0,39.8,0.0
8348,11.941,ok,32.492,2240.188,5.0,39.8,0.0
8349,12.298,ok,32.492,2240.188,5.0,39.8,0.0
8350,12.348,ok,32.492,2240.188,5.0,39.8,0.0
8351,11.921,ok,32.492,2240.188,5.0,39.8,0.0
8352,11.347,ok,32.492,2240.188,5.0,39.8,0.0
8353,11.840,ok,32.492,2240.188,5.0,39.8,0.0
8354,12.516,ok,32.492,2240.188,5.0,39.8,0.0
8355,12.307,ok,32.492,2240.188,5.0,39.8,0.0
8356,12.782,ok,32.492,2240.188,0.0,39.8,0.0
8357,12.880,ok,32.492,2240.188,0.0,39.8,0.0
8358,12.104,ok,32.492,2240.188,0.0,39.8,0.0
8359,12.328,ok,32.492,2240.188,0.0,39.8,0.0
8360,12.949,ok,32.492,2240.188,0.0,39.8,0.0
8361,12.772,ok,32.492,2240.188,0.0,39.8,0.0
8362,12.612,ok,32.492,2240.188,0.0,39.8,0.0
8363,12.068,ok,32.492,2240.188,0.0,39.8,0.0
8364,13.347,ok,32.492,2240.188,0.0,39.8,0.0
8365,12.677,ok,32.492,2240.188,0.0,39.8,0.0
8366,12.432,ok,32.492,2240.188,0.0,39.8,0.0
8367,12.949,ok,32.492,2240.188,0.0,39.8,0.0
8368,12.863,ok,32.492,2240.188,0.0,39.8,0.0
8369,13.211,ok,32.492,2240.188,0.0,39.8,0.0
8370,13.190,ok,32.492,2240.188,0.0,39.8,0.0
8371,12.194,ok,32.492,2240.188,0.0,39.8,0.0
8372,12.100,ok,32.496,2240.188,5.0,39.8,0.0
8373,11.552,ok,32.496,2240.188,5.0,39.8,0.0
8374,11.560,ok,32.496,2240.188,5.0,39.8,0.0
8375,11.784,ok,32.496,2240.188,5.0,39.8,0.0
8376,11.778,ok,32.496,2240.188,5.0,39.8,0.0
8377,12.447,ok,32.496,2240.188,5.0,39.8,0.0
8378,11.699,ok,32.496,2240.188,5.0,39.8,0.0
8379,11.638,ok,32.496,2240.188,5.0,39.8,0.0
8380,11.984,ok,32.496,2240.188,5.0,39.8,0.0
8381,12.012,ok,32.496,2240.188,5.0,39.8,0.0
8382,11.769,ok,32.496,2240.188,5.0,39.8,0.0
8383,11.858,ok,32.496,2240.188,5.0,39.8,0.0
8384,12.131,ok,32.496,2240.188,5.0,39.8,0.0
8385,11.673,ok,32.496,2240.188,5.0,39.8,0.0
8386,11.746,ok,32.496,2240.188,5.0,39.8,0.0
8387,12.540,ok,32.496,2240.188,5.0,39.8,0.0
8388,12.322,ok,32.496,2240.188,5.0,39.8,0.0
8389,12.157,ok,32.496,2240.188,0.0,39.8,0.0
8390,11.531,ok,32.496,2240.188,0.0,39.8,0.0
8391,12.073,ok,32.496,2240.188,0.0,39.8,0.0
8392,11.771,ok,32.496,2240.188,0.0,39.8,0.0
8393,12.485,ok,32.496,2240.188,0.0,39.8,0.0
8394,12.299,ok,32.496,2240.188,0.0,39.8,0.0
8395,11.763,ok,32.496,2240.188,0.0,39.8,0.0
8396,11.801,ok,32.496,2240.188,0.0,39.8,0.0
8397,12.256,ok,32.496,2240.188,0.0,39.8,0.0
8398,11.706,ok,32.496,2240.188,0.0,39.8,0.0
8399,11.940,ok,32.496,2240.188,0.0,39.8,0.0
8400,12.686,ok,32.496,2240.188,0.0,39.8,0.0
8401,11.662,ok,32.496,2240.188,0.0,39.8,0.0
8402,12.066,ok,32.496,2240.188,0.0,39.8,0.0
8403,12.024,ok,32.496,2240.188,0.0,39.8,0.0
8404,11.929,ok,32.496,2240.188,0.0,39.8,0.0
8405,12.317,ok,32.496,2240.188,5.0,39.8,0.0
8406,11.997,ok,32.496,2240.188,5.0,39.8,0.0
8407,12.457,ok,32.496,2240.188,5.0,39.8,0.0
8408,12.821,ok,32.496,2240.188,5.0,39.8,0.0
8409,12.722,ok,32.496,2240.188,5.0,39.8,0.0
8410,12.147,ok,32.496,2240.188,5.0,39.8,0.0
8411,12.424,ok,32.496,2240.188,5.0,39.8,0.0
8412,12.237,ok,32.496,2240.188,5.0,39.8,0.0
8413,12.539,ok,32.496,2240.188,5.0,39.8,0.0
8414,12.955,ok,32.496,2240.188,5.0,39.8,0.0
8415,11.832,ok,32.496,2240.188,5.0,39.8,0.0
8416,11.424,ok,32.496,2240.188,5.0,39.8,0.0
8417,11.577,ok,32.496,2240.188,5.0,39.8,0.0
8418,11.154,ok,32.496,2240.188,5.0,39.8,0.0
8419,11.374,ok,32.496,2240.188,5.0,39.8,0.0
8420,11.418,ok,32.496,2240.188,5.0,39.8,0.0
8421,11.153,ok,32.496,2240.188,5.0,39.8,0.0
8422,11.440,ok,32.500,2240.188,5.0,39.8,0.0
8423,11.601,ok,32.500,2240.188,5.0,39.8,0.0
8424,11.713,ok,32.500,2240.188,5.0,39.8,0.0
8425,11.507,ok,32.500,2240.188,5.0,39.8,0.0
8426,12.125,ok,32.500,2240.188,5.0,39.8,0.0
8427,12.624,ok,32.500,2240.188,5.0,39.8,0.0
8428,12.347,ok,32.500,2240.188,5.0,39.8,0.0
8429,12.670,ok,32.500,2240.188,5.0,39.8,0.0
8430,13.027,ok,32.500,2240.188,5.0,39.8,0.0
8431,12.388,ok,32.500,2240.188,5.0,39.8,0.0
8432,11.770,ok,32.500,2240.188,5.0,39.8,0.0
8433,12.039,ok,32.500,2240.188,5.0,39.8,0.0
8434,12.856,ok,32.500,2240.188,5.0,39.8,0.0
8435,13.066,ok,32.500,2240.188,5.0,39.8,0.0
8436,12.956,ok,32.500,2240.188,5.0,39.8,0.0
8437,13.068,ok,32.500,2240.188,5.0,39.8,0.0
8438,13.189,ok,32.500,2240.188,0.0,39.8,0.0
8439,12.911,ok,32.500,2240.188,0.0,39.8,0.0
8440,12.858,ok,32.500,2240.188,0.0,39.8,0.0
8441,12.482,ok,32.500,2240.188,0.0,39.8,0.0
8442,12.279,ok,32.500,2240.188,0.0,39.8,0.0
8443,13.240,ok,32.500,2240.188,0.0,39.8,0.0
8444,13.079,ok,32.500,2240.188,0.0,39.8,0.0
8445,12.804,ok,32.500,2240.188,0.0,39.8,0.0
8446,12.913,ok,32.500,2240.188,0.0,39.8,0.0
8447,13.083,ok,32.500,2240.188,0.0,39.8,0.0
8448,12.373,ok,32.500,2240.188,0.0,39.8,0.0
8449,11.937,ok,32.500,2240.188,0.0,39.8,0.0
8450,12.097,ok,32.500,2240.188,0.0,39.8,0.0
8451,11.898,ok,32.500,2240.188,0.0,39.8,0.0
8452,11.716,ok,32.500,2240.188,0.0,39.8,0.0
8453,11.801,ok,32.500,2240.188,0.0,39.8,0.0
8454,11.528,ok,32.500,2240.188,5.0,39.8,0.0
8455,11.661,ok,32.500,2240.188,5.0,39.8,0.0
8456,12.032,ok,32.500,2240.188,5.0,39.8,0.0
8457,12.221,ok,32.500,2240.188,5.0,39.8,0.0
8458,12.354,ok,32.500,2240.188,5.0,39.8,0.0
8459,12.601,ok,32.500,2240.188,5.0,39.8,0.0
8460,12.614,ok,32.500,2240.188,5.0,39.8,0.0
8461,12.594,ok,32.500,2240.188,5.0,39.8,0.0
8462,12.536,ok,32.500,2240.188,5.0,39.8,0.0
8463,12.704,ok,32.500,2240.188,5.0,39.8,0.0
8464,12.460,ok,32.500,2240.188,5.0,39.8,0.0
8465,12.696,ok,32.500,2240.188,5.0,39.8,0.0
8466,12.880,ok,32.500,2240.188,5.0,39.8,0.0
8467,12.543,ok,32.500,2240.188,5.0,39.8,0.0
8468,11.972,ok,32.500,2240.188,5.0,39.8,0.0
8469,12.743,ok,32.500,2240.188,5.0,39.8,0.0
8470,13.313,ok,32.500,2240.188,0.0,39.8,0.0
8471,13.759,ok,32.500,2240.188,0.0,39.8,0.0
8472,13.014,ok,32.500,2240.188,0.0,39.8,0.0
8473,12.040,ok,32.500,2240.188,0.0,39.8,0.0
8474,12.006,ok,32.500,2240.188,0.0,39.8,0.0
8475,11.560,ok,32.500,2240.188,0.0,39.8,0.0
8476,12.394,ok,32.500,2240.188,0.0,39.8,0.0
8477,11.978,ok,32.500,2240.188,0.0,39.8,0.0
8478,12.216,ok,32.500,2240.188,0.0,39.8,0.0
8479,11.857,ok,32.500,2240.188,0.0,39.8,0.0
8480,11.932,ok,32.500,2240.188,0.0,39.8,0.0
8481,12.259,ok,32.500,2240.188,0.0,39.8,0.0
8482,12.393,ok,32.500,2240.188,0.0,39.8,0.0
8483,12.357,ok,32.500,2240.188,0.0,39.8,0.0
8484,11.913,ok,32.500,2240.188,0.0,39.8,0.0
8485,11.964,ok,32.500,2240.188,0.0,39.8,0.0
8486,11.901,ok,32.500,2240.188,0.0,39.8,0.0
8487,11.849,ok,32.504,2240.188,0.0,39.8,0.0
8488,11.836,ok,32.504,2240.188,0.0,39.8,0.0
8489,11.878,ok,32.504,2240.188,0.0,39.8,0.0
8490,11.694,ok,32.504,2240.188,0.0,39.8,0.0
8491,12.901,ok,32.504,2240.188,0.0,39.8,0.0
8492,13.113,ok,32.504,2240.188,0.0,39.8,0.0
8493,13.002,ok,32.504,2240.188,0.0,39.8,0.0
8494,12.742,ok,32.504,2240.188,0.0,39.8,0.0
8495,12.288,ok,32.504,2240.188,0.0,39.8,0.0
8496,13.060,ok,32.504,2240.188,0.0,39.8,0.0
8497,12.910,ok,32.504,2240.188,0.0,39.8,0.0
8498,12.490,ok,32.504,2240.188,0.0,39.8,0.0
8499,11.340,ok,32.504,2240.188,0.0,39.8,0.0
8500,11.835,ok,32.504,2240.188,0.0,39.8,0.0
8501,11.942,ok,32.504,2240.188,0.0,39.8,0.0
8502,12.210,ok,32.504,2240.188,0.0,39.8,0.0
8503,11.524,ok,32.508,2240.188,5.0,39.8,0.0
8504,11.667,ok,32.508,2240.188,5.0,39.8,0.0
8505,11.952,ok,32.508,2240.188,5.0,39.8,0.0
8506,11.124,ok,32.508,2240.188,5.0,39.8,0.0
8507,11.723,ok,32.508,2240.188,5.0,39.8,0.0
8508,11.980,ok,32.508,2240.188,5.0,39.8,0.0
8509,11.852,ok,32.508,2240.188,5.0,39.8,0.0
8510,11.437,ok,32.508,2240.188,5.0,39.8,0.0
8511,11.729,ok,32.508,2240.188,5.0,39.8,0.0
8512,11.544,ok,32.508,2240.188,5.0,39.8,0.0
8513,11.664,ok,32.508,2240.188,5.0,39.8,0.0
8514,11.929,ok,32.508,2240.188,5.0,39.8,0.0
8515,12.103,ok,32.508,2240.188,5.0,39.8,0.0
8516,11.965,ok,32.508,2240.188,5.0,39.8,0.0
8517,11.814,ok,32.508,2240.188,5.0,39.8,0.0
8518,11.781,ok,32.508,2240.188,5.0,39.8,0.0
8519,11.898,ok,32.508,2240.188,5.0,39.8,0.0
8520,11.753,ok,32.508,2240.188,5.0,39.8,0.0
8521,11.792,ok,32.508,2240.188,5.0,39.8,0.0
8522,11.625,ok,32.508,2240.188,5.0,39.8,0.0
8523,12.152,ok,32.508,2240.188,5.0,39.8,0.0
8524,11.941,ok,32.508,2240.188,5.0,39.8,0.0
8525,12.020,ok,32.508,2240.188,5.0,39.8,0.0
8526,11.938,ok,32.508,2240.188,5.0,39.8,0.0
8527,12.264,ok,32.508,2240.188,5.0,39.8,0.0
8528,12.083,ok,32.508,2240.188,5.0,39.8,0.0
8529,11.928,ok,32.508,2240.188,5.0,39.8,0.0
8530,12.000,ok,32.508,2240.188,5.0,39.8,0.0
8531,11.146,ok,32.508,2240.188,5.0,39.8,0.0
8532,11.879,ok,32.508,2240.188,5.0,39.8,0.0
8533,11.854,ok,32.508,2240.188,5.0,39.8,0.0
8534,11.657,ok,32.508,2240.188,5.0,39.8,0.0
8535,12.217,ok,32.508,2240.188,5.0,39.8,0.0
8536,11.914,ok,32.508,2240.188,5.0,39.8,0.0
8537,11.269,ok,32.512,2240.188,0.0,39.8,0.0
8538,11.983,ok,32.512,2240.188,0.0,39.8,0.0
8539,12.087,ok,32.512,2240.188,0.0,39.8,0.0
8540,11.966,ok,32.512,2240.188,0.0,39.8,0.0
8541,12.194,ok,32.512,2240.188,0.0,39.8,0.0
8542,12.144,ok,32.512,2240.188,0.0,39.8,0.0
8543,12.047,ok,32.512,2240.188,0.0,39.8,0.0
8544,12.096,ok,32.512,2240.188,0.0,39.8,0.0
8545,12.512,ok,32.512,2240.188,0.0,39.8,0.0
8546,12.698,ok,32.512,2240.188,0.0,39.8,0.0
8547,12.243,ok,32.512,2240.188,0.0,39.8,0.0
8548,11.929,ok,32.512,2240.188,0.0,39.8,0.0
8549,12.147,ok,32.512,2240.188,0.0,39.8,0.0
8550,11.371,ok,32.512,2240.188,0.0,39.8,0.0
8551,11.566,ok,32.512,2240.188,0.0,39.8,0.0
8552,11.840,ok,32.512,2240.188,0.0,39.8,0.0
8553,11.623,ok,32.512,2240.188,0.0,39.8,0.0
8554,11.686,ok,32.512,2240.188,0.0,39.8,0.0
8555,11.478,ok,32.512,2240.188,0.0,39.8,0.0
8556,11.703,ok,32.512,2240.188,0.0,39.8,0.0
8557,11.570,ok,32.512,2240.188,0.0,39.8,0.0
8558,11.646,ok,32.512,2240.188,0.0,39.8,0.0
8559,11.763,ok,32.512,2240.188,0.0,39.8,0.0
8560,11.777,ok,32.512,2240.188,0.0,39.8,0.0
8561,11.629,ok,32.512,2240.188,0.0,39.8,0.0
8562,11.686,ok,32.512,2240.188,0.0,39.8,0.0
8563,11.699,ok,32.512,2240.188,0.0,39.8,0.0
8564,12.205,ok,32.512,2240.188,0.0,39.8,0.0
8565,12.119,ok,32.512,2240.188,0.0,39.8,0.0
8566,12.348,ok,32.512,2240.188,0.0,39.8,0.0
8567,12.282,ok,32.512,2240.188,0.0,39.8,0.0
8568,12.524,ok,32.512,2240.188,0.0,39.8,0.0
8569,12.069,ok,32.512,2240.188,0.0,39.8,0.0
8570,12.354,ok,32.512,2240.188,5.0,39.8,0.0
8571,12.725,ok,32.512,2240.188,5.0,39.8,0.0
8572,12.379,ok,32.512,2240.188,5.0,39.8,0.0
8573,12.158,ok,32.512,2240.188,5.0,39.8,0.0
8574,12.342,ok,32.512,2240.188,5.0,39.8,0.0
8575,12.168,ok,32.512,2240.188,5.0,39.8,0.0
8576,12.141,ok,32.512,2240.188,5.0,39.8,0.0
8577,11.662,ok,32.512,2240.188,5.0,39.8,0.0
8578,11.924,ok,32.512,2240.188,5.0,39.8,0.0
8579,11.630,ok,32.512,2240.188,5.0,39.8,0.0
8580,11.226,ok,32.512,2240.188,5.0,39.8,0.0
8581,11.433,ok,32.512,2240.188,5.0,39.8,0.0
8582,11.186,ok,32.512,2240.188,5.0,39.8,0.0
8583,11.192,ok,32.512,2240.188,5.0,39.8,0.0
8584,11.714,ok,32.512,2240.188,5.0,39.8,0.0
8585,11.664,ok,32.512,2240.188,5.0,39.8,0.0
8586,11.541,ok,32.512,2240.188,5.0,39.8,0.0
8587,11.624,ok,32.512,2240.188,0.0,39.8,0.0
8588,11.834,ok,32.512,2240.188,0.0,39.8,0.0
8589,12.027,ok,32.512,2240.188,0.0,39.8,0.0
8590,12.281,ok,32.512,2240.188,0.0,39.8,0.0
8591,12.074,ok,32.512,2240.188,0.0,39.8,0.0
8592,11.947,ok,32.512,2240.188,0.0,39.8,0.0
8593,12.120,ok,32.512,2240.188,0.0,39.8,0.0
8594,12.564,ok,32.512,2240.188,0.0,39.8,0.0
8595,12.488,ok,32.512,2240.188,0.0,39.8,0.0
8596,12.415,ok,32.512,2240.188,0.0,39.8,0.0
8597,11.962,ok,32.512,2240.188,0.0,39.8,0.0
8598,12.118,ok,32.512,2240.188,0.0,39.8,0.0
8599,12.630,ok,32.512,2240.188,0.0,39.8,0.0
8600,13.868,ok,32.512,2240.188,0.0,39.8,0.0
8601,12.157,ok,32.512,2240.188,0.0,39.8,0.0
8602,12.274,ok,32.512,2240.188,0.0,39.8,0.0
8603,12.148,ok,32.512,2240.188,0.0,39.8,0.0
8604,12.241,ok,32.516,2240.188,0.0,39.8,0.0
8605,11.385,ok,32.516,2240.188,0.0,39.8,0.0
8606,12.050,ok,32.516,2240.188,0.0,39.8,0.0
8607,12.396,ok,32.516,2240.188,0.0,39.8,0.0
8608,12.118,ok,32.516,2240.188,0.0,39.8,0.0
8609,12.366,ok,32.516,2240.188,0.0,39.8,0.0
8610,12.151,ok,32.516,2240.188,0.0,39.8,0.0
8611,12.147,ok,32.516,2240.188,0.0,39.8,0.0
8612,11.459,ok,32.516,2240.188,0.0,39.8,0.0
8613,11.744,ok,32.516,2240.188,0.0,39.8,0.0
8614,12.010,ok,32.516,2240.188,0.0,39.8,0.0
8615,11.857,ok,32.516,2240.188,0.0,39.8,0.0
8616,11.648,ok,32.516,2240.188,0.0,39.8,0.0
8617,11.910,ok,32.516,2240.188,0.0,39.8,0.0
8618,11.853,ok,32.516,2240.188,0.0,39.8,0.0
8619,11.669,ok,32.516,2240.188,0.0,39.8,0.0
8620,11.827,ok,32.516,2240.188,5.0,39.8,0.0
8621,11.754,ok,32.516,2240.188,5.0,39.8,0.0
8622,11.700,ok,32.516,2240.188,5.0,39.8,0.0
8623,11.867,ok,32.516,2240.188,5.0,39.8,0.0
8624,11.841,ok,32.516,2240.188,5.0,39.8,0.0
8625,11.533,ok,32.516,2240.188,5.0,39.8,0.0
8626,11.758,ok,32.516,2240.188,5.0,39.8,0.0
8627,12.234,ok,32.516,2240.188,5.0,39.8,0.0
8628,12.441,ok,32.516,2240.188,5.0,39.8,0.0
8629,12.172,ok,32.516,2240.188,5.0,39.8,0.0
8630,11.700,ok,32.516,2240.188,5.0,39.8,0.0
8631,11.848,ok,32.516,2240.188,5.0,39.8,0.0
8632,12.094,ok,32.516,2240.188,5.0,39.8,0.0
8633,12.197,ok,32.516,2240.188,5.0,39.8,0.0
8634,11.924,ok,32.516,2240.188,5.0,39.8,0.0
8635,12.897,ok,32.516,2240.188,5.0,39.8,0.0
8636,11.805,ok,32.516,2240.188,5.0,39.8,0.0
8637,11.417,ok,32.516,2240.188,5.0,39.8,0.0
8638,12.073,ok,32.516,2240.188,5.0,39.8,0.0
8639,11.774,ok,32.516,2240.188,5.0,39.8,0.0
8640,11.697,ok,32.516,2240.188,5.0,39.8,0.0
8641,11.790,ok,32.516,2240.188,5.0,39.8,0.0
8642,11.720,ok,32.516,2240.188,5.0,39.8,0.0
8643,11.453,ok,32.516,2240.188,5.0,39.8,0.0
8644,12.022,ok,32.516,2240.188,5.0,39.8,0.0
8645,11.477,ok,32.516,2240.188,5.0,39.8,0.0
8646,11.337,ok,32.516,2240.188,5.0,39.8,0.0
8647,11.647,ok,32.516,2240.188,5.0,39.8,0.0
8648,11.950,ok,32.516,2240.188,5.0,39.8,0.0
8649,12.021,ok,32.516,2240.188,5.0,39.8,0.0
8650,11.611,ok,32.516,2240.188,5.0,39.8,0.0
8651,12.632,ok,32.516,2240.188,5.0,39.8,0.0
8652,12.092,ok,32.516,2240.188,5.0,39.8,0.0
8653,11.898,ok,32.516,2240.188,5.0,39.8,0.0
8654,12.064,ok,32.520,2240.188,0.0,39.8,0.0
8655,12.290,ok,32.520,2240.188,0.0,39.8,0.0
8656,11.651,ok,32.520,2240.188,0.0,39.8,0.0
8657,12.181,ok,32.520,2240.188,0.0,39.8,0.0
8658,11.710,ok,32.520,2240.188,0.0,39.8,0.0
8659,11.947,ok,32.520,2240.188,0.0,39.8,0.0
8660,11.651,ok,32.520,2240.188,0.0,39.8,0.0
8661,11.677,ok,32.520,2240.188,0.0,39.8,0.0
8662,11.605,ok,32.520,2240.188,0.0,39.8,0.0
8663,12.177,ok,32.520,2240.188,0.0,39.8,0.0
8664,12.399,ok,32.520,2240.188,0.0,39.8,0.0
8665,11.401,ok,32.520,2240.188,0.0,39.8,0.0
8666,11.659,ok,32.520,2240.188,0.0,39.8,0.0
8667,12.419,ok,32.520,2240.188,0.0,39.8,0.0
8668,12.039,ok,32.520,2240.188,0.0,39.8,0.0
8669,11.838,ok,32.520,2240.188,0.0,39.8,0.0
8670,11.976,ok,32.520,2240.188,0.0,39.8,0.0
8671,12.127,ok,32.523,2240.188,0.0,39.8,0.0
8672,12.049,ok,32.523,2240.188,0.0,39.8,0.0
8673,12.439,ok,32.523,2240.188,0.0,39.8,0.0
8674,12.835,ok,32.523,2240.188,0.0,39.8,0.0
8675,13.017,ok,32.523,2240.188,0.0,39.8,0.0
8676,12.798,ok,32.523,2240.188,0.0,39.8,0.0
8677,12.319,ok,32.523,2240.188,0.0,39.8,0.0
8678,12.778,ok,32.523,2240.188,0.0,39.8,0.0
8679,12.217,ok,32.523,2240.188,0.0,39.8,0.0
8680,13.128,ok,32.523,2240.188,0.0,39.8,0.0
8681,12.267,ok,32.523,2240.188,0.0,39.8,0.0
8682,12.465,ok,32.523,2240.188,0.0,39.8,0.0
8683,12.224,ok,32.523,2240.188,0.0,39.8,0.0
8684,12.463,ok,32.523,2240.188,0.0,39.8,0.0
8685,12.578,ok,32.523,2240.188,0.0,39.8,0.0
8686,12.512,ok,32.523,2240.188,0.0,39.8,0.0
8687,12.333,ok,32.527,2240.188,10.1,39.8,0.0
8688,12.006,ok,32.527,2240.188,10.1,39.8,0.0
8689,12.633,ok,32.527,2240.188,10.1,39.8,0.0
8690,12.451,ok,32.527,2240.188,10.1,39.8,0.0
8691,13.183,ok,32.527,2240.188,10.1,39.8,0.0
8692,12.697,ok,32.527,2240.188,10.1,39.8,0.0
8693,13.605,ok,32.527,2240.188,10.1,39.8,0.0
8694,12.255,ok,32.527,2240.188,10.1,39.8,0.0
8695,13.185,ok,32.527,2240.188,10.1,39.8,0.0
8696,12.896,ok,32.527,2240.188,10.1,39.8,0.0
8697,12.797,ok,32.527,2240.188,10.1,39.8,0.0
8698,12.907,ok,32.527,2240.188,10.1,39.8,0.0
8699,12.409,ok,32.527,2240.188,10.1,39.8,0.0
8700,12.716,ok,32.527,2240.188,10.1,39.8,0.0
8701,12.295,ok,32.527,2240.188,10.1,39.8,0.0
8702,11.851,ok,32.527,2240.188,10.1,39.8,0.0
8703,12.676,ok,32.527,2240.188,0.0,39.8,0.0
8704,12.925,ok,32.527,2240.188,0.0,39.8,0.0
8705,12.302,ok,32.527,2240.188,0.0,39.8,0.0
8706,12.679,ok,32.527,2240.188,0.0,39.8,0.0
8707,13.182,ok,32.527,2240.188,0.0,39.8,0.0
8708,13.063,ok,32.527,2240.188,0.0,39.8,0.0
8709,12.936,ok,32.527,2240.188,0.0,39.8,0.0
8710,12.833,ok,32.527,2240.188,0.0,39.8,0.0
8711,13.110,ok,32.527,2240.188,0.0,39.8,0.0
8712,12.961,ok,32.527,2240.188,0.0,39.8,0.0
8713,12.721,ok,32.527,2240.188,0.0,39.8,0.0
8714,11.899,ok,32.527,2240.188,0.0,39.8,0.0
8715,12.385,ok,32.527,2240.188,0.0,39.8,0.0
8716,12.320,ok,32.527,2240.188,0.0,39.8,0.0
8717,12.417,ok,32.527,2240.188,0.0,39.8,0.0
8718,12.590,ok,32.531,2240.188,0.0,39.8,0.0
8719,12.883,ok,32.531,2240.188,0.0,39.8,0.0
8720,13.142,ok,32.531,2240.188,0.0,39.8,0.0
8721,12.608,ok,32.531,2240.188,0.0,39.8,0.0
8722,13.087,ok,32.531,2240.188,0.0,39.8,0.0
8723,13.079,ok,32.531,2240.188,0.0,39.8,0.0
8724,13.406,ok,32.531,2240.188,0.0,39.8,0.0
8725,12.554,ok,32.531,2240.188,0.0,39.8,0.0
8726,12.354,ok,32.531,2240.188,0.0,39.8,0.0
8727,11.629,ok,32.531,2240.188,0.0,39.8,0.0
8728,11.808,ok,32.531,2240.188,0.0,39.8,0.0
8729,11.757,ok,32.531,2240.188,0.0,39.8,0.0
8730,11.739,ok,32.531,2240.188,0.0,39.8,0.0
8731,12.199,ok,32.531,2240.188,0.0,39.8,0.0
8732,12.178,ok,32.531,2240.188,0.0,39.8,0.0
8733,12.105,ok,32.531,2240.188,0.0,39.8,0.0
8734,12.285,ok,32.531,2240.188,0.0,39.8,0.0
8735,12.573,ok,32.531,2240.188,5.0,39.8,0.0
8736,12.240,ok,32.531,2240.188,5.0,39.8,0.0
8737,12.347,ok,32.531,2240.188,5.0,39.8,0.0
8738,12.342,ok,32.531,2240.188,5.0,39.8,0.0
8739,12.217,ok,32.531,2240.188,5.0,39.8,0.0
8740,12.269,ok,32.531,2240.188,5.0,39.8,0.0
8741,11.573,ok,32.531,2240.188,5.0,39.8,0.0
8742,11.848,ok,32.531,2240.188,5.0,39.8,0.0
8743,11.750,ok,32.531,2240.188,5.0,39.8,0.0
8744,11.525,ok,32.531,2240.188,5.0,39.8,0.0
8745,11.420,ok,32.531,2240.188,5.0,39.8,0.0
8746,11.914,ok,32.531,2240.188,5.0,39.8,0.0
8747,11.824,ok,32.531,2240.188,5.0,39.8,0.0
8748,11.761,ok,32.531,2240.188,5.0,39.8,0.0
8749,11.141,ok,32.531,2240.188,5.0,39.8,0.0
8750,11.604,ok,32.531,2240.188,5.0,39.8,0.0
8751,11.282,ok,32.531,2240.188,5.0,39.8,0.0
8752,11.612,ok,32.531,2240.188,5.0,39.8,0.0
8753,12.097,ok,32.531,2240.188,5.0,39.8,0.0
8754,12.182,ok,32.531,2240.188,5.0,39.8,0.0
8755,11.495,ok,32.531,2240.188,5.0,39.8,0.0
8756,12.639,ok,32.531,2240.188,5.0,39.8,0.0
8757,13.129,ok,32.531,2240.188,5.0,39.8,0.0
8758,13.075,ok,32.531,2240.188,5.0,39.8,0.0
8759,12.923,ok,32.531,2240.188,5.0,39.8,0.0
8760,12.975,ok,32.531,2240.188,5.0,39.8,0.0
8761,13.032,ok,32.531,2240.188,5.0,39.8,0.0
8762,12.278,ok,32.531,2240.188,5.0,39.8,0.0
8763,12.888,ok,32.531,2240.188,5.0,39.8,0.0
8764,13.523,ok,32.531,2240.188,5.0,39.8,0.0
8765,13.270,ok,32.531,2240.188,5.0,39.8,0.0
8766,12.336,ok,32.531,2240.188,5.0,39.8,0.0
8767,13.272,ok,32.535,2240.188,5.0,39.8,0.0
8768,13.528,ok,32.535,2240.188,5.0,39.8,0.0
8769,13.029,ok,32.535,2240.188,5.0,39.8,0.0
8770,13.849,ok,32.535,2240.188,5.0,39.8,0.0
8771,12.898,ok,32.535,2240.188,5.0,39.8,0.0
8772,12.464,ok,32.535,2240.188,5.0,39.8,0.0
8773,12.750,ok,32.535,2240.188,5.0,39.8,0.0
8774,13.534,ok,32.535,2240.188,5.0,39.8,0.0
8775,12.916,ok,32.535,2240.188,5.0,39.8,0.0
8776,12.490,ok,32.535,2240.188,5.0,39.8,0.0
8777,13.015,ok,32.535,2240.188,5.0,39.8,0.0
8778,12.421,ok,32.535,2240.188,5.0,39.8,0.0
8779,12.465,ok,32.535,2240.188,5.0,39.8,0.0
8780,13.041,ok,32.535,2240.188,5.0,39.8,0.0
8781,13.017,ok,32.535,2240.188,5.0,39.8,0.0
8782,13.063,ok,32.535,2240.188,5.0,39.8,0.0
8783,12.958,ok,32.535,2240.188,0.0,39.8,0.0
8784,12.350,ok,32.535,2240.188,0.0,39.8,0.0
8785,12.707,ok,32.535,2240.188,0.0,39.8,0.0
8786,12.205,ok,32.535,2240.188,0.0,39.8,0.0
8787,12.630,ok,32.535,2240.188,0.0,39.8,0.0
8788,12.079,ok,32.535,2240.188,0.0,39.8,0.0
8789,12.442,ok,32.535,2240.188,0.0,39.8,0.0
8790,13.133,ok,32.535,2240.188,0.0,39.8,0.0
8791,12.452,ok,32.535,2240.188,0.0,39.8,0.0
8792,12.405,ok,32.535,2240.188,0.0,39.8,0.0
8793,12.435,ok,32.535,2240.188,0.0,39.8,0.0
8794,13.145,ok,32.535,2240.188,0.0,39.8,0.0
8795,12.771,ok,32.535,2240.188,0.0,39.8,0.0
8796,12.382,ok,32.535,2240.188,0.0,39.8,0.0
8797,11.738,ok,32.535,2240.188,0.0,39.8,0.0
8798,12.196,ok,32.535,2240.188,0.0,39.8,0.0
8799,12.040,ok,32.535,2240.188,10.0,39.8,0.0
8800,12.019,ok,32.535,2240.188,10.0,39.8,0.0
8801,12.729,ok,32.535,2240.188,10.0,39.8,0.0
8802,12.978,ok,32.535,2240.188,10.0,39.8,0.0
8803,12.791,ok,32.535,2240.188,10.0,39.8,0.0
8804,12.307,ok,32.535,2240.188,10.0,39.8,0.0
8805,12.295,ok,32.535,2240.188,10.0,39.8,0.0
8806,12.329,ok,32.535,2240.188,10.0,39.8,0.0
8807,12.276,ok,32.535,2240.188,10.0,39.8,0.0
8808,11.957,ok,32.535,2240.188,10.0,39.8,0.0
8809,11.811,ok,32.535,2240.188,10.0,39.8,0.0
8810,11.810,ok,32.535,2240.188,10.0,39.8,0.0
8811,11.451,ok,32.535,2240.188,10.0,39.8,0.0
8812,11.629,ok,32.535,2240.188,10.0,39.8,0.0
8813,11.700,ok,32.535,2240.188,10.0,39.8,0.0
8814,11.870,ok,32.535,2240.188,10.0,39.8,0.0
8815,11.881,ok,32.539,2240.188,0.0,39.8,0.0
8816,11.982,ok,32.539,2240.188,0.0,39.8,0.0
8817,11.941,ok,32.539,2240.188,0.0,39.8,0.0
8818,12.016,ok,32.539,2240.188,0.0,39.8,0.0
8819,11.974,ok,32.539,2240.188,0.0,39.8,0.0
8820,12.052,ok,32.539,2240.188,0.0,39.8,0.0
8821,12.300,ok,32.539,2240.188,0.0,39.8,0.0
8822,12.167,ok,32.539,2240.188,0.0,39.8,0.0
8823,12.163,ok,32.539,2240.188,0.0,39.8,0.0
8824,12.007,ok,32.539,2240.188,0.0,39.8,0.0
8825,11.071,ok,32.539,2240.188,0.0,39.8,0.0
8826,11.066,ok,32.539,2240.188,0.0,39.8,0.0
8827,11.141,ok,32.539,2240.188,0.0,39.8,0.0
8828,11.160,ok,32.539,2240.188,0.0,39.8,0.0
8829,11.499,ok,32.539,2240.188,0.0,39.8,0.0
8830,11.423,ok,32.539,2240.188,0.0,39.8,0.0
8831,11.679,ok,32.539,2240.188,0.0,39.8,0.0
8832,11.370,ok,32.543,2240.188,0.0,39.8,0.0
8833,11.395,ok,32.543,2240.188,0.0,39.8,0.0
8834,11.105,ok,32.543,2240.188,0.0,39.8,0.0
8835,11.273,ok,32.543,2240.188,0.0,39.8,0.0
8836,11.240,ok,32.543,2240.188,0.0,39.8,0.0
8837,11.512,ok,32.543,2240.188,0.0,39.8,0.0
8838,11.190,ok,32.543,2240.188,0.0,39.8,0.0
8839,11.215,ok,32.543,2240.188,0.0,39.8,0.0
8840,11.809,ok,32.543,2240.188,0.0,39.8,0.0
8841,11.662,ok,32.543,2240.188,0.0,39.8,0.0
8842,12.151,ok,32.543,2240.188,0.0,39.8,0.0
8843,12.218,ok,32.543,2240.188,0.0,39.8,0.0
8844,12.153,ok,32.543,2240.188,0.0,39.8,0.0
8845,12.159,ok,32.543,2240.188,0.0,39.8,0.0
8846,12.383,ok,32.543,2240.188,0.0,39.8,0.0
8847,12.326,ok,32.543,2240.188,0.0,39.8,0.0
8848,11.702,ok,32.543,2240.188,0.0,39.8,0.0
8849,12.172,ok,32.543,2240.188,5.0,39.8,0.0
8850,12.271,ok,32.543,2240.188,5.0,39.8,0.0
8851,12.058,ok,32.543,2240.188,5.0,39.8,0.0
8852,11.990,ok,32.543,2240.188,5.0,39.8,0.0
8853,12.103,ok,32.543,2240.188,5.0,39.8,0.0
8854,11.992,ok,32.543,2240.188,5.0,39.8,0.0
8855,12.048,ok,32.543,2240.188,5.0,39.8,0.0
8856,12.112,ok,32.543,2240.188,5.0,39.8,0.0
8857,12.228,ok,32.543,2240.188,5.0,39.8,0.0
8858,12.224,ok,32.543,2240.188,5.0,39.8,0.0
8859,11.909,ok,32.543,2240.188,5.0,39.8,0.0
8860,12.015,ok,32.543,2240.188,5.0,39.8,0.0
8861,12.356,ok,32.543,2240.188,5.0,39.8,0.0
8862,12.094,ok,32.543,2240.188,5.0,39.8,0.0
8863,11.891,ok,32.543,2240.188,5.0,39.8,0.0
8864,11.376,ok,32.543,2240.188,5.0,39.8,0.0
8865,12.162,ok,32.543,2240.188,5.0,39.8,0.0
8866,11.469,ok,32.543,2240.188,0.0,39.8,0.0
8867,11.774,ok,32.543,2240.188,0.0,39.8,0.0
8868,12.614,ok,32.543,2240.188,0.0,39.8,0.0
8869,11.755,ok,32.543,2240.188,0.0,39.8,0.0
8870,11.936,ok,32.543,2240.188,0.0,39.8,0.0
8871,12.310,ok,32.543,2240.188,0.0,39.8,0.0
8872,11.458,ok,32.543,2240.188,0.0,39.8,0.0
8873,12.005,ok,32.543,2240.188,0.0,39.8,0.0
8874,12.000,ok,32.543,2240.188,0.0,39.8,0.0
8875,12.058,ok,32.543,2240.188,0.0,39.8,0.0
8876,12.316,ok,32.543,2240.188,0.0,39.8,0.0
8877,11.412,ok,32.543,2240.188,0.0,39.8,0.0
8878,11.755,ok,32.543,2240.188,0.0,39.8,0.0
8879,11.558,ok,32.543,2240.188,0.0,39.8,0.0
8880,11.274,ok,32.543,2240.188,0.0,39.8,0.0
8881,11.929,ok,32.543,2240.188,0.0,39.8,0.0
8882,12.042,ok,32.543,2240.188,0.0,39.8,0.0
8883,12.229,ok,32.547,2240.188,0.0,39.8,0.0
8884,11.957,ok,32.547,2240.188,0.0,39.8,0.0
8885,12.286,ok,32.547,2240.188,0.0,39.8,0.0
8886,12.274,ok,32.547,2240.188,0.0,39.8,0.0
8887,11.355,ok,32.547,2240.188,0.0,39.8,0.0
8888,11.556,ok,32.547,2240.188,0.0,39.8,0.0
8889,11.964,ok,32.547,2240.188,0.0,39.8,0.0
8890,11.554,ok,32.547,2240.188,0.0,39.8,0.0
8891,12.114,ok,32.547,2240.188,0.0,39.8,0.0
8892,11.651,ok,32.547,2240.188,0.0,39.8,0.0
8893,12.115,ok,32.547,2240.188,0.0,39.8,0.0
8894,12.046,ok,32.547,2240.188,0.0,39.8,0.0
8895,12.475,ok,32.547,2240.188,0.0,39.8,0.0
8896,12.806,ok,32.547,2240.188,0.0,39.8,0.0
8897,11.972,ok,32.547,2240.188,0.0,39.8,0.0
8898,12.032,ok,32.547,2240.188,0.0,39.8,0.0
8899,12.325,ok,32.547,2240.188,0.0,39.8,0.0
8900,12.605,ok,32.547,2240.188,0.0,39.8,0.0
8901,12.144,ok,32.547,2240.188,0.0,39.8,0.0
8902,12.138,ok,32.547,2240.188,0.0,39.8,0.0
8903,11.346,ok,32.547,2240.188,0.0,39.8,0.0
8904,11.708,ok,32.547,2240.188,0.0,39.8,0.0
8905,11.926,ok,32.547,2240.188,0.0,39.8,0.0
8906,11.934,ok,32.547,2240.188,0.0,39.8,0.0
8907,11.805,ok,32.547,2240.188,0.0,39.8,0.0
8908,12.134,ok,32.547,2240.188,0.0,39.8,0.0
8909,11.677,ok,32.547,2240.188,0.0,39.8,0.0
8910,10.993,ok,32.547,2240.188,0.0,39.8,0.0
8911,11.702,ok,32.547,2240.188,0.0,39.8,0.0
8912,11.888,ok,32.547,2240.188,0.0,39.8,0.0
8913,12.013,ok,32.547,2240.188,0.0,39.8,0.0
8914,11.799,ok,32.547,2240.188,0.0,39.8,0.0
8915,11.868,ok,32.547,2240.188,0.0,39.8,0.0
8916,12.065,ok,32.551,2240.188,5.0,39.8,0.0
8917,12.432,ok,32.551,2240.188,5.0,39.8,0.0
8918,11.866,ok,32.551,2240.188,5.0,39.8,0.0
8919,11.654,ok,32.551,2240.188,5.0,39.8,0.0
8920,11.817,ok,32.551,2240.188,5.0,39.8,0.0
8921,11.719,ok,32.551,2240.188,5.0,39.8,0.0
8922,12.110,ok,32.551,2240.188,5.0,39.8,0.0
8923,12.494,ok,32.551,2240.188,5.0,39.8,0.0
8924,13.142,ok,32.551,2240.188,5.0,39.8,0.0
8925,13.189,ok,32.551,2240.188,5.0,39.8,0.0
8926,12.850,ok,32.551,2240.188,5.0,39.8,0.0
8927,12.903,ok,32.551,2240.188,5.0,39.8,0.0
8928,12.918,ok,32.551,2240.188,5.0,39.8,0.0
8929,12.533,ok,32.551,2240.188,5.0,39.8,0.0
8930,12.607,ok,32.551,2240.188,5.0,39.8,0.0
8931,12.508,ok,32.551,2240.188,5.0,39.8,0.0
8932,12.606,ok,32.551,2240.188,0.0,39.8,0.0
8933,12.912,ok,32.551,2240.188,0.0,39.8,0.0
8934,12.880,ok,32.551,2240.188,0.0,39.8,0.0
8935,12.442,ok,32.551,2240.188,0.0,39.8,0.0
8936,12.876,ok,32.551,2240.188,0.0,39.8,0.0
8937,12.625,ok,32.551,2240.188,0.0,39.8,0.0
8938,13.190,ok,32.551,2240.188,0.0,39.8,0.0
8939,13.096,ok,32.551,2240.188,0.0,39.8,0.0
8940,11.892,ok,32.551,2240.188,0.0,39.8,0.0
8941,11.929,ok,32.551,2240.188,0.0,39.8,0.0
8942,11.854,ok,32.551,2240.188,0.0,39.8,0.0
8943,11.926,ok,32.551,2240.188,0.0,39.8,0.0
8944,11.991,ok,32.551,2240.188,0.0,39.8,0.0
8945,12.093,ok,32.551,2240.188,0.0,39.8,0.0
8946,11.965,ok,32.551,2240.188,0.0,39.8,0.0
8947,12.603,ok,32.551,2240.188,0.0,39.8,0.0
8948,11.698,ok,32.551,2240.188,0.0,39.8,0.0
8949,12.384,ok,32.555,2240.188,5.0,39.8,0.0
8950,11.999,ok,32.555,2240.188,5.0,39.8,0.0
8951,12.485,ok,32.555,2240.188,5.0,39.8,0.0
8952,11.885,ok,32.555,2240.188,5.0,39.8,0.0
8953,12.054,ok,32.555,2240.188,5.0,39.8,0.0
8954,12.002,ok,32.555,2240.188,5.0,39.8,0.0
8955,12.445,ok,32.555,2240.188,5.0,39.8,0.0
8956,12.199,ok,32.555,2240.188,5.0,39.8,0.0
8957,13.045,ok,32.555,2240.188,5.0,39.8,0.0
8958,13.294,ok,32.555,2240.188,5.0,39.8,0.0
8959,12.789,ok,32.555,2240.188,5.0,39.8,0.0
8960,12.478,ok,32.555,2240.188,5.0,39.8,0.0
8961,13.042,ok,32.555,2240.188,5.0,39.8,0.0
8962,13.082,ok,32.555,2240.188,5.0,39.8,0.0
8963,12.860,ok,32.555,2240.188,5.0,39.8,0.0
8964,12.237,ok,32.555,2240.188,5.0,39.8,0.0
8965,12.243,ok,32.555,2240.188,0.0,39.8,0.0
8966,12.176,ok,32.555,2240.188,0.0,39.8,0.0
8967,11.983,ok,32.555,2240.188,0.0,39.8,0.0
8968,12.055,ok,32.555,2240.188,0.0,39.8,0.0
8969,11.866,ok,32.555,2240.188,0.0,39.8,0.0
8970,12.436,ok,32.555,2240.188,0.0,39.8,0.0
8971,11.489,ok,32.555,2240.188,0.0,39.8,0.0
8972,11.541,ok,32.555,2240.188,0.0,39.8,0.0
8973,11.309,ok,32.555,2240.188,0.0,39.8,0.0
8974,11.827,ok,32.555,2240.188,0.0,39.8,0.0
8975,11.553,ok,32.555,2240.188,0.0,39.8,0.0
8976,11.763,ok,32.555,2240.188,0.0,39.8,0.0
8977,12.068,ok,32.555,2240.188,0.0,39.8,0.0
8978,12.019,ok,32.555,2240.188,0.0,39.8,0.0
8979,12.000,ok,32.555,2240.188,0.0,39.8,0.0
8980,12.143,ok,32.555,2240.188,0.0,39.8,0.0
8981,12.013,ok,32.555,2240.188,0.0,39.8,0.0
8982,11.897,ok,32.555,2240.188,0.0,39.8,0.0
8983,11.833,ok,32.555,2240.188,0.0,39.8,0.0
8984,12.176,ok,32.555,2240.188,0.0,39.8,0.0
8985,12.356,ok,32.555,2240.188,0.0,39.8,0.0
8986,12.625,ok,32.555,2240.188,0.0,39.8,0.0
8987,12.605,ok,32.555,2240.188,0.0,39.8,0.0
8988,12.960,ok,32.555,2240.188,0.0,39.8,0.0
8989,12.904,ok,32.555,2240.188,0.0,39.8,0.0
8990,12.945,ok,32.555,2240.188,0.0,39.8,0.0
8991,12.745,ok,32.555,2240.188,0.0,39.8,0.0
8992,12.676,ok,32.555,2240.188,0.0,39.8,0.0
8993,12.391,ok,32.555,2240.188,0.0,39.8,0.0
8994,11.829,ok,32.555,2240.188,0.0,39.8,0.0
8995,11.381,ok,32.555,2240.188,0.0,39.8,0.0
8996,11.438,ok,32.555,2240.188,0.0,39.8,0.0
8997,12.044,ok,32.555,2240.188,0.0,39.8,0.0
8998,12.181,ok,32.559,2240.188,10.0,39.8,0.0
8999,12.413,ok,32.559,2240.188,10.0,39.8,0.0
9000,12.731,ok,32.559,2240.188,10.0,39.8,0.0
9001,12.404,ok,32.559,2240.188,10.0,39.8,0.0
9002,12.379,ok,32.559,2240.188,10.0,39.8,0.0
9003,12.385,ok,32.559,2240.188,10.0,39.8,0.0
9004,12.234,ok,32.559,2240.188,10.0,39.8,0.0
9005,12.461,ok,32.559,2240.188,10.0,39.8,0.0
9006,12.944,ok,32.559,2240.188,10.0,39.8,0.0
9007,12.929,ok,32.559,2240.188,10.0,39.8,0.0
9008,12.343,ok,32.559,2240.188,10.0,39.8,0.0
9009,12.832,ok,32.559,2240.188,10.0,39.8,0.0
9010,11.968,ok,32.559,2240.188,10.0,39.8,0.0
9011,12.383,ok,32.559,2240.188,10.0,39.8,0.0
9012,12.624,ok,32.559,2240.188,10.0,39.8,0.0
9013,12.454,ok,32.559,2240.188,10.0,39.8,0.0
9014,12.026,ok,32.562,2240.188,0.0,39.8,0.0
9015,12.003,ok,32.562,2240.188,0.0,39.8,0.0
9016,12.688,ok,32.562,2240.188,0.0,39.8,0.0
9017,12.441,ok,32.562,2240.188,0.0,39.8,0.0
9018,12.204,ok,32.562,2240.188,0.0,39.8,0.0
9019,13.241,ok,32.562,2240.188,0.0,39.8,0.0
9020,11.660,ok,32.562,2240.188,0.0,39.8,0.0
9021,12.106,ok,32.562,2240.188,0.0,39.8,0.0
9022,12.329,ok,32.562,2240.188,0.0,39.8,0.0
9023,12.797,ok,32.562,2240.188,0.0,39.8,0.0
9024,12.839,ok,32.562,2240.188,0.0,39.8,0.0
9025,12.724,ok,32.562,2240.188,0.0,39.8,0.0
9026,12.588,ok,32.562,2240.188,0.0,39.8,0.0
9027,12.997,ok,32.562,2240.188,0.0,39.8,0.0
9028,11.868,ok,32.562,2240.188,0.0,39.8,0.0
9029,12.817,ok,32.562,2240.188,0.0,39.8,0.0
9030,12.061,ok,32.562,2240.188,5.0,39.8,0.0
9031,12.378,ok,32.562,2240.188,5.0,39.8,0.0
9032,12.066,ok,32.562,2240.188,5.0,39.8,0.0
9033,12.074,ok,32.562,2240.188,5.0,39.8,0.0
9034,12.439,ok,32.562,2240.188,5.0,39.8,0.0
9035,12.440,ok,32.562,2240.188,5.0,39.8,0.0
9036,12.499,ok,32.562,2240.188,5.0,39.8,0.0
9037,12.007,ok,32.562,2240.188,5.0,39.8,0.0
9038,12.649,ok,32.562,2240.188,5.0,39.8,0.0
9039,12.496,ok,32.562,2240.188,5.0,39.8,0.0
9040,12.456,ok,32.562,2240.188,5.0,39.8,0.0
9041,12.159,ok,32.562,2240.188,5.0,39.8,0.0
9042,12.466,ok,32.562,2240.188,5.0,39.8,0.0
9043,12.404,ok,32.562,2240.188,5.0,39.8,0.0
9044,12.630,ok,32.562,2240.188,5.0,39.8,0.0
9045,12.280,ok,32.562,2240.188,5.0,39.8,0.0
9046,12.459,ok,32.562,2240.188,0.0,39.8,0.0
9047,13.049,ok,32.562,2240.188,0.0,39.8,0.0
9048,13.126,ok,32.562,2240.188,0.0,39.8,0.0
9049,12.891,ok,32.562,2240.188,0.0,39.8,0.0
9050,12.793,ok,32.562,2240.188,0.0,39.8,0.0
9051,12.316,ok,32.562,2240.188,0.0,39.8,0.0
9052,12.033,ok,32.562,2240.188,0.0,39.8,0.0
9053,11.882,ok,32.562,2240.188,0.0,39.8,0.0
9054,12.088,ok,32.562,2240.188,0.0,39.8,0.0
9055,12.192,ok,32.562,2240.188,0.0,39.8,0.0
9056,11.881,ok,32.562,2240.188,0.0,39.8,0.0
9057,12.321,ok,32.562,2240.188,0.0,39.8,0.0
9058,12.675,ok,32.562,2240.188,0.0,39.8,0.0
9059,12.963,ok,32.562,2240.188,0.0,39.8,0.0
9060,12.571,ok,32.562,2240.188,0.0,39.8,0.0
9061,12.866,ok,32.562,2240.188,0.0,39.8,0.0
9062,12.948,ok,32.566,2240.188,5.0,39.8,0.0
9063,12.681,ok,32.566,2240.188,5.0,39.8,0.0
9064,13.307,ok,32.566,2240.188,5.0,39.8,0.0
9065,12.510,ok,32.566,2240.188,5.0,39.8,0.0
9066,13.087,ok,32.566,2240.188,5.0,39.8,0.0
9067,12.950,ok,32.566,2240.188,5.0,39.8,0.0
9068,13.022,ok,32.566,2240.188,5.0,39.8,0.0
9069,12.662,ok,32.566,2240.188,5.0,39.8,0.0
9070,12.384,ok,32.566,2240.188,5.0,39.8,0.0
9071,11.857,ok,32.566,2240.188,5.0,39.8,0.0
9072,11.943,ok,32.566,2240.188,5.0,39.8,0.0
9073,12.281,ok,32.566,2240.188,5.0,39.8,0.0
9074,11.901,ok,32.566,2240.188,5.0,39.8,0.0
9075,12.082,ok,32.566,2240.188,5.0,39.8,0.0
9076,11.556,ok,32.566,2240.188,5.0,39.8,0.0
9077,11.311,ok,32.566,2240.188,5.0,39.8,0.0
9078,11.681,ok,32.566,2240.188,0.0,39.8,0.0
9079,11.685,ok,32.566,2240.188,0.0,39.8,0.0
9080,12.183,ok,32.566,2240.188,0.0,39.8,0.0
9081,11.527,ok,32.566,2240.188,0.0,39.8,0.0
9082,11.802,ok,32.566,2240.188,0.0,39.8,0.0
9083,12.014,ok,32.566,2240.188,0.0,39.8,0.0
9084,12.035,ok,32.566,2240.188,0.0,39.8,0.0
9085,12.176,ok,32.566,2240.188,0.0,39.8,0.0
9086,11.750,ok,32.566,2240.188,0.0,39.8,0.0
9087,12.066,ok,32.566,2240.188,0.0,39.8,0.0
9088,12.584,ok,32.566,2240.188,0.0,39.8,0.0
9089,12.520,ok,32.566,2240.188,0.0,39.8,0.0
9090,13.017,ok,32.566,2240.188,0.0,39.8,0.0
9091,12.829,ok,32.566,2240.188,0.0,39.8,0.0
9092,13.154,ok,32.566,2240.188,0.0,39.8,0.0
9093,12.281,ok,32.566,2240.188,0.0,39.8,0.0
9094,12.043,ok,32.566,2240.188,0.0,39.8,0.0
9095,12.601,ok,32.566,2240.188,0.0,39.8,0.0
9096,12.497,ok,32.566,2240.188,0.0,39.8,0.0
9097,12.431,ok,32.566,2240.188,0.0,39.8,0.0
9098,12.349,ok,32.566,2240.188,0.0,39.8,0.0
9099,12.465,ok,32.566,2240.188,0.0,39.8,0.0
9100,12.465,ok,32.566,2240.188,0.0,39.8,0.0
9101,12.424,ok,32.566,2240.188,0.0,39.8,0.0
9102,12.383,ok,32.566,2240.188,0.0,39.8,0.0
9103,12.559,ok,32.566,2240.188,0.0,39.8,0.0
9104,12.498,ok,32.566,2240.188,0.0,39.8,0.0
9105,11.714,ok,32.566,2240.188,0.0,39.8,0.0
9106,12.181,ok,32.566,2240.188,0.0,39.8,0.0
9107,11.279,ok,32.566,2240.188,0.0,39.8,0.0
9108,11.332,ok,32.566,2240.188,0.0,39.8,0.0
9109,12.065,ok,32.566,2240.188,0.0,39.8,0.0
9110,11.587,ok,32.566,2240.188,0.0,39.8,0.0
9111,11.877,ok,32.570,2240.188,10.0,39.8,0.0
9112,11.416,ok,32.570,2240.188,10.0,39.8,0.0
9113,11.645,ok,32.570,2240.188,10.0,39.8,0.0
9114,11.781,ok,32.570,2240.188,10.0,39.8,0.0
9115,11.850,ok,32.570,2240.188,10.0,39.8,0.0
9116,11.932,ok,32.570,2240.188,10.0,39.8,0.0
9117,12.241,ok,32.570,2240.188,10.0,39.8,0.0
9118,12.317,ok,32.570,2240.188,10.0,39.8,0.0
9119,12.114,ok,32.570,2240.188,10.0,39.8,0.0
9120,12.135,ok,32.570,2240.188,10.0,39.8,0.0
9121,12.132,ok,32.570,2240.188,10.0,39.8,0.0
9122,12.021,ok,32.570,2240.188,10.0,39.8,0.0
9123,12.151,ok,32.570,2240.188,10.0,39.8,0.0
9124,12.282,ok,32.570,2240.188,10.0,39.8,0.0
9125,11.441,ok,32.570,2240.188,10.0,39.8,0.0
9126,11.871,ok,32.570,2240.188,10.0,39.8,0.0
9127,11.755,ok,32.570,2240.188,10.0,39.8,0.0
9128,11.317,ok,32.570,2240.188,0.0,39.8,0.0
9129,11.501,ok,32.570,2240.188,0.0,39.8,0.0
9130,12.104,ok,32.570,2240.188,0.0,39.8,0.0
9131,12.373,ok,32.570,2240.188,0.0,39.8,0.0
9132,11.473,ok,32.570,2240.188,0.0,39.8,0.0
9133,11.765,ok,32.570,2240.188,0.0,39.8,0.0
9134,11.592,ok,32.570,2240.188,0.0,39.8,0.0
9135,11.472,ok,32.570,2240.188,0.0,39.8,0.0
9136,11.227,ok,32.570,2240.188,0.0,39.8,0.0
9137,12.063,ok,32.570,2240.188,0.0,39.8,0.0
9138,11.314,ok,32.570,2240.188,0.0,39.8,0.0
9139,11.632,ok,32.570,2240.188,0.0,39.8,0.0
9140,11.508,ok,32.570,2240.188,0.0,39.8,0.0
9141,11.361,ok,32.570,2240.188,0.0,39.8,0.0
9142,11.552,ok,32.570,2240.188,0.0,39.8,0.0
9143,11.466,ok,32.570,2240.188,0.0,39.8,0.0
9144,11.752,ok,32.570,2240.188,0.0,39.8,0.0
9145,11.628,ok,32.570,2240.188,0.0,39.8,0.0
9146,11.761,ok,32.570,2240.188,0.0,39.8,0.0
9147,12.118,ok,32.570,2240.188,0.0,39.8,0.0
9148,11.399,ok,32.570,2240.188,0.0,39.8,0.0
9149,11.409,ok,32.570,2240.188,0.0,39.8,0.0
9150,12.044,ok,32.570,2240.188,0.0,39.8,0.0
9151,11.341,ok,32.570,2240.188,0.0,39.8,0.0
9152,11.765,ok,32.570,2240.188,0.0,39.8,0.0
9153,12.176,ok,32.570,2240.188,0.0,39.8,0.0
9154,11.889,ok,32.570,2240.188,0.0,39.8,0.0
9155,11.744,ok,32.570,2240.188,0.0,39.8,0.0
9156,11.721,ok,32.570,2240.188,0.0,39.8,0.0
9157,11.912,ok,32.570,2240.188,0.0,39.8,0.0
9158,12.184,ok,32.570,2240.188,0.0,39.8,0.0
9159,11.828,ok,32.570,2240.188,0.0,39.8,0.0
9160,12.333,ok,32.570,2240.188,0.0,39.8,0.0
9161,11.666,ok,32.570,2240.188,0.0,39.8,0.0
9162,11.416,ok,32.574,2240.188,0.0,39.8,0.0
9163,11.762,ok,32.574,2240.188,0.0,39.8,0.0
9164,11.945,ok,32.574,2240.188,0.0,39.8,0.0
9165,12.306,ok,32.574,2240.188,0.0,39.8,0.0
9166,12.139,ok,32.574,2240.188,0.0,39.8,0.0
9167,11.538,ok,32.574,2240.188,0.0,39.8,0.0
9168,11.971,ok,32.574,2240.188,0.0,39.8,0.0
9169,12.015,ok,32.574,2240.188,0.0,39.8,0.0
9170,11.944,ok,32.574,2240.188,0.0,39.8,0.0
9171,11.451,ok,32.574,2240.188,0.0,39.8,0.0
9172,11.108,ok,32.574,2240.188,0.0,39.8,0.0
9173,11.833,ok,32.574,2240.188,0.0,39.8,0.0
9174,12.283,ok,32.574,2240.188,0.0,39.8,0.0
9175,11.950,ok,32.574,2240.188,0.0,39.8,0.0
9176,12.380,ok,32.574,2240.188,0.0,39.8,0.0
9177,11.729,ok,32.574,2240.188,0.0,39.8,0.0
9178,12.266,ok,32.574,2240.188,0.0,39.8,0.0
9179,11.322,ok,32.578,2240.188,0.0,39.8,0.0
9180,11.643,ok,32.578,2240.188,0.0,39.8,0.0
9181,12.416,ok,32.578,2240.188,0.0,39.8,0.0
9182,11.865,ok,32.578,2240.188,0.0,39.8,0.0
9183,11.762,ok,32.578,2240.188,0.0,39.8,0.0
9184,11.957,ok,32.578,2240.188,0.0,39.8,0.0
9185,12.253,ok,32.578,2240.188,0.0,39.8,0.0
9186,12.230,ok,32.578,2240.188,0.0,39.8,0.0
9187,11.833,ok,32.578,2240.188,0.0,39.8,0.0
9188,11.463,ok,32.578,2240.188,0.0,39.8,0.0
9189,11.954,ok,32.578,2240.188,0.0,39.8,0.0
9190,11.849,ok,32.578,2240.188,0.0,39.8,0.0
9191,11.825,ok,32.578,2240.188,0.0,39.8,0.0
9192,12.082,ok,32.578,2240.188,0.0,39.8,0.0
9193,11.803,ok,32.578,2240.188,0.0,39.8,0.0
9194,12.404,ok,32.578,2240.188,0.0,39.8,0.0
9195,12.161,ok,32.578,2240.188,0.0,39.8,0.0
9196,11.820,ok,32.578,2240.188,10.0,39.8,0.0
9197,11.858,ok,32.578,2240.188,10.0,39.8,0.0
9198,11.992,ok,32.578,2240.188,10.0,39.8,0.0
9199,12.270,ok,32.578,2240.188,10.0,39.8,0.0
9200,11.625,ok,32.578,2240.188,10.0,39.8,0.0
9201,11.152,ok,32.578,2240.188,10.0,39.8,0.0
9202,11.752,ok,32.578,2240.188,10.0,39.8,0.0
9203,11.900,ok,32.578,2240.188,10.0,39.8,0.0
9204,11.962,ok,32.578,2240.188,10.0,39.8,0.0
9205,12.148,ok,32.578,2240.188,10.0,39.8,0.0
9206,11.950,ok,32.578,2240.188,10.0,39.8,0.0
9207,11.721,ok,32.578,2240.188,10.0,39.8,0.0
9208,11.544,ok,32.578,2240.188,10.0,39.8,0.0
9209,11.514,ok,32.578,2240.188,10.0,39.8,0.0
9210,11.208,ok,32.578,2240.188,10.0,39.8,0.0
9211,11.563,ok,32.578,2240.188,10.0,39.8,0.0
9212,11.337,ok,32.578,2240.188,10.0,39.8,0.0
9213,11.715,ok,32.578,2240.188,0.0,39.8,0.0
9214,11.718,ok,32.578,2240.188,0.0,39.8,0.0
9215,11.749,ok,32.578,2240.188,0.0,39.8,0.0
9216,11.367,ok,32.578,2240.188,0.0,39.8,0.0
9217,11.914,ok,32.578,2240.188,0.0,39.8,0.0
9218,11.985,ok,32.578,2240.188,0.0,39.8,0.0
9219,12.043,ok,32.578,2240.188,0.0,39.8,0.0
9220,11.115,ok,32.578,2240.188,0.0,39.8,0.0
9221,11.412,ok,32.578,2240.188,0.0,39.8,0.0
9222,11.982,ok,32.578,2240.188,0.0,39.8,0.0
9223,11.985,ok,32.578,2240.188,0.0,39.8,0.0
9224,12.022,ok,32.578,2240.188,0.0,39.8,0.0
9225,12.012,ok,32.578,2240.188,0.0,39.8,0.0
9226,11.870,ok,32.578,2240.188,0.0,39.8,0.0
9227,12.191,ok,32.578,2240.188,0.0,39.8,0.0
9228,12.202,ok,32.578,2240.188,0.0,39.8,0.0
9229,12.640,ok,32.578,2240.188,0.0,39.8,0.0
9230,12.155,ok,32.582,2240.188,0.0,39.8,0.0
9231,12.195,ok,32.582,2240.188,0.0,39.8,0.0
9232,12.072,ok,32.582,2240.188,0.0,39.8,0.0
9233,11.952,ok,32.582,2240.188,0.0,39.8,0.0
9234,11.983,ok,32.582,2240.188,0.0,39.8,0.0
9235,11.944,ok,32.582,2240.188,0.0,39.8,0.0
9236,11.810,ok,32.582,2240.188,0.0,39.8,0.0
9237,12.217,ok,32.582,2240.188,0.0,39.8,0.0
9238,11.953,ok,32.582,2240.188,0.0,39.8,0.0
9239,12.239,ok,32.582,2240.188,0.0,39.8,0.0
9240,12.122,ok,32.582,2240.188,0.0,39.8,0.0
9241,12.288,ok,32.582,2240.188,0.0,39.8,0.0
9242,11.922,ok,32.582,2240.188,0.0,39.8,0.0
9243,12.126,ok,32.582,2240.188,0.0,39.8,0.0
9244,12.301,ok,32.582,2240.188,0.0,39.8,0.0
9245,12.074,ok,32.582,2240.188,0.0,39.8,0.0
9246,12.284,ok,32.582,2240.188,0.0,39.8,0.0
9247,12.674,ok,32.582,2240.188,0.0,39.8,0.0
9248,12.949,ok,32.582,2240.188,0.0,39.8,0.0
9249,13.026,ok,32.582,2240.188,0.0,39.8,0.0
9250,12.422,ok,32.582,2240.188,0.0,39.8,0.0
9251,11.511,ok,32.582,2240.188,0.0,39.8,0.0
9252,12.030,ok,32.582,2240.188,0.0,39.8,0.0
9253,12.418,ok,32.582,2240.188,0.0,39.8,0.0
9254,12.330,ok,32.582,2240.188,0.0,39.8,0.0
9255,12.599,ok,32.582,2240.188,0.0,39.8,0.0
9256,13.097,ok,32.582,2240.188,0.0,39.8,0.0
9257,12.722,ok,32.582,2240.188,0.0,39.8,0.0
9258,12.838,ok,32.582,2240.188,0.0,39.8,0.0
9259,12.519,ok,32.582,2240.188,0.0,39.8,0.0
9260,12.708,ok,32.582,2240.188,0.0,39.8,0.0
9261,12.622,ok,32.582,2240.188,0.0,39.8,0.0
9262,12.535,ok,32.582,2240.188,5.0,39.8,0.0
9263,12.297,ok,32.582,2240.188,5.0,39.8,0.0
9264,11.723,ok,32.582,2240.188,5.0,39.8,0.0
9265,11.566,ok,32.582,2240.188,5.0,39.8,0.0
9266,12.001,ok,32.582,2240.188,5.0,39.8,0.0
9267,11.891,ok,32.582,2240.188,5.0,39.8,0.0
9268,12.161,ok,32.582,2240.188,5.0,39.8,0.0
9269,12.058,ok,32.582,2240.188,5.0,39.8,0.0
9270,12.793,ok,32.582,2240.188,5.0,39.8,0.0
9271,12.284,ok,32.582,2240.188,5.0,39.8,0.0
9272,12.026,ok,32.582,2240.188,5.0,39.8,0.0
9273,12.009,ok,32.582,2240.188,5.0,39.8,0.0
9274,11.523,ok,32.582,2240.188,5.0,39.8,0.0
9275,11.915,ok,32.582,2240.188,5.0,39.8,0.0
9276,11.917,ok,32.582,2240.188,5.0,39.8,0.0
9277,11.756,ok,32.582,2240.188,5.0,39.8,0.0
9278,11.663,ok,32.582,2240.188,5.0,39.8,0.0
9279,12.127,ok,32.586,2240.188,5.0,39.8,0.0
9280,11.700,ok,32.586,2240.188,5.0,39.8,0.0
9281,11.988,ok,32.586,2240.188,5.0,39.8,0.0
9282,12.086,ok,32.586,2240.188,5.0,39.8,0.0
9283,12.088,ok,32.586,2240.188,5.0,39.8,0.0
9284,11.535,ok,32.586,2240.188,5.0,39.8,0.0
9285,11.827,ok,32.586,2240.188,5.0,39.8,0.0
9286,12.399,ok,32.586,2240.188,5.0,39.8,0.0
9287,12.290,ok,32.586,2240.188,5.0,39.8,0.0
9288,12.276,ok,32.586,2240.188,5.0,39.8,0.0
9289,12.566,ok,32.586,2240.188,5.0,39.8,0.0
9290,11.617,ok,32.586,2240.188,5.0,39.8,0.0
9291,12.262,ok,32.586,2240.188,5.0,39.8,0.0
9292,12.208,ok,32.586,2240.188,5.0,39.8,0.0
9293,12.684,ok,32.586,2240.188,5.0,39.8,0.0
9294,12.143,ok,32.586,2240.188,5.0,39.8,0.0
9295,12.485,ok,32.586,2240.188,0.0,39.8,0.0
9296,12.673,ok,32.586,2240.188,0.0,39.8,0.0
9297,12.451,ok,32.586,2240.188,0.0,39.8,0.0
9298,12.228,ok,32.586,2240.188,0.0,39.8,0.0
9299,12.694,ok,32.586,2240.188,0.0,39.8,0.0
9300,12.658,ok,32.586,2240.188,0.0,39.8,0.0
9301,12.435,ok,32.586,2240.188,0.0,39.8,0.0
9302,12.264,ok,32.586,2240.188,0.0,39.8,0.0
9303,12.184,ok,32.586,2240.188,0.0,39.8,0.0
9304,11.719,ok,32.586,2240.188,0.0,39.8,0.0
9305,12.217,ok,32.586,2240.188,0.0,39.8,0.0
9306,12.253,ok,32.586,2240.188,0.0,39.8,0.0
9307,12.626,ok,32.586,2240.188,0.0,39.8,0.0
9308,12.302,ok,32.586,2240.188,0.0,39.8,0.0
9309,12.690,ok,32.586,2240.188,0.0,39.8,0.0
9310,12.796,ok,32.586,2240.188,0.0,39.8,0.0
9311,13.283,ok,32.586,2240.188,0.0,39.8,0.0
9312,11.735,ok,32.586,2240.188,0.0,39.8,0.0
9313,11.864,ok,32.586,2240.188,0.0,39.8,0.0
9314,12.219,ok,32.586,2240.188,0.0,39.8,0.0
9315,11.781,ok,32.586,2240.188,0.0,39.8,0.0
9316,11.465,ok,32.586,2240.188,0.0,39.8,0.0
9317,11.799,ok,32.586,2240.188,0.0,39.8,0.0
9318,11.410,ok,32.586,2240.188,0.0,39.8,0.0
9319,11.572,ok,32.586,2240.188,0.0,39.8,0.0
9320,12.089,ok,32.586,2240.188,0.0,39.8,0.0
9321,12.100,ok,32.586,2240.188,0.0,39.8,0.0
9322,12.091,ok,32.586,2240.188,0.0,39.8,0.0
9323,11.470,ok,32.586,2240.188,0.0,39.8,0.0
9324,11.469,ok,32.586,2240.188,0.0,39.8,0.0
9325,11.192,ok,32.586,2240.188,0.0,39.8,0.0
9326,11.897,ok,32.586,2240.188,0.0,39.8,0.0
9327,11.258,ok,32.586,2240.188,0.0,39.8,0.0
9328,11.058,ok,32.586,2240.188,0.0,39.8,0.0
9329,10.922,ok,32.586,2240.188,0.0,39.8,0.0
9330,11.108,ok,32.586,2240.188,0.0,39.8,0.0
9331,11.720,ok,32.586,2240.188,0.0,39.8,0.0
9332,12.016,ok,32.586,2240.188,0.0,39.8,0.0
9333,11.760,ok,32.586,2240.188,0.0,39.8,0.0
9334,11.656,ok,32.586,2240.188,0.0,39.8,0.0
9335,11.500,ok,32.586,2240.188,0.0,39.8,0.0
9336,11.532,ok,32.586,2240.188,0.0,39.8,0.0
9337,11.454,ok,32.586,2240.188,0.0,39.8,0.0
9338,11.218,ok,32.586,2240.188,0.0,39.8,0.0
9339,11.648,ok,32.586,2240.188,0.0,39.8,0.0
9340,11.172,ok,32.586,2240.188,0.0,39.8,0.0
9341,11.470,ok,32.586,2240.188,0.0,39.8,0.0
9342,11.548,ok,32.586,2240.188,0.0,39.8,0.0
9343,11.692,ok,32.586,2240.188,0.0,39.8,0.0
9344,11.886,ok,32.586,2240.188,0.0,39.8,0.0
9345,11.619,ok,32.586,2240.188,0.0,39.8,0.0
9346,11.678,ok,32.594,2240.188,5.0,39.8,0.0
9347,11.440,ok,32.594,2240.188,5.0,39.8,0.0
9348,11.601,ok,32.594,2240.188,5.0,39.8,0.0
9349,11.508,ok,32.594,2240.188,5.0,39.8,0.0
9350,11.593,ok,32.594,2240.188,5.0,39.8,0.0
9351,11.946,ok,32.594,2240.188,5.0,39.8,0.0
9352,11.770,ok,32.594,2240.188,5.0,39.8,0.0
9353,11.411,ok,32.594,2240.188,5.0,39.8,0.0
9354,11.971,ok,32.594,2240.188,5.0,39.8,0.0
9355,12.423,ok,32.594,2240.188,5.0,39.8,0.0
9356,11.077,ok,32.594,2240.188,5.0,39.8,0.0
9357,11.781,ok,32.594,2240.188,5.0,39.8,0.0
9358,11.995,ok,32.594,2240.188,5.0,39.8,0.0
9359,11.214,ok,32.594,2240.188,5.0,39.8,0.0
9360,10.978,ok,32.594,2240.188,5.0,39.8,0.0
9361,10.939,ok,32.594,2240.188,5.0,39.8,0.0
9362,11.351,ok,32.594,2240.188,5.0,39.8,0.0
9363,11.241,ok,32.594,2240.188,0.0,39.8,0.0
9364,11.213,ok,32.594,2240.188,0.0,39.8,0.0
9365,11.400,ok,32.594,2240.188,0.0,39.8,0.0
9366,11.189,ok,32.594,2240.188,0.0,39.8,0.0
9367,12.019,ok,32.594,2240.188,0.0,39.8,0.0
9368,11.505,ok,32.594,2240.188,0.0,39.8,0.0
9369,11.504,ok,32.594,2240.188,0.0,39.8,0.0
9370,11.951,ok,32.594,2240.188,0.0,39.8,0.0
9371,11.736,ok,32.594,2240.188,0.0,39.8,0.0
9372,11.357,ok,32.594,2240.188,0.0,39.8,0.0
9373,11.674,ok,32.594,2240.188,0.0,39.8,0.0
9374,11.821,ok,32.594,2240.188,0.0,39.8,0.0
9375,11.108,ok,32.594,2240.188,0.0,39.8,0.0
9376,11.061,ok,32.594,2240.188,0.0,39.8,0.0
9377,11.581,ok,32.594,2240.188,0.0,39.8,0.0
9378,11.359,ok,32.594,2240.188,0.0,39.8,0.0
9379,11.553,ok,32.594,2240.188,0.0,39.8,0.0
9380,11.752,ok,32.594,2240.188,0.0,39.8,0.0
9381,11.522,ok,32.594,2240.188,0.0,39.8,0.0
9382,11.541,ok,32.594,2240.188,0.0,39.8,0.0
9383,11.687,ok,32.594,2240.188,0.0,39.8,0.0
9384,11.268,ok,32.594,2240.188,0.0,39.8,0.0
9385,12.072,ok,32.594,2240.188,0.0,39.8,0.0
9386,12.162,ok,32.594,2240.188,0.0,39.8,0.0
9387,11.847,ok,32.594,2240.188,0.0,39.8,0.0
9388,11.107,ok,32.594,2240.188,0.0,39.8,0.0
9389,10.913,ok,32.594,2240.188,0.0,39.8,0.0
9390,11.061,ok,32.594,2240.188,0.0,39.8,0.0
9391,11.811,ok,32.594,2240.188,0.0,39.8,0.0
9392,11.584,ok,32.594,2240.188,0.0,39.8,0.0
9393,11.406,ok,32.594,2240.188,0.0,39.8,0.0
9394,11.406,ok,32.594,2240.188,0.0,39.8,0.0
9395,11.562,ok,32.594,2240.188,0.0,39.8,0.0
9396,12.149,ok,32.594,2240.188,0.0,39.8,0.0
9397,11.516,ok,32.594,2240.188,0.0,39.8,0.0
9398,11.369,ok,32.598,2240.188,5.0,39.8,0.0
9399,11.937,ok,32.598,2240.188,5.0,39.8,0.0
9400,12.018,ok,32.598,2240.188,5.0,39.8,0.0
9401,11.922,ok,32.598,2240.188,5.0,39.8,0.0
9402,11.989,ok,32.598,2240.188,5.0,39.8,0.0
9403,11.473,ok,32.598,2240.188,5.0,39.8,0.0
9404,11.816,ok,32.598,2240.188,5.0,39.8,0.0
9405,11.638,ok,32.598,2240.188,5.0,39.8,0.0
9406,11.594,ok,32.598,2240.188,5.0,39.8,0.0
9407,11.349,ok,32.598,2240.188,5.0,39.8,0.0
9408,11.269,ok,32.598,2240.188,5.0,39.8,0.0
9409,11.415,ok,32.598,2240.188,5.0,39.8,0.0
9410,12.094,ok,32.598,2240.188,5.0,39.8,0.0
9411,11.718,ok,32.598,2240.188,5.0,39.8,0.0
9412,11.879,ok,32.598,2240.188,5.0,39.8,0.0
9413,12.084,ok,32.598,2240.188,5.0,39.8,0.0
9414,11.887,ok,32.598,2240.188,5.0,39.8,0.0
9415,11.786,ok,32.598,2240.188,0.0,39.8,0.0
9416,12.137,ok,32.598,2240.188,0.0,39.8,0.0
9417,11.956,ok,32.598,2240.188,0.0,39.8,0.0
9418,11.983,ok,32.598,2240.188,0.0,39.8,0.0
9419,12.664,ok,32.598,2240.188,0.0,39.8,0.0
9420,12.004,ok,32.598,2240.188,0.0,39.8,0.0
9421,11.302,ok,32.598,2240.188,0.0,39.8,0.0
9422,11.254,ok,32.598,2240.188,0.0,39.8,0.0
9423,11.033,ok,32.598,2240.188,0.0,39.8,0.0
9424,11.293,ok,32.598,2240.188,0.0,39.8,0.0
9425,11.844,ok,32.598,2240.188,0.0,39.8,0.0
9426,11.750,ok,32.598,2240.188,0.0,39.8,0.0
9427,11.961,ok,32.598,2240.188,0.0,39.8,0.0
9428,11.518,ok,32.598,2240.188,0.0,39.8,0.0
9429,12.070,ok,32.598,2240.188,0.0,39.8,0.0
9430,12.438,ok,32.598,2240.188,0.0,39.8,0.0
9431,12.140,ok,32.598,2240.188,0.0,39.8,0.0
9432,12.475,ok,32.598,2240.188,5.0,39.8,0.0
9433,12.194,ok,32.598,2240.188,5.0,39.8,0.0
9434,12.398,ok,32.598,2240.188,5.0,39.8,0.0
9435,12.049,ok,32.598,2240.188,5.0,39.8,0.0
9436,12.049,ok,32.598,2240.188,5.0,39.8,0.0
9437,12.011,ok,32.598,2240.188,5.0,39.8,0.0
9438,12.123,ok,32.598,2240.188,5.0,39.8,0.0
9439,11.692,ok,32.598,2240.188,5.0,39.8,0.0
9440,11.557,ok,32.598,2240.188,5.0,39.8,0.0
9441,11.364,ok,32.598,2240.188,5.0,39.8,0.0
9442,12.413,ok,32.598,2240.188,5.0,39.8,0.0
9443,12.270,ok,32.598,2240.188,5.0,39.8,0.0
9444,11.361,ok,32.598,2240.188,5.0,39.8,0.0
9445,11.629,ok,32.598,2240.188,5.0,39.8,0.0
9446,11.924,ok,32.598,2240.188,5.0,39.8,0.0
9447,11.900,ok,32.598,2240.188,5.0,39.8,0.0
9448,12.314,ok,32.598,2240.188,5.0,39.8,0.0
9449,11.699,ok,32.602,2240.188,0.0,39.8,0.0
9450,12.261,ok,32.602,2240.188,0.0,39.8,0.0
9451,12.371,ok,32.602,2240.188,0.0,39.8,0.0
9452,11.736,ok,32.602,2240.188,0.0,39.8,0.0
9453,12.325,ok,32.602,2240.188,0.0,39.8,0.0
9454,12.132,ok,32.602,2240.188,0.0,39.8,0.0
9455,11.691,ok,32.602,2240.188,0.0,39.8,0.0
9456,11.460,ok,32.602,2240.188,0.0,39.8,0.0
9457,11.712,ok,32.602,2240.188,0.0,39.8,0.0
9458,12.478,ok,32.602,2240.188,0.0,39.8,0.0
9459,12.313,ok,32.602,2240.188,0.0,39.8,0.0
9460,11.637,ok,32.602,2240.188,0.0,39.8,0.0
9461,11.854,ok,32.602,2240.188,0.0,39.8,0.0
9462,11.797,ok,32.602,2240.188,0.0,39.8,0.0
9463,11.639,ok,32.602,2240.188,0.0,39.8,0.0
9464,12.137,ok,32.602,2240.188,0.0,39.8,0.0
9465,11.990,ok,32.602,2240.188,5.0,39.8,0.0
9466,12.674,ok,32.602,2240.188,5.0,39.8,0.0
9467,12.234,ok,32.602,2240.188,5.0,39.8,0.0
9468,11.993,ok,32.602,2240.188,5.0,39.8,0.0
9469,12.008,ok,32.602,2240.188,5.0,39.8,0.0
9470,12.074,ok,32.602,2240.188,5.0,39.8,0.0
9471,11.708,ok,32.602,2240.188,5.0,39.8,0.0
9472,12.075,ok,32.602,2240.188,5.0,39.8,0.0
9473,12.360,ok,32.602,2240.188,5.0,39.8,0.0
9474,12.080,ok,32.602,2240.188,5.0,39.8,0.0
9475,12.411,ok,32.602,2240.188,5.0,39.8,0.0
9476,12.242,ok,32.602,2240.188,5.0,39.8,0.0
9477,12.466,ok,32.602,2240.188,5.0,39.8,0.0
9478,12.605,ok,32.602,2240.188,5.0,39.8,0.0
9479,12.641,ok,32.602,2240.188,5.0,39.8,0.0
9480,12.173,ok,32.602,2240.188,5.0,39.8,0.0
9481,12.194,ok,32.602,2240.188,5.0,39.8,0.0
9482,12.127,ok,32.602,2240.188,0.0,39.8,0.0
9483,11.905,ok,32.602,2240.188,0.0,39.8,0.0
9484,12.100,ok,32.602,2240.188,0.0,39.8,0.0
9485,12.342,ok,32.602,2240.188,0.0,39.8,0.0
9486,12.486,ok,32.602,2240.188,0.0,39.8,0.0
9487,12.220,ok,32.602,2240.188,0.0,39.8,0.0
9488,12.563,ok,32.602,2240.188,0.0,39.8,0.0
9489,12.532,ok,32.602,2240.188,0.0,39.8,0.0
9490,12.426,ok,32.602,2240.188,0.0,39.8,0.0
9491,12.212,ok,32.602,2240.188,0.0,39.8,0.0
9492,12.427,ok,32.602,2240.188,0.0,39.8,0.0
9493,12.445,ok,32.602,2240.188,0.0,39.8,0.0
9494,11.265,ok,32.602,2240.188,0.0,39.8,0.0
9495,11.206,ok,32.602,2240.188,0.0,39.8,0.0
9496,11.451,ok,32.602,2240.188,0.0,39.8,0.0
9497,11.127,ok,32.602,2240.188,0.0,39.8,0.0
9498,11.465,ok,32.602,2240.188,5.0,39.8,0.0
9499,11.610,ok,32.602,2240.188,5.0,39.8,0.0
9500,11.754,ok,32.602,2240.188,5.0,39.8,0.0
9501,11.447,ok,32.602,2240.188,5.0,39.8,0.0
9502,12.279,ok,32.602,2240.188,5.0,39.8,0.0
9503,12.170,ok,32.602,2240.188,5.0,39.8,0.0
9504,12.099,ok,32.602,2240.188,5.0,39.8,0.0
9505,11.685,ok,32.602,2240.188,5.0,39.8,0.0
9506,12.176,ok,32.602,2240.188,5.0,39.8,0.0
9507,12.606,ok,32.602,2240.188,5.0,39.8,0.0
9508,11.976,ok,32.602,2240.188,5.0,39.8,0.0
9509,12.278,ok,32.602,2240.188,5.0,39.8,0.0
9510,13.345,ok,32.602,2240.188,5.0,39.8,0.0
9511,13.166,ok,32.602,2240.188,5.0,39.8,0.0
9512,12.080,ok,32.602,2240.188,5.0,39.8,0.0
9513,12.083,ok,32.602,2240.188,5.0,39.8,0.0
9514,12.679,ok,32.602,2240.188,5.0,39.8,0.0
9515,12.214,ok,32.605,2240.188,0.0,39.8,0.0
9516,11.479,ok,32.605,2240.188,0.0,39.8,0.0
9517,11.694,ok,32.605,2240.188,0.0,39.8,0.0
9518,11.756,ok,32.605,2240.188,0.0,39.8,0.0
9519,11.368,ok,32.605,2240.188,0.0,39.8,0.0
9520,11.954,ok,32.605,2240.188,0.0,39.8,0.0
9521,12.305,ok,32.605,2240.188,0.0,39.8,0.0
9522,12.055,ok,32.605,2240.188,0.0,39.8,0.0
9523,11.364,ok,32.605,2240.188,0.0,39.8,0.0
9524,11.674,ok,32.605,2240.188,0.0,39.8,0.0
9525,11.824,ok,32.605,2240.188,0.0,39.8,0.0
9526,11.771,ok,32.605,2240.188,0.0,39.8,0.0
9527,11.276,ok,32.605,2240.188,0.0,39.8,0.0
9528,11.304,ok,32.605,2240.188,0.0,39.8,0.0
9529,12.067,ok,32.605,2240.188,0.0,39.8,0.0
9530,11.885,ok,32.605,2240.188,0.0,39.8,0.0
9531,12.238,ok,32.605,2240.188,0.0,39.8,0.0
9532,12.011,ok,32.609,2240.188,5.0,39.8,0.0
9533,12.163,ok,32.609,2240.188,5.0,39.8,0.0
9534,12.090,ok,32.609,2240.188,5.0,39.8,0.0
9535,12.162,ok,32.609,2240.188,5.0,39.8,0.0
9536,11.777,ok,32.609,2240.188,5.0,39.8,0.0
9537,11.699,ok,32.609,2240.188,5.0,39.8,0.0
9538,11.760,ok,32.609,2240.188,5.0,39.8,0.0
9539,11.928,ok,32.609,2240.188,5.0,39.8,0.0
9540,11.379,ok,32.609,2240.188,5.0,39.8,0.0
9541,11.766,ok,32.609,2240.188,5.0,39.8,0.0
9542,11.867,ok,32.609,2240.188,5.0,39.8,0.0
9543,11.446,ok,32.609,2240.188,5.0,39.8,0.0
9544,11.092,ok,32.609,2240.188,5.0,39.8,0.0
9545,11.560,ok,32.609,2240.188,5.0,39.8,0.0
9546,11.765,ok,32.609,2240.188,5.0,39.8,0.0
9547,12.011,ok,32.609,2240.188,5.0,39.8,0.0
9548,12.050,ok,32.609,2240.188,5.0,39.8,0.0
9549,12.016,ok,32.609,2240.188,0.0,39.8,0.0
9550,12.115,ok,32.609,2240.188,0.0,39.8,0.0
9551,11.362,ok,32.609,2240.188,0.0,39.8,0.0
9552,12.292,ok,32.609,2240.188,0.0,39.8,0.0
9553,12.606,ok,32.609,2240.188,0.0,39.8,0.0
9554,11.760,ok,32.609,2240.188,0.0,39.8,0.0
9555,12.213,ok,32.609,2240.188,0.0,39.8,0.0
9556,11.698,ok,32.609,2240.188,0.0,39.8,0.0
9557,11.446,ok,32.609,2240.188,0.0,39.8,0.0
9558,11.732,ok,32.609,2240.188,0.0,39.8,0.0
9559,11.769,ok,32.609,2240.188,0.0,39.8,0.0
9560,12.180,ok,32.609,2240.188,0.0,39.8,0.0
9561,12.040,ok,32.609,2240.188,0.0,39.8,0.0
9562,12.316,ok,32.609,2240.188,0.0,39.8,0.0
9563,11.772,ok,32.609,2240.188,0.0,39.8,0.0
9564,11.799,ok,32.609,2240.188,0.0,39.8,0.0
9565,11.083,ok,32.613,2240.188,0.0,39.8,0.0
9566,11.964,ok,32.613,2240.188,0.0,39.8,0.0
9567,11.920,ok,32.613,2240.188,0.0,39.8,0.0
9568,11.899,ok,32.613,2240.188,0.0,39.8,0.0
9569,11.509,ok,32.613,2240.188,0.0,39.8,0.0
9570,11.775,ok,32.613,2240.188,0.0,39.8,0.0
9571,11.997,ok,32.613,2240.188,0.0,39.8,0.0
9572,11.675,ok,32.613,2240.188,0.0,39.8,0.0
9573,11.597,ok,32.613,2240.188,0.0,39.8,0.0
9574,11.503,ok,32.613,2240.188,0.0,39.8,0.0
9575,11.469,ok,32.613,2240.188,0.0,39.8,0.0
9576,11.480,ok,32.613,2240.188,0.0,39.8,0.0
9577,12.225,ok,32.613,2240.188,0.0,39.8,0.0
9578,11.614,ok,32.613,2240.188,0.0,39.8,0.0
9579,12.005,ok,32.613,2240.188,0.0,39.8,0.0
9580,11.896,ok,32.613,2240.188,0.0,39.8,0.0
9581,11.430,ok,32.613,2240.188,0.0,39.8,0.0
9582,11.568,ok,32.613,2240.188,0.0,39.8,0.0
9583,11.585,ok,32.617,2240.188,0.0,39.8,0.0
9584,11.874,ok,32.617,2240.188,0.0,39.8,0.0
9585,11.860,ok,32.617,2240.188,0.0,39.8,0.0
9586,12.242,ok,32.617,2240.188,0.0,39.8,0.0
9587,12.286,ok,32.617,2240.188,0.0,39.8,0.0
9588,12.588,ok,32.617,2240.188,0.0,39.8,0.0
9589,11.660,ok,32.617,2240.188,0.0,39.8,0.0
9590,11.036,ok,32.617,2240.188,0.0,39.8,0.0
9591,12.088,ok,32.617,2240.188,0.0,39.8,0.0
9592,11.916,ok,32.617,2240.188,0.0,39.8,0.0
9593,12.357,ok,32.617,2240.188,0.0,39.8,0.0
9594,12.278,ok,32.617,2240.188,0.0,39.8,0.0
9595,11.767,ok,32.617,2240.188,0.0,39.8,0.0
9596,12.093,ok,32.617,2240.188,0.0,39.8,0.0
9597,12.770,ok,32.617,2240.188,0.0,39.8,0.0
9598,12.870,ok,32.617,2240.188,0.0,39.8,0.0
9599,13.159,ok,32.617,2240.188,0.0,39.8,0.0
9600,12.898,ok,32.617,2240.188,0.0,39.8,0.0
9601,13.220,ok,32.617,2240.188,0.0,39.8,0.0
9602,12.744,ok,32.617,2240.188,0.0,39.8,0.0
9603,12.459,ok,32.617,2240.188,0.0,39.8,0.0
9604,12.245,ok,32.617,2240.188,0.0,39.8,0.0
9605,12.523,ok,32.617,2240.188,0.0,39.8,0.0
9606,12.965,ok,32.617,2240.188,0.0,39.8,0.0
9607,12.927,ok,32.617,2240.188,0.0,39.8,0.0
9608,12.772,ok,32.617,2240.188,0.0,39.8,0.0
9609,12.583,ok,32.617,2240.188,0.0,39.8,0.0
9610,13.114,ok,32.617,2240.188,0.0,39.8,0.0
9611,13.016,ok,32.617,2240.188,0.0,39.8,0.0
9612,12.336,ok,32.617,2240.188,0.0,39.8,0.0
9613,12.119,ok,32.617,2240.188,0.0,39.8,0.0
9614,12.496,ok,32.617,2240.188,0.0,39.8,0.0
9615,12.130,ok,32.617,2240.188,10.0,39.8,0.0
9616,12.436,ok,32.617,2240.188,10.0,39.8,0.0
9617,12.196,ok,32.617,2240.188,10.0,39.8,0.0
9618,13.017,ok,32.617,2240.188,10.0,39.8,0.0
9619,12.828,ok,32.617,2240.188,10.0,39.8,0.0
9620,12.330,ok,32.617,2240.188,10.0,39.8,0.0
9621,12.717,ok,32.617,2240.188,10.0,39.8,0.0
9622,12.815,ok,32.617,2240.188,10.0,39.8,0.0
9623,12.895,ok,32.617,2240.188,10.0,39.8,0.0
9624,13.091,ok,32.617,2240.188,10.0,39.8,0.0
9625,12.956,ok,32.617,2240.188,10.0,39.8,0.0
9626,12.686,ok,32.617,2240.188,10.0,39.8,0.0
9627,12.561,ok,32.617,2240.188,10.0,39.8,0.0
9628,12.838,ok,32.617,2240.188,10.0,39.8,0.0
9629,12.914,ok,32.617,2240.188,10.0,39.8,0.0
9630,12.705,ok,32.617,2240.188,10.0,39.8,0.0
9631,13.372,ok,32.621,2240.188,0.0,39.8,0.0
9632,12.865,ok,32.621,2240.188,0.0,39.8,0.0
9633,13.102,ok,32.621,2240.188,0.0,39.8,0.0
9634,12.763,ok,32.621,2240.188,0.0,39.8,0.0
9635,12.770,ok,32.621,2240.188,0.0,39.8,0.0
9636,13.466,ok,32.621,2240.188,0.0,39.8,0.0
9637,13.307,ok,32.621,2240.188,0.0,39.8,0.0
9638,12.513,ok,32.621,2240.188,0.0,39.8,0.0
9639,12.543,ok,32.621,2240.188,0.0,39.8,0.0
9640,12.941,ok,32.621,2240.188,0.0,39.8,0.0
9641,12.654,ok,32.621,2240.188,0.0,39.8,0.0
9642,11.948,ok,32.621,2240.188,0.0,39.8,0.0
9643,12.429,ok,32.621,2240.188,0.0,39.8,0.0
9644,12.505,ok,32.621,2240.188,0.0,39.8,0.0
9645,12.558,ok,32.621,2240.188,0.0,39.8,0.0
9646,12.666,ok,32.625,2240.188,5.0,39.8,0.0
9647,13.194,ok,32.625,2240.188,5.0,39.8,0.0
9648,12.723,ok,32.625,2240.188,5.0,39.8,0.0
9649,12.802,ok,32.625,2240.188,5.0,39.8,0.0
9650,12.467,ok,32.625,2240.188,5.0,39.8,0.0
9651,12.937,ok,32.625,2240.188,5.0,39.8,0.0
9652,12.476,ok,32.625,2240.188,5.0,39.8,0.0
9653,12.759,ok,32.625,2240.188,5.0,39.8,0.0
9654,12.114,ok,32.625,2240.188,5.0,39.8,0.0
9655,11.759,ok,32.625,2240.188,5.0,39.8,0.0
9656,11.946,ok,32.625,2240.188,5.0,39.8,0.0
9657,12.162,ok,32.625,2240.188,5.0,39.8,0.0
9658,11.703,ok,32.625,2240.188,5.0,39.8,0.0
9659,11.980,ok,32.625,2240.188,5.0,39.8,0.0
9660,12.085,ok,32.625,2240.188,5.0,39.8,0.0
9661,11.947,ok,32.625,2240.188,5.0,39.8,0.0
9662,11.814,ok,32.625,2240.188,5.0,39.8,0.0
9663,12.049,ok,32.625,2240.188,5.0,39.8,0.0
9664,12.031,ok,32.625,2240.188,5.0,39.8,0.0
9665,11.914,ok,32.625,2240.188,5.0,39.8,0.0
9666,11.238,ok,32.625,2240.188,5.0,39.8,0.0
9667,11.944,ok,32.625,2240.188,5.0,39.8,0.0
9668,12.314,ok,32.625,2240.188,5.0,39.8,0.0
9669,12.263,ok,32.625,2240.188,5.0,39.8,0.0
9670,12.100,ok,32.625,2240.188,5.0,39.8,0.0
9671,12.115,ok,32.625,2240.188,5.0,39.8,0.0
9672,13.267,ok,32.625,2240.188,5.0,39.8,0.0
9673,12.854,ok,32.625,2240.188,5.0,39.8,0.0
9674,12.873,ok,32.625,2240.188,5.0,39.8,0.0
9675,12.932,ok,32.625,2240.188,5.0,39.8,0.0
9676,13.026,ok,32.625,2240.188,5.0,39.8,0.0
9677,13.018,ok,32.625,2240.188,5.0,39.8,0.0
9678,13.339,ok,32.625,2240.188,5.0,39.8,0.0
9679,13.048,ok,32.629,2240.188,0.0,39.8,0.0
9680,12.992,ok,32.629,2240.188,0.0,39.8,0.0
9681,12.759,ok,32.629,2240.188,0.0,39.8,0.0
9682,12.406,ok,32.629,2240.188,0.0,39.8,0.0
9683,12.533,ok,32.629,2240.188,0.0,39.8,0.0
9684,12.946,ok,32.629,2240.188,0.0,39.8,0.0
9685,12.786,ok,32.629,2240.188,0.0,39.8,0.0
9686,12.037,ok,32.629,2240.188,0.0,39.8,0.0
9687,12.650,ok,32.629,2240.188,0.0,39.8,0.0
9688,12.056,ok,32.629,2240.188,0.0,39.8,0.0
9689,12.278,ok,32.629,2240.188,0.0,39.8,0.0
9690,12.478,ok,32.629,2240.188,0.0,39.8,0.0
9691,13.060,ok,32.629,2240.188,0.0,39.8,0.0
9692,12.847,ok,32.629,2240.188,0.0,39.8,0.0
9693,12.638,ok,32.629,2240.188,0.0,39.8,0.0
9694,13.093,ok,32.629,2240.188,0.0,39.8,0.0
9695,12.244,ok,32.633,2240.188,0.0,39.8,0.0
9696,12.931,ok,32.633,2240.188,0.0,39.8,0.0
9697,12.596,ok,32.633,2240.188,0.0,39.8,0.0
9698,12.151,ok,32.633,2240.188,0.0,39.8,0.0
9699,11.970,ok,32.633,2240.188,0.0,39.8,0.0
9700,12.873,ok,32.633,2240.188,0.0,39.8,0.0
9701,12.850,ok,32.633,2240.188,0.0,39.8,0.0
9702,12.812,ok,32.633,2240.188,0.0,39.8,0.0
9703,12.638,ok,32.633,2240.188,0.0,39.8,0.0
9704,13.106,ok,32.633,2240.188,0.0,39.8,0.0
9705,12.173,ok,32.633,2240.188,0.0,39.8,0.0
9706,12.177,ok,32.633,2240.188,0.0,39.8,0.0
9707,12.185,ok,32.633,2240.188,0.0,39.8,0.0
9708,12.886,ok,32.633,2240.188,0.0,39.8,0.0
9709,12.944,ok,32.633,2240.188,0.0,39.8,0.0
9710,12.859,ok,32.633,2240.188,0.0,39.8,0.0
9711,12.284,ok,32.633,2240.188,5.0,39.8,0.0
9712,13.048,ok,32.633,2240.188,5.0,39.8,0.0
9713,12.954,ok,32.633,2240.188,5.0,39.8,0.0
9714,13.349,ok,32.633,2240.188,5.0,39.8,0.0
9715,12.294,ok,32.633,2240.188,5.0,39.8,0.0
9716,12.302,ok,32.633,2240.188,5.0,39.8,0.0
9717,12.289,ok,32.633,2240.188,5.0,39.8,0.0
9718,11.639,ok,32.633,2240.188,5.0,39.8,0.0
9719,11.669,ok,32.633,2240.188,5.0,39.8,0.0
9720,11.820,ok,32.633,2240.188,5.0,39.8,0.0
9721,11.884,ok,32.633,2240.188,5.0,39.8,0.0
9722,12.116,ok,32.633,2240.188,5.0,39.8,0.0
9723,12.523,ok,32.633,2240.188,5.0,39.8,0.0
9724,12.532,ok,32.633,2240.188,5.0,39.8,0.0
9725,12.115,ok,32.633,2240.188,5.0,39.8,0.0
9726,11.734,ok,32.633,2240.188,5.0,39.8,0.0
9727,12.152,ok,32.633,2240.188,5.0,39.8,0.0
9728,12.795,ok,32.633,2240.188,5.0,39.8,0.0
9729,12.745,ok,32.633,2240.188,5.0,39.8,0.0
9730,12.390,ok,32.633,2240.188,5.0,39.8,0.0
9731,12.356,ok,32.633,2240.188,5.0,39.8,0.0
9732,12.543,ok,32.633,2240.188,5.0,39.8,0.0
9733,12.541,ok,32.633,2240.188,5.0,39.8,0.0
9734,12.799,ok,32.633,2240.188,5.0,39.8,0.0
9735,12.384,ok,32.633,2240.188,5.0,39.8,0.0
9736,12.344,ok,32.633,2240.188,5.0,39.8,0.0
9737,12.736,ok,32.633,2240.188,5.0,39.8,0.0
9738,12.186,ok,32.633,2240.188,5.0,39.8,0.0
9739,11.725,ok,32.633,2240.188,5.0,39.8,0.0
9740,11.898,ok,32.633,2240.188,5.0,39.8,0.0
9741,11.660,ok,32.633,2240.188,5.0,39.8,0.0
9742,11.871,ok,32.633,2240.188,5.0,39.8,0.0
9743,12.105,ok,32.637,2240.188,0.0,39.8,0.0
9744,12.751,ok,32.637,2240.188,0.0,39.8,0.0
9745,12.310,ok,32.637,2240.188,0.0,39.8,0.0
9746,12.235,ok,32.637,2240.188,0.0,39.8,0.0
9747,11.693,ok,32.637,2240.188,0.0,39.8,0.0
9748,11.756,ok,32.637,2240.188,0.0,39.8,0.0
9749,11.994,ok,32.637,2240.188,0.0,39.8,0.0
9750,12.084,ok,32.637,2240.188,0.0,39.8,0.0
9751,11.939,ok,32.637,2240.188,0.0,39.8,0.0
9752,12.027,ok,32.637,2240.188,0.0,39.8,0.0
9753,11.810,ok,32.637,2240.188,0.0,39.8,0.0
9754,12.138,ok,32.637,2240.188,0.0,39.8,0.0
9755,12.179,ok,32.637,2240.188,0.0,39.8,0.0
9756,12.379,ok,32.637,2240.188,0.0,39.8,0.0
9757,12.667,ok,32.637,2240.188,0.0,39.8,0.0
9758,12.891,ok,32.637,2240.188,0.0,39.8,0.0
9759,13.118,ok,32.637,2240.188,0.0,39.8,0.0
9760,12.805,ok,32.637,2240.188,0.0,39.8,0.0
9761,12.579,ok,32.637,2240.188,0.0,39.8,0.0
9762,13.019,ok,32.637,2240.188,0.0,39.8,0.0
9763,12.363,ok,32.637,2240.188,0.0,39.8,0.0
9764,12.637,ok,32.637,2240.188,0.0,39.8,0.0
9765,12.487,ok,32.637,2240.188,0.0,39.8,0.0
9766,12.398,ok,32.637,2240.188,0.0,39.8,0.0
9767,12.870,ok,32.637,2240.188,0.0,39.8,0.0
9768,12.652,ok,32.637,2240.188,0.0,39.8,0.0
9769,13.130,ok,32.637,2240.188,0.0,39.8,0.0
9770,13.189,ok,32.637,2240.188,0.0,39.8,0.0
9771,12.796,ok,32.637,2240.188,0.0,39.8,0.0
9772,12.988,ok,32.637,2240.188,0.0,39.8,0.0
9773,12.126,ok,32.637,2240.188,0.0,39.8,0.0
9774,12.699,ok,32.637,2240.188,0.0,39.8,0.0
9775,12.487,ok,32.637,2240.188,5.0,39.8,0.0
9776,12.813,ok,32.637,2240.188,5.0,39.8,0.0
9777,12.032,ok,32.637,2240.188,5.0,39.8,0.0
9778,12.338,ok,32.637,2240.188,5.0,39.8,0.0
9779,12.632,ok,32.637,2240.188,5.0,39.8,0.0
9780,12.833,ok,32.637,2240.188,5.0,39.8,0.0
9781,11.900,ok,32.637,2240.188,5.0,39.8,0.0
9782,11.983,ok,32.637,2240.188,5.0,39.8,0.0
9783,12.014,ok,32.637,2240.188,5.0,39.8,0.0
9784,12.600,ok,32.637,2240.188,5.0,39.8,0.0
9785,12.767,ok,32.637,2240.188,5.0,39.8,0.0
9786,12.707,ok,32.637,2240.188,5.0,39.8,0.0
9787,12.905,ok,32.637,2240.188,5.0,39.8,0.0
9788,13.065,ok,32.637,2240.188,5.0,39.8,0.0
9789,13.051,ok,32.637,2240.188,5.0,39.8,0.0
9790,12.984,ok,32.637,2240.188,5.0,39.8,0.0
9791,13.057,ok,32.641,2240.188,5.0,39.8,0.0
9792,12.625,ok,32.641,2240.188,5.0,39.8,0.0
9793,13.062,ok,32.641,2240.188,5.0,39.8,0.0
9794,12.424,ok,32.641,2240.188,5.0,39.8,0.0
9795,12.680,ok,32.641,2240.188,5.0,39.8,0.0
9796,12.472,ok,32.641,2240.188,5.0,39.8,0.0
9797,12.387,ok,32.641,2240.188,5.0,39.8,0.0
9798,13.355,ok,32.641,2240.188,5.0,39.8,0.0
9799,12.221,ok,32.641,2240.188,5.0,39.8,0.0
9800,12.067,ok,32.641,2240.188,5.0,39.8,0.0
9801,12.381,ok,32.641,2240.188,5.0,39.8,0.0
9802,12.741,ok,32.641,2240.188,5.0,39.8,0.0
9803,12.941,ok,32.641,2240.188,5.0,39.8,0.0
9804,12.593,ok,32.641,2240.188,5.0,39.8,0.0
9805,12.725,ok,32.641,2240.188,5.0,39.8,0.0
9806,13.216,ok,32.641,2240.188,5.0,39.8,0.0
9807,12.707,ok,32.641,2240.188,0.0,39.8,0.0
9808,12.310,ok,32.641,2240.188,0.0,39.8,0.0
9809,13.037,ok,32.641,2240.188,0.0,39.8,0.0
9810,12.779,ok,32.641,2240.188,0.0,39.8,0.0
9811,13.105,ok,32.641,2240.188,0.0,39.8,0.0
9812,13.060,ok,32.641,2240.188,0.0,39.8,0.0
9813,12.752,ok,32.641,2240.188,0.0,39.8,0.0
9814,12.348,ok,32.641,2240.188,0.0,39.8,0.0
9815,12.035,ok,32.641,2240.188,0.0,39.8,0.0
9816,12.390,ok,32.641,2240.188,0.0,39.8,0.0
9817,12.595,ok,32.641,2240.188,0.0,39.8,0.0
9818,12.501,ok,32.641,2240.188,0.0,39.8,0.0
9819,12.349,ok,32.641,2240.188,0.0,39.8,0.0
9820,12.531,ok,32.641,2240.188,0.0,39.8,0.0
9821,12.406,ok,32.641,2240.188,0.0,39.8,0.0
9822,12.082,ok,32.641,2240.188,0.0,39.8,0.0
9823,11.731,ok,32.641,2240.188,10.1,39.8,0.0
9824,11.430,ok,32.641,2240.188,10.1,39.8,0.0
9825,11.740,ok,32.641,2240.188,10.1,39.8,0.0
9826,11.769,ok,32.641,2240.188,10.1,39.8,0.0
9827,11.756,ok,32.641,2240.188,10.1,39.8,0.0
9828,12.382,ok,32.641,2240.188,10.1,39.8,0.0
9829,11.610,ok,32.641,2240.188,10.1,39.8,0.0
9830,11.793,ok,32.641,2240.188,10.1,39.8,0.0
9831,12.126,ok,32.641,2240.188,10.1,39.8,0.0
9832,12.173,ok,32.641,2240.188,10.1,39.8,0.0
9833,11.953,ok,32.641,2240.188,10.1,39.8,0.0
9834,11.937,ok,32.641,2240.188,10.1,39.8,0.0
9835,12.169,ok,32.641,2240.188,10.1,39.8,0.0
9836,12.136,ok,32.641,2240.188,10.1,39.8,0.0
9837,12.233,ok,32.641,2240.188,10.1,39.8,0.0
9838,12.253,ok,32.641,2240.188,10.1,39.8,0.0
9839,12.170,ok,32.641,2240.188,10.1,39.8,0.0
9840,11.965,ok,32.645,2240.188,0.0,39.8,0.0
9841,11.925,ok,32.645,2240.188,0.0,39.8,0.0
9842,12.407,ok,32.645,2240.188,0.0,39.8,0.0
9843,12.416,ok,32.645,2240.188,0.0,39.8,0.0
9844,11.916,ok,32.645,2240.188,0.0,39.8,0.0
9845,11.479,ok,32.645,2240.188,0.0,39.8,0.0
9846,11.851,ok,32.645,2240.188,0.0,39.8,0.0
9847,11.826,ok,32.645,2240.188,0.0,39.8,0.0
9848,11.839,ok,32.645,2240.188,0.0,39.8,0.0
9849,12.119,ok,32.645,2240.188,0.0,39.8,0.0
9850,11.446,ok,32.645,2240.188,0.0,39.8,0.0
9851,12.158,ok,32.645,2240.188,0.0,39.8,0.0
9852,12.342,ok,32.645,2240.188,0.0,39.8,0.0
9853,12.063,ok,32.645,2240.188,0.0,39.8,0.0
9854,11.884,ok,32.645,2240.188,0.0,39.8,0.0
9855,11.732,ok,32.645,2240.188,0.0,39.8,0.0
9856,11.996,ok,32.648,2240.188,0.0,39.8,0.0
9857,11.877,ok,32.648,2240.188,0.0,39.8,0.0
9858,11.726,ok,32.648,2240.188,0.0,39.8,0.0
9859,12.278,ok,32.648,2240.188,0.0,39.8,0.0
9860,12.203,ok,32.648,2240.188,0.0,39.8,0.0
9861,12.153,ok,32.648,2240.188,0.0,39.8,0.0
9862,11.643,ok,32.648,2240.188,0.0,39.8,0.0
9863,11.981,ok,32.648,2240.188,0.0,39.8,0.0
9864,12.230,ok,32.648,2240.188,0.0,39.8,0.0
9865,11.616,ok,32.648,2240.188,0.0,39.8,0.0
9866,12.196,ok,32.648,2240.188,0.0,39.8,0.0
9867,12.370,ok,32.648,2240.188,0.0,39.8,0.0
9868,12.269,ok,32.648,2240.188,0.0,39.8,0.0
9869,12.243,ok,32.648,2240.188,0.0,39.8,0.0
9870,12.113,ok,32.648,2240.188,0.0,39.8,0.0
9871,12.084,ok,32.648,2240.188,0.0,39.8,0.0
9872,12.285,ok,32.648,2240.188,0.0,39.8,0.0
9873,11.947,ok,32.648,2240.188,0.0,39.8,0.0
9874,12.180,ok,32.648,2240.188,0.0,39.8,0.0
9875,12.712,ok,32.648,2240.188,0.0,39.8,0.0
9876,12.272,ok,32.648,2240.188,0.0,39.8,0.0
9877,12.152,ok,32.648,2240.188,0.0,39.8,0.0
9878,12.634,ok,32.648,2240.188,0.0,39.8,0.0
9879,12.508,ok,32.648,2240.188,0.0,39.8,0.0
9880,11.912,ok,32.648,2240.188,0.0,39.8,0.0
9881,11.289,ok,32.648,2240.188,0.0,39.8,0.0
9882,11.655,ok,32.648,2240.188,0.0,39.8,0.0
9883,11.637,ok,32.648,2240.188,0.0,39.8,0.0
9884,11.336,ok,32.648,2240.188,0.0,39.8,0.0
9885,11.644,ok,32.648,2240.188,0.0,39.8,0.0
9886,11.676,ok,32.648,2240.188,0.0,39.8,0.0
9887,11.442,ok,32.648,2240.188,0.0,39.8,0.0
9888,12.213,ok,32.648,2240.188,0.0,39.8,0.0
9889,12.069,ok,32.648,2240.188,0.0,39.8,0.0
9890,11.854,ok,32.648,2240.188,5.0,39.8,0.0
9891,12.080,ok,32.648,2240.188,5.0,39.8,0.0
9892,11.396,ok,32.648,2240.188,5.0,39.8,0.0
9893,11.854,ok,32.648,2240.188,5.0,39.8,0.0
9894,12.373,ok,32.648,2240.188,5.0,39.8,0.0
9895,11.490,ok,32.648,2240.188,5.0,39.8,0.0
9896,11.820,ok,32.648,2240.188,5.0,39.8,0.0
9897,11.613,ok,32.648,2240.188,5.0,39.8,0.0
9898,11.947,ok,32.648,2240.188,5.0,39.8,0.0
9899,11.813,ok,32.648,2240.188,5.0,39.8,0.0
9900,11.542,ok,32.648,2240.188,5.0,39.8,0.0
9901,11.200,ok,32.648,2240.188,5.0,39.8,0.0
9902,11.479,ok,32.648,2240.188,5.0,39.8,0.0
9903,11.377,ok,32.648,2240.188,5.0,39.8,0.0
9904,11.467,ok,32.648,2240.188,5.0,39.8,0.0
9905,12.024,ok,32.648,2240.188,5.0,39.8,0.0
9906,11.939,ok,32.648,2240.188,5.0,39.8,0.0
9907,11.800,ok,32.652,2240.188,5.0,39.8,0.0
9908,12.034,ok,32.652,2240.188,5.0,39.8,0.0
9909,12.151,ok,32.652,2240.188,5.0,39.8,0.0
9910,12.071,ok,32.652,2240.188,5.0,39.8,0.0
9911,11.780,ok,32.652,2240.188,5.0,39.8,0.0
9912,11.525,ok,32.652,2240.188,5.0,39.8,0.0
9913,11.098,ok,32.652,2240.188,5.0,39.8,0.0
9914,11.763,ok,32.652,2240.188,5.0,39.8,0.0
9915,11.807,ok,32.652,2240.188,5.0,39.8,0.0
9916,11.189,ok,32.652,2240.188,5.0,39.8,0.0
9917,11.272,ok,32.652,2240.188,5.0,39.8,0.0
9918,11.032,ok,32.652,2240.188,5.0,39.8,0.0
9919,10.967,ok,32.652,2240.188,5.0,39.8,0.0
9920,11.006,ok,32.652,2240.188,5.0,39.8,0.0
9921,11.410,ok,32.652,2240.188,5.0,39.8,0.0
9922,11.630,ok,32.652,2240.188,5.0,39.8,0.0
9923,12.175,ok,32.652,2240.188,5.0,39.8,0.0
9924,11.836,ok,32.652,2240.188,0.0,39.8,0.0
9925,12.768,ok,32.652,2240.188,0.0,39.8,0.0
9926,12.376,ok,32.652,2240.188,0.0,39.8,0.0
9927,12.584,ok,32.652,2240.188,0.0,39.8,0.0
9928,12.661,ok,32.652,2240.188,0.0,39.8,0.0
9929,12.499,ok,32.652,2240.188,0.0,39.8,0.0
9930,12.851,ok,32.652,2240.188,0.0,39.8,0.0
9931,12.327,ok,32.652,2240.188,0.0,39.8,0.0
9932,13.255,ok,32.652,2240.188,0.0,39.8,0.0
9933,13.043,ok,32.652,2240.188,0.0,39.8,0.0
9934,11.908,ok,32.652,2240.188,0.0,39.8,0.0
9935,12.129,ok,32.652,2240.188,0.0,39.8,0.0
9936,11.854,ok,32.652,2240.188,0.0,39.8,0.0
9937,12.208,ok,32.652,2240.188,0.0,39.8,0.0
9938,11.694,ok,32.652,2240.188,0.0,39.8,0.0
9939,11.896,ok,32.652,2240.188,0.0,39.8,0.0
9940,12.268,ok,32.652,2240.188,0.0,39.8,0.0
9941,12.271,ok,32.652,2240.188,0.0,39.8,0.0
9942,12.181,ok,32.652,2240.188,0.0,39.8,0.0
9943,12.037,ok,32.652,2240.188,0.0,39.8,0.0
9944,12.030,ok,32.652,2240.188,0.0,39.8,0.0
9945,12.155,ok,32.652,2240.188,0.0,39.8,0.0
9946,12.186,ok,32.652,2240.188,0.0,39.8,0.0
9947,12.017,ok,32.652,2240.188,0.0,39.8,0.0
9948,12.431,ok,32.652,2240.188,0.0,39.8,0.0
9949,12.286,ok,32.652,2240.188,0.0,39.8,0.0
9950,12.208,ok,32.652,2240.188,0.0,39.8,0.0
9951,11.767,ok,32.652,2240.188,0.0,39.8,0.0
9952,11.666,ok,32.652,2240.188,0.0,39.8,0.0
9953,11.959,ok,32.652,2240.188,0.0,39.8,0.0
9954,11.654,ok,32.652,2240.188,0.0,39.8,0.0
9955,11.593,ok,32.652,2240.188,0.0,39.8,0.0
9956,11.942,ok,32.652,2240.188,0.0,39.8,0.0
9957,11.842,ok,32.656,2240.188,0.0,39.8,0.0
9958,12.127,ok,32.656,2240.188,0.0,39.8,0.0
9959,12.027,ok,32.656,2240.188,0.0,39.8,0.0
9960,11.691,ok,32.656,2240.188,0.0,39.8,0.0
9961,11.692,ok,32.656,2240.188,0.0,39.8,0.0
9962,11.657,ok,32.656,2240.188,0.0,39.8,0.0
9963,11.540,ok,32.656,2240.188,0.0,39.8,0.0
9964,12.119,ok,32.656,2240.188,0.0,39.8,0.0
9965,12.107,ok,32.656,2240.188,0.0,39.8,0.0
9966,11.860,ok,32.656,2240.188,0.0,39.8,0.0
9967,12.199,ok,32.656,2240.188,0.0,39.8,0.0
9968,11.989,ok,32.656,2240.188,0.0,39.8,0.0
9969,11.964,ok,32.656,2240.188,0.0,39.8,0.0
9970,11.954,ok,32.656,2240.188,0.0,39.8,0.0
9971,11.940,ok,32.656,2240.188,0.0,39.8,0.0
9972,11.686,ok,32.656,2240.188,0.0,39.8,0.0
9973,11.664,ok,32.656,2240.188,0.0,39.8,0.0
9974,11.864,ok,32.656,2240.188,5.0,39.8,0.0
9975,11.527,ok,32.656,2240.188,5.0,39.8,0.0
9976,11.590,ok,32.656,2240.188,5.0,39.8,0.0
9977,11.695,ok,32.656,2240.188,5.0,39.8,0.0
9978,12.534,ok,32.656,2240.188,5.0,39.8,0.0
9979,12.293,ok,32.656,2240.188,5.0,39.8,0.0
9980,12.403,ok,32.656,2240.188,5.0,39.8,0.0
9981,12.449,ok,32.656,2240.188,5.0,39.8,0.0
9982,11.850,ok,32.656,2240.188,5.0,39.8,0.0
9983,11.383,ok,32.656,2240.188,5.0,39.8,0.0
9984,11.827,ok,32.656,2240.188,5.0,39.8,0.0
9985,11.807,ok,32.656,2240.188,5.0,39.8,0.0
9986,11.241,ok,32.656,2240.188,5.0,39.8,0.0
9987,11.461,ok,32.656,2240.188,5.0,39.8,0.0
9988,11.750,ok,32.656,2240.188,5.0,39.8,0.0
9989,11.338,ok,32.656,2240.188,5.0,39.8,0.0
9990,11.769,ok,32.656,2240.188,5.0,39.8,0.0
9991,11.879,ok,32.656,2240.188,5.0,39.8,0.0
9992,12.012,ok,32.656,2240.188,5.0,39.8,0.0
9993,11.997,ok,32.656,2240.188,5.0,39.8,0.0
9994,11.585,ok,32.656,2240.188,5.0,39.8,0.0
9995,11.703,ok,32.656,2240.188,5.0,39.8,0.0
9996,11.750,ok,32.656,2240.188,5.0,39.8,0.0
9997,11.532,ok,32.656,2240.188,5.0,39.8,0.0
9998,12.024,ok,32.656,2240.188,5.0,39.8,0.0
9999,11.637,ok,32.656,2240.188,5.0,39.8,0.0
