iteration,rtt_ms,status,proc_ram_mb,proc_vsz_mb,proc_cpu_pct,sys_ram_pct,sys_cpu_pct
0,10.600,ok,31.145,2239.379,0.0,37.8,0.0
1,10.435,ok,31.145,2239.379,0.0,37.8,0.0
2,10.603,ok,31.145,2239.379,0.0,37.8,0.0
3,10.423,ok,31.145,2239.379,0.0,37.8,0.0
4,10.558,ok,31.145,2239.379,0.0,37.8,0.0
5,10.420,ok,31.145,2239.379,0.0,37.8,0.0
6,10.647,ok,31.145,2239.379,0.0,37.8,0.0
7,10.348,ok,31.320,2239.504,0.0,37.8,0.0
8,10.623,ok,31.320,2239.504,0.0,37.8,0.0
9,10.501,ok,31.320,2239.504,0.0,37.8,0.0
10,10.580,ok,31.320,2239.504,0.0,37.8,0.0
11,10.594,ok,31.320,2239.504,0.0,37.8,0.0
12,10.784,ok,31.320,2239.504,0.0,37.8,0.0
13,10.848,ok,31.320,2239.504,0.0,37.8,0.0
14,10.882,ok,31.320,2239.504,0.0,37.8,0.0
15,10.997,ok,31.320,2239.504,0.0,37.8,0.0
16,10.982,ok,31.320,2239.504,0.0,37.8,0.0
17,10.875,ok,31.320,2239.504,0.0,37.8,0.0
18,11.087,ok,31.320,2239.504,0.0,37.8,0.0
19,11.056,ok,31.320,2239.504,0.0,37.8,0.0
20,11.131,ok,31.320,2239.504,0.0,37.8,0.0
21,11.128,ok,31.320,2239.504,0.0,37.8,0.0
22,10.909,ok,31.320,2239.504,0.0,37.8,0.0
23,11.549,ok,31.320,2239.504,0.0,37.8,0.0
24,11.069,ok,31.320,2239.504,0.0,37.8,0.0
25,11.312,ok,31.320,2239.504,0.0,37.8,0.0
26,11.084,ok,31.324,2239.504,0.0,37.8,0.0
27,10.894,ok,31.324,2239.504,0.0,37.8,0.0
28,10.887,ok,31.324,2239.504,0.0,37.8,0.0
29,10.828,ok,31.324,2239.504,0.0,37.8,0.0
30,10.976,ok,31.324,2239.504,0.0,37.8,0.0
31,10.845,ok,31.324,2239.504,0.0,37.8,0.0
32,10.763,ok,31.324,2239.504,0.0,37.8,0.0
33,11.032,ok,31.324,2239.504,0.0,37.8,0.0
34,10.703,ok,31.324,2239.504,0.0,37.8,0.0
35,10.948,ok,31.324,2239.504,0.0,37.8,0.0
36,10.744,ok,31.324,2239.504,0.0,37.8,0.0
37,10.865,ok,31.324,2239.504,0.0,37.8,0.0
38,11.051,ok,31.324,2239.504,0.0,37.8,0.0
39,11.220,ok,31.324,2239.504,0.0,37.8,0.0
40,11.079,ok,31.324,2239.504,0.0,37.8,0.0
41,10.815,ok,31.324,2239.504,0.0,37.8,0.0
42,10.873,ok,31.324,2239.504,0.0,37.8,0.0
43,10.761,ok,31.324,2239.504,0.0,37.8,0.0
44,10.796,ok,31.324,2239.504,5.0,37.8,0.0
45,10.622,ok,31.324,2239.504,5.0,37.8,0.0
46,10.581,ok,31.324,2239.504,5.0,37.8,0.0
47,10.420,ok,31.324,2239.504,5.0,37.8,0.0
48,10.423,ok,31.324,2239.504,5.0,37.8,0.0
49,10.531,ok,31.324,2239.504,5.0,37.8,0.0
50,10.741,ok,31.324,2239.504,5.0,37.8,0.0
51,10.337,ok,31.324,2239.504,5.0,37.8,0.0
52,10.528,ok,31.324,2239.504,5.0,37.8,0.0
53,10.356,ok,31.324,2239.504,5.0,37.8,0.0
54,10.628,ok,31.324,2239.504,5.0,37.8,0.0
55,10.555,ok,31.324,2239.504,5.0,37.8,0.0
56,10.523,ok,31.324,2239.504,5.0,37.8,0.0
57,10.556,ok,31.324,2239.504,5.0,37.8,0.0
58,10.542,ok,31.324,2239.504,5.0,37.8,0.0
59,10.448,ok,31.324,2239.504,5.0,37.8,0.0
60,10.617,ok,31.324,2239.504,5.0,37.8,0.0
61,10.510,ok,31.324,2239.504,5.0,37.8,0.0
62,10.647,ok,31.324,2239.504,5.0,37.8,0.0
63,10.591,ok,31.324,2239.504,0.0,37.8,0.0
64,10.555,ok,31.324,2239.504,0.0,37.8,0.0
65,10.778,ok,31.324,2239.504,0.0,37.8,0.0
66,10.733,ok,31.324,2239.504,0.0,37.8,0.0
67,10.931,ok,31.324,2239.504,0.0,37.8,0.0
68,11.048,ok,31.324,2239.504,0.0,37.8,0.0
69,10.976,ok,31.324,2239.504,0.0,37.8,0.0
70,10.982,ok,31.324,2239.504,0.0,37.8,0.0
71,10.949,ok,31.324,2239.504,0.0,37.8,0.0
72,10.845,ok,31.324,2239.504,0.0,37.8,0.0
73,10.721,ok,31.324,2239.504,0.0,37.8,0.0
74,10.895,ok,31.324,2239.504,0.0,37.8,0.0
75,10.810,ok,31.324,2239.504,0.0,37.8,0.0
76,10.408,ok,31.324,2239.504,0.0,37.8,0.0
77,10.630,ok,31.324,2239.504,0.0,37.8,0.0
78,10.443,ok,31.324,2239.504,0.0,37.8,0.0
79,10.715,ok,31.324,2239.504,0.0,37.8,0.0
80,10.471,ok,31.324,2239.504,0.0,37.8,0.0
81,10.614,ok,31.324,2239.504,0.0,37.8,0.0
82,10.512,ok,31.324,2239.504,0.0,37.8,0.0
83,10.754,ok,31.324,2239.504,0.0,37.8,0.0
84,10.671,ok,31.324,2239.504,0.0,37.8,0.0
85,10.574,ok,31.324,2239.504,0.0,37.8,0.0
86,10.647,ok,31.324,2239.504,0.0,37.8,0.0
87,10.803,ok,31.324,2239.504,0.0,37.8,0.0
88,10.798,ok,31.324,2239.504,0.0,37.8,0.0
89,10.669,ok,31.324,2239.504,0.0,37.8,0.0
90,10.591,ok,31.324,2239.504,0.0,37.8,0.0
91,10.683,ok,31.324,2239.504,0.0,37.8,0.0
92,10.642,ok,31.324,2239.504,0.0,37.8,0.0
93,10.554,ok,31.324,2239.504,0.0,37.8,0.0
94,10.863,ok,31.324,2239.504,0.0,37.8,0.0
95,10.446,ok,31.324,2239.504,0.0,37.8,0.0
96,10.672,ok,31.324,2239.504,0.0,37.8,0.0
97,10.539,ok,31.324,2239.504,0.0,37.8,0.0
98,10.499,ok,31.324,2239.504,0.0,37.8,0.0
99,10.628,ok,31.324,2239.504,0.0,37.8,0.0
100,10.420,ok,31.324,2239.504,0.0,37.8,0.0
101,10.829,ok,31.324,2239.504,0.0,37.8,0.0
102,10.669,ok,31.324,2239.504,0.0,37.8,0.0
103,10.574,ok,31.324,2239.504,0.0,37.8,0.0
104,10.461,ok,31.324,2239.504,0.0,37.8,0.0
105,10.535,ok,31.324,2239.504,0.0,37.8,0.0
106,10.663,ok,31.324,2239.504,0.0,37.8,0.0
107,10.887,ok,31.324,2239.504,0.0,37.8,0.0
108,10.786,ok,31.324,2239.504,0.0,37.8,0.0
109,10.919,ok,31.324,2239.504,0.0,37.8,0.0
110,10.719,ok,31.324,2239.504,0.0,37.8,0.0
111,10.582,ok,31.324,2239.504,0.0,37.8,0.0
112,10.649,ok,31.324,2239.504,0.0,37.8,0.0
113,10.660,ok,31.324,2239.504,0.0,37.8,0.0
114,10.835,ok,31.324,2239.504,0.0,37.8,0.0
115,10.782,ok,31.324,2239.504,0.0,37.8,0.0
116,10.576,ok,31.324,2239.504,0.0,37.8,0.0
117,10.813,ok,31.324,2239.504,0.0,37.8,0.0
118,10.854,ok,31.324,2239.504,0.0,37.8,0.0
119,10.463,ok,31.324,2239.504,5.0,37.8,0.0
120,10.827,ok,31.324,2239.504,5.0,37.8,0.0
121,10.749,ok,31.324,2239.504,5.0,37.8,0.0
122,10.813,ok,31.324,2239.504,5.0,37.8,0.0
123,10.811,ok,31.324,2239.504,5.0,37.8,0.0
124,10.742,ok,31.324,2239.504,5.0,37.8,0.0
125,10.728,ok,31.324,2239.504,5.0,37.8,0.0
126,10.600,ok,31.324,2239.504,5.0,37.8,0.0
127,10.720,ok,31.324,2239.504,5.0,37.8,0.0
128,10.563,ok,31.324,2239.504,5.0,37.8,0.0
129,10.738,ok,31.324,2239.504,5.0,37.8,0.0
130,10.782,ok,31.324,2239.504,5.0,37.8,0.0
131,10.781,ok,31.324,2239.504,5.0,37.8,0.0
132,10.830,ok,31.324,2239.504,5.0,37.8,0.0
133,10.843,ok,31.324,2239.504,5.0,37.8,0.0
134,11.013,ok,31.324,2239.504,5.0,37.8,0.0
135,10.801,ok,31.324,2239.504,5.0,37.8,0.0
136,10.864,ok,31.324,2239.504,5.0,37.8,0.0
137,10.934,ok,31.324,2239.504,5.0,37.8,0.0
138,11.012,ok,31.324,2239.504,0.0,37.8,0.0
139,10.970,ok,31.324,2239.504,0.0,37.8,0.0
140,10.982,ok,31.324,2239.504,0.0,37.8,0.0
141,10.954,ok,31.324,2239.504,0.0,37.8,0.0
142,10.908,ok,31.324,2239.504,0.0,37.8,0.0
143,10.354,ok,31.324,2239.504,0.0,37.8,0.0
144,10.596,ok,31.324,2239.504,0.0,37.8,0.0
145,10.299,ok,31.324,2239.504,0.0,37.8,0.0
146,10.575,ok,31.324,2239.504,0.0,37.8,0.0
147,10.465,ok,31.324,2239.504,0.0,37.8,0.0
148,10.312,ok,31.324,2239.504,0.0,37.8,0.0
149,10.568,ok,31.324,2239.504,0.0,37.8,0.0
150,10.342,ok,31.324,2239.504,0.0,37.8,0.0
151,10.710,ok,31.324,2239.504,0.0,37.8,0.0
152,10.718,ok,31.324,2239.504,0.0,37.8,0.0
153,10.526,ok,31.324,2239.504,0.0,37.8,0.0
154,10.846,ok,31.324,2239.504,0.0,37.8,0.0
155,10.881,ok,31.324,2239.504,0.0,37.8,0.0
156,10.658,ok,31.324,2239.504,0.0,37.8,0.0
157,10.469,ok,31.324,2239.504,5.0,37.8,0.0
158,10.537,ok,31.324,2239.504,5.0,37.8,0.0
159,10.759,ok,31.324,2239.504,5.0,37.8,0.0
160,10.537,ok,31.324,2239.504,5.0,37.8,0.0
161,10.458,ok,31.324,2239.504,5.0,37.8,0.0
162,10.760,ok,31.324,2239.504,5.0,37.8,0.0
163,10.810,ok,31.324,2239.504,5.0,37.8,0.0
164,10.828,ok,31.324,2239.504,5.0,37.8,0.0
165,10.712,ok,31.324,2239.504,5.0,37.8,0.0
166,10.649,ok,31.324,2239.504,5.0,37.8,0.0
167,10.816,ok,31.324,2239.504,5.0,37.8,0.0
168,10.412,ok,31.324,2239.504,5.0,37.8,0.0
169,10.626,ok,31.324,2239.504,5.0,37.8,0.0
170,10.631,ok,31.324,2239.504,5.0,37.8,0.0
171,10.559,ok,31.324,2239.504,5.0,37.8,0.0
172,10.783,ok,31.324,2239.504,5.0,37.8,0.0
173,10.654,ok,31.324,2239.504,5.0,37.8,0.0
174,10.830,ok,31.324,2239.504,5.0,37.8,0.0
175,10.797,ok,31.328,2239.504,0.0,37.8,0.0
176,10.852,ok,31.328,2239.504,0.0,37.8,0.0
177,10.896,ok,31.328,2239.504,0.0,37.8,0.0
178,11.084,ok,31.328,2239.504,0.0,37.8,0.0
179,11.147,ok,31.328,2239.504,0.0,37.8,0.0
180,11.135,ok,31.328,2239.504,0.0,37.8,0.0
181,11.352,ok,31.328,2239.504,0.0,37.8,0.0
182,11.158,ok,31.328,2239.504,0.0,37.8,0.0
183,11.111,ok,31.328,2239.504,0.0,37.8,0.0
184,11.229,ok,31.328,2239.504,0.0,37.8,0.0
185,10.727,ok,31.328,2239.504,0.0,37.8,0.0
186,11.118,ok,31.328,2239.504,0.0,37.8,0.0
187,11.079,ok,31.328,2239.504,0.0,37.8,0.0
188,11.135,ok,31.328,2239.504,0.0,37.8,0.0
189,11.136,ok,31.328,2239.504,0.0,37.8,0.0
190,10.929,ok,31.328,2239.504,0.0,37.8,0.0
191,11.236,ok,31.328,2239.504,0.0,37.8,0.0
192,11.201,ok,31.328,2239.504,0.0,37.8,0.0
193,11.193,ok,31.328,2239.504,5.0,37.8,0.0
194,10.966,ok,31.328,2239.504,5.0,37.8,0.0
195,11.113,ok,31.328,2239.504,5.0,37.8,0.0
196,11.011,ok,31.328,2239.504,5.0,37.8,0.0
197,11.113,ok,31.328,2239.504,5.0,37.8,0.0
198,10.886,ok,31.328,2239.504,5.0,37.8,0.0
199,10.900,ok,31.328,2239.504,5.0,37.8,0.0
200,10.776,ok,31.328,2239.504,5.0,37.8,0.0
201,10.850,ok,31.328,2239.504,5.0,37.8,0.0
202,10.981,ok,31.328,2239.504,5.0,37.8,0.0
203,10.952,ok,31.328,2239.504,5.0,37.8,0.0
204,11.071,ok,31.328,2239.504,5.0,37.8,0.0
205,11.069,ok,31.328,2239.504,5.0,37.8,0.0
206,10.734,ok,31.328,2239.504,5.0,37.8,0.0
207,10.590,ok,31.328,2239.504,5.0,37.8,0.0
208,10.648,ok,31.328,2239.504,5.0,37.8,0.0
209,10.911,ok,31.328,2239.504,5.0,37.8,0.0
210,10.931,ok,31.328,2239.504,5.0,37.8,0.0
211,10.653,ok,31.328,2239.504,5.0,37.8,0.0
212,10.806,ok,31.328,2239.504,0.0,37.8,0.0
213,10.887,ok,31.328,2239.504,0.0,37.8,0.0
214,10.421,ok,31.328,2239.504,0.0,37.8,0.0
215,10.655,ok,31.328,2239.504,0.0,37.8,0.0
216,10.679,ok,31.328,2239.504,0.0,37.8,0.0
217,10.859,ok,31.328,2239.504,0.0,37.8,0.0
218,11.311,ok,31.328,2239.504,0.0,37.8,0.0
219,10.801,ok,31.328,2239.504,0.0,37.8,0.0
220,11.058,ok,31.328,2239.504,0.0,37.8,0.0
221,11.161,ok,31.328,2239.504,0.0,37.8,0.0
222,11.117,ok,31.328,2239.504,0.0,37.8,0.0
223,10.840,ok,31.328,2239.504,0.0,37.8,0.0
224,10.586,ok,31.328,2239.504,0.0,37.8,0.0
225,10.592,ok,31.328,2239.504,0.0,37.8,0.0
226,10.795,ok,31.328,2239.504,0.0,37.8,0.0
227,10.992,ok,31.328,2239.504,0.0,37.8,0.0
228,10.648,ok,31.328,2239.504,0.0,37.8,0.0
229,10.896,ok,31.328,2239.504,0.0,37.8,0.0
230,10.437,ok,31.328,2239.504,0.0,37.8,0.0
231,10.557,ok,31.328,2239.504,0.0,37.8,0.0
232,10.606,ok,31.328,2239.504,0.0,37.8,0.0
233,10.620,ok,31.328,2239.504,0.0,37.8,0.0
234,10.968,ok,31.328,2239.504,0.0,37.8,0.0
235,10.710,ok,31.328,2239.504,0.0,37.8,0.0
236,10.841,ok,31.328,2239.504,0.0,37.8,0.0
237,10.919,ok,31.328,2239.504,0.0,37.8,0.0
238,10.343,ok,31.328,2239.504,0.0,37.8,0.0
239,10.472,ok,31.328,2239.504,0.0,37.8,0.0
240,10.396,ok,31.328,2239.504,0.0,37.8,0.0
241,10.715,ok,31.328,2239.504,0.0,37.8,0.0
242,10.638,ok,31.328,2239.504,0.0,37.8,0.0
243,10.485,ok,31.328,2239.504,0.0,37.8,0.0
244,10.784,ok,31.328,2239.504,0.0,37.8,0.0
245,10.635,ok,31.328,2239.504,0.0,37.8,0.0
246,10.630,ok,31.328,2239.504,0.0,37.8,0.0
247,10.583,ok,31.328,2239.504,0.0,37.8,0.0
248,10.674,ok,31.328,2239.504,0.0,37.8,0.0
249,10.611,ok,31.328,2239.504,5.1,37.8,0.0
250,10.649,ok,31.328,2239.504,5.1,37.8,0.0
251,10.801,ok,31.328,2239.504,5.1,37.8,0.0
252,11.121,ok,31.328,2239.504,5.1,37.8,0.0
253,11.200,ok,31.328,2239.504,5.1,37.8,0.0
254,10.961,ok,31.328,2239.504,5.1,37.8,0.0
255,10.497,ok,31.328,2239.504,5.1,37.8,0.0
256,10.726,ok,31.328,2239.504,5.1,37.8,0.0
257,10.631,ok,31.328,2239.504,5.1,37.8,0.0
258,10.478,ok,31.328,2239.504,5.1,37.8,0.0
259,10.549,ok,31.328,2239.504,5.1,37.8,0.0
260,10.515,ok,31.328,2239.504,5.1,37.8,0.0
261,10.573,ok,31.328,2239.504,5.1,37.8,0.0
262,10.529,ok,31.328,2239.504,5.1,37.8,0.0
263,10.555,ok,31.328,2239.504,5.1,37.8,0.0
264,10.607,ok,31.328,2239.504,5.1,37.8,0.0
265,10.548,ok,31.328,2239.504,5.1,37.8,0.0
266,10.599,ok,31.328,2239.504,5.1,37.8,0.0
267,10.424,ok,31.328,2239.504,5.1,37.8,0.0
268,10.601,ok,31.328,2239.504,0.0,37.8,0.0
269,10.675,ok,31.328,2239.504,0.0,37.8,0.0
270,10.701,ok,31.328,2239.504,0.0,37.8,0.0
271,10.656,ok,31.328,2239.504,0.0,37.8,0.0
272,10.539,ok,31.328,2239.504,0.0,37.8,0.0
273,10.599,ok,31.328,2239.504,0.0,37.8,0.0
274,10.544,ok,31.328,2239.504,0.0,37.8,0.0
275,11.065,ok,31.328,2239.504,0.0,37.8,0.0
276,10.697,ok,31.328,2239.504,0.0,37.8,0.0
277,10.698,ok,31.328,2239.504,0.0,37.8,0.0
278,10.581,ok,31.328,2239.504,0.0,37.8,0.0
279,10.839,ok,31.328,2239.504,0.0,37.8,0.0
280,10.656,ok,31.328,2239.504,0.0,37.8,0.0
281,10.759,ok,31.328,2239.504,0.0,37.8,0.0
282,10.807,ok,31.328,2239.504,0.0,37.8,0.0
283,10.827,ok,31.328,2239.504,0.0,37.8,0.0
284,10.829,ok,31.328,2239.504,0.0,37.8,0.0
285,10.832,ok,31.328,2239.504,0.0,37.8,0.0
286,10.762,ok,31.328,2239.504,0.0,37.8,0.0
287,10.734,ok,31.328,2239.504,0.0,37.8,0.0
288,10.947,ok,31.328,2239.504,0.0,37.8,0.0
289,10.813,ok,31.328,2239.504,0.0,37.8,0.0
290,10.614,ok,31.328,2239.504,0.0,37.8,0.0
291,10.722,ok,31.328,2239.504,0.0,37.8,0.0
292,10.953,ok,31.328,2239.504,0.0,37.8,0.0
293,10.826,ok,31.328,2239.504,0.0,37.8,0.0
294,11.105,ok,31.328,2239.504,0.0,37.8,0.0
295,11.239,ok,31.328,2239.504,0.0,37.8,0.0
296,11.082,ok,31.328,2239.504,0.0,37.8,0.0
297,10.964,ok,31.328,2239.504,0.0,37.8,0.0
298,10.681,ok,31.328,2239.504,0.0,37.8,0.0
299,10.800,ok,31.328,2239.504,0.0,37.8,0.0
300,10.539,ok,31.328,2239.504,0.0,37.8,0.0
301,10.696,ok,31.328,2239.504,0.0,37.8,0.0
302,10.654,ok,31.328,2239.504,0.0,37.8,0.0
303,10.943,ok,31.328,2239.504,0.0,37.8,0.0
304,10.971,ok,31.328,2239.504,0.0,37.8,0.0
305,10.869,ok,31.328,2239.504,0.0,37.8,0.0
306,11.183,ok,31.328,2239.504,0.0,37.8,0.0
307,10.967,ok,31.328,2239.504,0.0,37.8,0.0
308,10.687,ok,31.328,2239.504,0.0,37.8,0.0
309,11.038,ok,31.328,2239.504,0.0,37.8,0.0
310,10.669,ok,31.328,2239.504,0.0,37.8,0.0
311,10.906,ok,31.328,2239.504,0.0,37.8,0.0
312,10.576,ok,31.328,2239.504,0.0,37.8,0.0
313,11.156,ok,31.328,2239.504,0.0,37.8,0.0
314,10.857,ok,31.328,2239.504,0.0,37.8,0.0
315,10.848,ok,31.328,2239.504,0.0,37.8,0.0
316,10.819,ok,31.328,2239.504,0.0,37.8,0.0
317,10.867,ok,31.328,2239.504,0.0,37.8,0.0
318,11.132,ok,31.328,2239.504,0.0,37.8,0.0
319,11.044,ok,31.328,2239.504,0.0,37.8,0.0
320,11.209,ok,31.328,2239.504,0.0,37.8,0.0
321,10.877,ok,31.328,2239.504,0.0,37.8,0.0
322,10.761,ok,31.328,2239.504,0.0,37.8,0.0
323,10.743,ok,31.332,2239.504,5.0,37.8,0.0
324,10.697,ok,31.332,2239.504,5.0,37.8,0.0
325,10.929,ok,31.332,2239.504,5.0,37.8,0.0
326,10.952,ok,31.332,2239.504,5.0,37.8,0.0
327,10.950,ok,31.332,2239.504,5.0,37.8,0.0
328,10.828,ok,31.332,2239.504,5.0,37.8,0.0
329,10.969,ok,31.332,2239.504,5.0,37.8,0.0
330,10.819,ok,31.332,2239.504,5.0,37.8,0.0
331,10.559,ok,31.332,2239.504,5.0,37.8,0.0
332,10.810,ok,31.332,2239.504,5.0,37.8,0.0
333,10.560,ok,31.332,2239.504,5.0,37.8,0.0
334,10.482,ok,31.332,2239.504,5.0,37.8,0.0
335,10.597,ok,31.332,2239.504,5.0,37.8,0.0
336,10.403,ok,31.332,2239.504,5.0,37.8,0.0
337,10.554,ok,31.332,2239.504,5.0,37.8,0.0
338,10.446,ok,31.332,2239.504,5.0,37.8,0.0
339,10.514,ok,31.332,2239.504,5.0,37.8,0.0
340,10.401,ok,31.332,2239.504,5.0,37.8,0.0
341,10.510,ok,31.332,2239.504,5.0,37.8,0.0
342,10.512,ok,31.332,2239.504,5.0,37.8,0.0
343,10.460,ok,31.332,2239.504,5.0,37.8,0.0
344,10.610,ok,31.332,2239.504,5.0,37.8,0.0
345,10.707,ok,31.332,2239.504,5.0,37.8,0.0
346,10.734,ok,31.332,2239.504,5.0,37.8,0.0
347,10.995,ok,31.332,2239.504,5.0,37.8,0.0
348,11.024,ok,31.332,2239.504,5.0,37.8,0.0
349,10.734,ok,31.332,2239.504,5.0,37.8,0.0
350,10.905,ok,31.332,2239.504,5.0,37.8,0.0
351,10.782,ok,31.332,2239.504,5.0,37.8,0.0
352,10.687,ok,31.332,2239.504,5.0,37.8,0.0
353,10.521,ok,31.332,2239.504,5.0,37.8,0.0
354,10.743,ok,31.332,2239.504,5.0,37.8,0.0
355,10.811,ok,31.332,2239.504,5.0,37.8,0.0
356,10.694,ok,31.332,2239.504,5.0,37.8,0.0
357,10.879,ok,31.332,2239.504,5.0,37.8,0.0
358,10.945,ok,31.332,2239.504,5.0,37.8,0.0
359,10.886,ok,31.332,2239.504,5.0,37.8,0.0
360,11.191,ok,31.332,2239.504,5.0,37.8,0.0
361,10.932,ok,31.332,2239.504,0.0,37.8,0.0
362,10.798,ok,31.332,2239.504,0.0,37.8,0.0
363,10.859,ok,31.332,2239.504,0.0,37.8,0.0
364,11.029,ok,31.332,2239.504,0.0,37.8,0.0
365,11.099,ok,31.332,2239.504,0.0,37.8,0.0
366,11.159,ok,31.332,2239.504,0.0,37.8,0.0
367,11.308,ok,31.332,2239.504,0.0,37.8,0.0
368,11.271,ok,31.332,2239.504,0.0,37.8,0.0
369,10.661,ok,31.332,2239.504,0.0,37.8,0.0
370,10.648,ok,31.332,2239.504,0.0,37.8,0.0
371,10.763,ok,31.332,2239.504,0.0,37.8,0.0
372,10.802,ok,31.332,2239.504,0.0,37.8,0.0
373,11.106,ok,31.332,2239.504,0.0,37.8,0.0
374,10.904,ok,31.332,2239.504,0.0,37.8,0.0
375,10.909,ok,31.332,2239.504,0.0,37.8,0.0
376,10.711,ok,31.332,2239.504,0.0,37.8,0.0
377,10.779,ok,31.332,2239.504,0.0,37.8,0.0
378,10.844,ok,31.332,2239.504,0.0,37.8,0.0
379,10.706,ok,31.332,2239.504,0.0,37.8,0.0
380,11.226,ok,31.332,2239.504,0.0,37.8,0.0
381,10.818,ok,31.332,2239.504,0.0,37.8,0.0
382,10.944,ok,31.332,2239.504,0.0,37.8,0.0
383,11.246,ok,31.332,2239.504,0.0,37.8,0.0
384,10.936,ok,31.332,2239.504,0.0,37.8,0.0
385,10.456,ok,31.332,2239.504,0.0,37.8,0.0
386,10.787,ok,31.332,2239.504,0.0,37.8,0.0
387,10.696,ok,31.332,2239.504,0.0,37.8,0.0
388,10.393,ok,31.332,2239.504,0.0,37.8,0.0
389,10.609,ok,31.332,2239.504,0.0,37.8,0.0
390,10.529,ok,31.332,2239.504,0.0,37.8,0.0
391,10.643,ok,31.332,2239.504,0.0,37.8,0.0
392,10.709,ok,31.332,2239.504,0.0,37.8,0.0
393,10.820,ok,31.332,2239.504,0.0,37.8,0.0
394,10.826,ok,31.332,2239.504,0.0,37.8,0.0
395,10.785,ok,31.332,2239.504,0.0,37.8,0.0
396,10.834,ok,31.332,2239.504,0.0,37.8,0.0
397,10.643,ok,31.332,2239.504,0.0,37.8,0.0
398,10.851,ok,31.332,2239.504,0.0,37.8,0.0
399,10.560,ok,31.332,2239.504,0.0,37.8,0.0
400,10.753,ok,31.332,2239.504,0.0,37.8,0.0
401,10.784,ok,31.332,2239.504,0.0,37.8,0.0
402,10.600,ok,31.332,2239.504,0.0,37.8,0.0
403,10.819,ok,31.332,2239.504,0.0,37.8,0.0
404,10.803,ok,31.332,2239.504,0.0,37.8,0.0
405,10.762,ok,31.332,2239.504,0.0,37.8,0.0
406,10.676,ok,31.332,2239.504,0.0,37.8,0.0
407,10.853,ok,31.332,2239.504,0.0,37.8,0.0
408,10.863,ok,31.332,2239.504,0.0,37.8,0.0
409,10.924,ok,31.332,2239.504,0.0,37.8,0.0
410,10.786,ok,31.332,2239.504,0.0,37.8,0.0
411,10.811,ok,31.332,2239.504,0.0,37.8,0.0
412,10.647,ok,31.332,2239.504,0.0,37.8,0.0
413,10.862,ok,31.332,2239.504,0.0,37.8,0.0
414,10.677,ok,31.332,2239.504,0.0,37.8,0.0
415,10.517,ok,31.332,2239.504,0.0,37.8,0.0
416,10.618,ok,31.332,2239.504,0.0,37.8,0.0
417,10.457,ok,31.332,2239.504,0.0,37.8,0.0
418,10.602,ok,31.332,2239.504,0.0,37.8,0.0
419,10.645,ok,31.332,2239.504,0.0,37.8,0.0
420,10.650,ok,31.332,2239.504,0.0,37.8,0.0
421,10.770,ok,31.332,2239.504,0.0,37.8,0.0
422,10.716,ok,31.332,2239.504,0.0,37.8,0.0
423,10.764,ok,31.332,2239.504,0.0,37.8,0.0
424,10.678,ok,31.332,2239.504,0.0,37.8,0.0
425,10.699,ok,31.332,2239.504,0.0,37.8,0.0
426,10.885,ok,31.332,2239.504,0.0,37.8,0.0
427,10.871,ok,31.332,2239.504,0.0,37.8,0.0
428,10.923,ok,31.332,2239.504,0.0,37.8,0.0
429,11.140,ok,31.332,2239.504,0.0,37.8,0.0
430,10.920,ok,31.332,2239.504,0.0,37.8,0.0
431,10.584,ok,31.332,2239.504,0.0,37.8,0.0
432,10.644,ok,31.332,2239.504,0.0,37.8,0.0
433,10.427,ok,31.332,2239.504,0.0,37.8,0.0
434,10.619,ok,31.332,2239.504,0.0,37.8,0.0
435,10.237,ok,31.332,2239.504,0.0,37.8,0.0
436,10.636,ok,31.332,2239.504,0.0,37.8,0.0
437,10.432,ok,31.332,2239.504,0.0,37.8,0.0
438,10.431,ok,31.332,2239.504,0.0,37.8,0.0
439,10.509,ok,31.332,2239.504,0.0,37.8,0.0
440,10.646,ok,31.332,2239.504,0.0,37.8,0.0
441,10.561,ok,31.332,2239.504,0.0,37.8,0.0
442,10.648,ok,31.332,2239.504,0.0,37.8,0.0
443,10.632,ok,31.332,2239.504,0.0,37.8,0.0
444,10.573,ok,31.332,2239.504,0.0,37.8,0.0
445,10.584,ok,31.332,2239.504,0.0,37.8,0.0
446,10.699,ok,31.332,2239.504,0.0,37.8,0.0
447,10.539,ok,31.332,2239.504,0.0,37.8,0.0
448,10.514,ok,31.332,2239.504,0.0,37.8,0.0
449,10.380,ok,31.332,2239.504,0.0,37.8,0.0
450,10.499,ok,31.332,2239.504,0.0,37.8,0.0
451,10.485,ok,31.332,2239.504,0.0,37.8,0.0
452,10.510,ok,31.332,2239.504,0.0,37.8,0.0
453,10.686,ok,31.332,2239.504,0.0,37.8,0.0
454,10.591,ok,31.340,2239.504,10.1,37.8,0.0
455,10.562,ok,31.340,2239.504,10.1,37.8,0.0
456,10.544,ok,31.340,2239.504,10.1,37.8,0.0
457,10.588,ok,31.340,2239.504,10.1,37.8,0.0
458,10.507,ok,31.340,2239.504,10.1,37.8,0.0
459,10.711,ok,31.340,2239.504,10.1,37.8,0.0
460,10.608,ok,31.340,2239.504,10.1,37.8,0.0
461,10.613,ok,31.340,2239.504,10.1,37.8,0.0
462,10.597,ok,31.340,2239.504,10.1,37.8,0.0
463,10.591,ok,31.340,2239.504,10.1,37.8,0.0
464,10.751,ok,31.340,2239.504,10.1,37.8,0.0
465,10.682,ok,31.340,2239.504,10.1,37.8,0.0
466,10.631,ok,31.340,2239.504,10.1,37.8,0.0
467,10.583,ok,31.340,2239.504,10.1,37.8,0.0
468,10.594,ok,31.340,2239.504,10.1,37.8,0.0
469,10.638,ok,31.340,2239.504,10.1,37.8,0.0
470,10.716,ok,31.340,2239.504,10.1,37.8,0.0
471,10.575,ok,31.340,2239.504,10.1,37.8,0.0
472,10.594,ok,31.340,2239.504,10.1,37.8,0.0
473,10.685,ok,31.340,2239.504,0.0,37.8,0.0
474,10.755,ok,31.340,2239.504,0.0,37.8,0.0
475,10.888,ok,31.340,2239.504,0.0,37.8,0.0
476,10.922,ok,31.340,2239.504,0.0,37.8,0.0
477,11.032,ok,31.340,2239.504,0.0,37.8,0.0
478,10.899,ok,31.340,2239.504,0.0,37.8,0.0
479,10.843,ok,31.340,2239.504,0.0,37.8,0.0
480,10.649,ok,31.340,2239.504,0.0,37.8,0.0
481,10.412,ok,31.340,2239.504,0.0,37.8,0.0
482,10.715,ok,31.340,2239.504,0.0,37.8,0.0
483,10.425,ok,31.340,2239.504,0.0,37.8,0.0
484,10.916,ok,31.340,2239.504,0.0,37.8,0.0
485,10.715,ok,31.340,2239.504,0.0,37.8,0.0
486,10.409,ok,31.340,2239.504,0.0,37.8,0.0
487,10.811,ok,31.340,2239.504,0.0,37.8,0.0
488,10.594,ok,31.340,2239.504,0.0,37.8,0.0
489,10.463,ok,31.340,2239.504,0.0,37.8,0.0
490,10.674,ok,31.340,2239.504,0.0,37.8,0.0
491,10.721,ok,31.340,2239.504,0.0,37.8,0.0
492,10.581,ok,31.340,2239.504,0.0,37.8,0.0
493,10.710,ok,31.340,2239.504,0.0,37.8,0.0
494,10.607,ok,31.340,2239.504,0.0,37.8,0.0
495,10.661,ok,31.340,2239.504,0.0,37.8,0.0
496,10.666,ok,31.340,2239.504,0.0,37.8,0.0
497,10.618,ok,31.340,2239.504,0.0,37.8,0.0
498,10.606,ok,31.340,2239.504,0.0,37.8,0.0
499,10.631,ok,31.340,2239.504,0.0,37.8,0.0
500,10.611,ok,31.340,2239.504,0.0,37.8,0.0
501,10.680,ok,31.340,2239.504,0.0,37.8,0.0
502,10.583,ok,31.340,2239.504,0.0,37.8,0.0
503,10.314,ok,31.340,2239.504,0.0,37.8,0.0
504,10.381,ok,31.340,2239.504,0.0,37.8,0.0
505,10.380,ok,31.340,2239.504,0.0,37.8,0.0
506,10.432,ok,31.340,2239.504,0.0,37.8,0.0
507,10.461,ok,31.340,2239.504,0.0,37.8,0.0
508,10.426,ok,31.340,2239.504,0.0,37.8,0.0
509,10.446,ok,31.340,2239.504,0.0,37.8,0.0
510,10.426,ok,31.340,2239.504,0.0,37.8,0.0
511,10.598,ok,31.340,2239.504,0.0,37.8,0.0
512,10.540,ok,31.340,2239.504,0.0,37.8,0.0
513,10.406,ok,31.340,2239.504,0.0,37.8,0.0
514,10.528,ok,31.340,2239.504,0.0,37.8,0.0
515,10.281,ok,31.340,2239.504,0.0,37.8,0.0
516,10.395,ok,31.340,2239.504,0.0,37.8,0.0
517,10.507,ok,31.340,2239.504,0.0,37.8,0.0
518,10.627,ok,31.340,2239.504,0.0,37.8,0.0
519,10.692,ok,31.340,2239.504,0.0,37.8,0.0
520,10.625,ok,31.340,2239.504,0.0,37.8,0.0
521,10.725,ok,31.340,2239.504,0.0,37.8,0.0
522,10.547,ok,31.340,2239.504,0.0,37.8,0.0
523,10.587,ok,31.340,2239.504,0.0,37.8,0.0
524,10.565,ok,31.340,2239.504,0.0,37.8,0.0
525,10.541,ok,31.340,2239.504,0.0,37.8,0.0
526,10.188,ok,31.340,2239.504,0.0,37.8,0.0
527,10.342,ok,31.340,2239.504,0.0,37.8,0.0
528,10.671,ok,31.340,2239.504,0.0,37.8,0.0
529,10.407,ok,31.340,2239.504,0.0,37.8,0.0
530,10.494,ok,31.340,2239.504,0.0,37.8,0.0
531,10.614,ok,31.340,2239.504,0.0,37.8,0.0
532,10.297,ok,31.340,2239.504,0.0,37.8,0.0
533,10.551,ok,31.340,2239.504,0.0,37.8,0.0
534,10.458,ok,31.340,2239.504,0.0,37.8,0.0
535,10.477,ok,31.340,2239.504,0.0,37.8,0.0
536,10.368,ok,31.340,2239.504,0.0,37.8,0.0
537,10.530,ok,31.340,2239.504,0.0,37.8,0.0
538,10.470,ok,31.340,2239.504,0.0,37.8,0.0
539,10.580,ok,31.340,2239.504,0.0,37.8,0.0
540,10.495,ok,31.340,2239.504,0.0,37.8,0.0
541,10.487,ok,31.340,2239.504,0.0,37.8,0.0
542,10.443,ok,31.340,2239.504,0.0,37.8,0.0
543,10.653,ok,31.340,2239.504,0.0,37.8,0.0
544,10.865,ok,31.340,2239.504,0.0,37.8,0.0
545,10.925,ok,31.340,2239.504,0.0,37.8,0.0
546,10.876,ok,31.340,2239.504,0.0,37.8,0.0
547,10.788,ok,31.340,2239.504,0.0,37.8,0.0
548,10.837,ok,31.340,2239.504,0.0,37.8,0.0
549,11.012,ok,31.340,2239.504,0.0,37.8,0.0
550,10.702,ok,31.340,2239.504,0.0,37.8,0.0
551,10.626,ok,31.340,2239.504,0.0,37.8,0.0
552,11.271,ok,31.340,2239.504,0.0,37.8,0.0
553,10.970,ok,31.340,2239.504,0.0,37.8,0.0
554,11.124,ok,31.340,2239.504,0.0,37.8,0.0
555,10.900,ok,31.340,2239.504,0.0,37.8,0.0
556,10.968,ok,31.340,2239.504,0.0,37.8,0.0
557,11.131,ok,31.340,2239.504,0.0,37.8,0.0
558,10.981,ok,31.340,2239.504,0.0,37.8,0.0
559,10.844,ok,31.340,2239.504,0.0,37.8,0.0
560,10.778,ok,31.340,2239.504,0.0,37.8,0.0
561,10.770,ok,31.340,2239.504,0.0,37.8,0.0
562,10.865,ok,31.340,2239.504,0.0,37.8,0.0
563,10.924,ok,31.340,2239.504,0.0,37.8,0.0
564,10.881,ok,31.340,2239.504,0.0,37.8,0.0
565,10.806,ok,31.340,2239.504,0.0,37.8,0.0
566,11.022,ok,31.340,2239.504,0.0,37.8,0.0
567,10.821,ok,31.340,2239.504,5.0,37.8,0.0
568,10.902,ok,31.340,2239.504,5.0,37.8,0.0
569,10.857,ok,31.340,2239.504,5.0,37.8,0.0
570,10.680,ok,31.340,2239.504,5.0,37.8,0.0
571,10.815,ok,31.340,2239.504,5.0,37.8,0.0
572,10.782,ok,31.340,2239.504,5.0,37.8,0.0
573,10.968,ok,31.340,2239.504,5.0,37.8,0.0
574,10.951,ok,31.340,2239.504,5.0,37.8,0.0
575,11.098,ok,31.340,2239.504,5.0,37.8,0.0
576,11.237,ok,31.340,2239.504,5.0,37.8,0.0
577,10.863,ok,31.340,2239.504,5.0,37.8,0.0
578,10.716,ok,31.340,2239.504,5.0,37.8,0.0
579,10.891,ok,31.340,2239.504,5.0,37.8,0.0
580,10.726,ok,31.340,2239.504,5.0,37.8,0.0
581,10.842,ok,31.340,2239.504,5.0,37.8,0.0
582,10.806,ok,31.340,2239.504,5.0,37.8,0.0
583,10.825,ok,31.340,2239.504,5.0,37.8,0.0
584,11.172,ok,31.340,2239.504,5.0,37.8,0.0
585,11.028,ok,31.340,2239.504,0.0,37.8,0.0
586,10.842,ok,31.340,2239.504,0.0,37.8,0.0
587,10.760,ok,31.340,2239.504,0.0,37.8,0.0
588,10.696,ok,31.340,2239.504,0.0,37.8,0.0
589,10.726,ok,31.340,2239.504,0.0,37.8,0.0
590,10.980,ok,31.340,2239.504,0.0,37.8,0.0
591,11.185,ok,31.340,2239.504,0.0,37.8,0.0
592,11.058,ok,31.340,2239.504,0.0,37.8,0.0
593,11.090,ok,31.340,2239.504,0.0,37.8,0.0
594,10.962,ok,31.340,2239.504,0.0,37.8,0.0
595,11.054,ok,31.340,2239.504,0.0,37.8,0.0
596,10.931,ok,31.340,2239.504,0.0,37.8,0.0
597,11.018,ok,31.340,2239.504,0.0,37.8,0.0
598,10.912,ok,31.340,2239.504,0.0,37.8,0.0
599,10.815,ok,31.340,2239.504,0.0,37.8,0.0
600,10.708,ok,31.340,2239.504,0.0,37.8,0.0
601,10.894,ok,31.340,2239.504,0.0,37.8,0.0
602,10.775,ok,31.340,2239.504,0.0,37.8,0.0
603,10.977,ok,31.344,2239.504,0.0,37.8,0.0
604,11.030,ok,31.344,2239.504,0.0,37.8,0.0
605,11.076,ok,31.344,2239.504,0.0,37.8,0.0
606,10.703,ok,31.344,2239.504,0.0,37.8,0.0
607,10.719,ok,31.344,2239.504,0.0,37.8,0.0
608,10.545,ok,31.344,2239.504,0.0,37.8,0.0
609,10.633,ok,31.344,2239.504,0.0,37.8,0.0
610,10.763,ok,31.344,2239.504,0.0,37.8,0.0
611,10.372,ok,31.344,2239.504,0.0,37.8,0.0
612,10.658,ok,31.344,2239.504,0.0,37.8,0.0
613,10.776,ok,31.344,2239.504,0.0,37.8,0.0
614,10.705,ok,31.344,2239.504,0.0,37.8,0.0
615,10.619,ok,31.344,2239.504,0.0,37.8,0.0
616,10.733,ok,31.344,2239.504,0.0,37.8,0.0
617,10.537,ok,31.344,2239.504,0.0,37.8,0.0
618,10.756,ok,31.344,2239.504,0.0,37.8,0.0
619,10.759,ok,31.344,2239.504,0.0,37.8,0.0
620,10.597,ok,31.344,2239.504,0.0,37.8,0.0
621,10.779,ok,31.344,2239.504,0.0,37.8,0.0
622,10.710,ok,31.344,2239.504,5.0,37.8,0.0
623,10.611,ok,31.344,2239.504,5.0,37.8,0.0
624,10.481,ok,31.344,2239.504,5.0,37.8,0.0
625,10.463,ok,31.344,2239.504,5.0,37.8,0.0
626,10.580,ok,31.344,2239.504,5.0,37.8,0.0
627,10.493,ok,31.344,2239.504,5.0,37.8,0.0
628,10.471,ok,31.344,2239.504,5.0,37.8,0.0
629,10.545,ok,31.344,2239.504,5.0,37.8,0.0
630,10.455,ok,31.344,2239.504,5.0,37.8,0.0
631,10.520,ok,31.344,2239.504,5.0,37.8,0.0
632,10.448,ok,31.344,2239.504,5.0,37.8,0.0
633,10.660,ok,31.344,2239.504,5.0,37.8,0.0
634,10.495,ok,31.344,2239.504,5.0,37.8,0.0
635,10.710,ok,31.344,2239.504,5.0,37.8,0.0
636,10.411,ok,31.344,2239.504,5.0,37.8,0.0
637,10.715,ok,31.344,2239.504,5.0,37.8,0.0
638,10.980,ok,31.344,2239.504,5.0,37.8,0.0
639,11.133,ok,31.344,2239.504,5.0,37.8,0.0
640,10.922,ok,31.344,2239.504,5.0,37.8,0.0
641,11.241,ok,31.344,2239.504,5.0,37.8,0.0
642,10.795,ok,31.344,2239.504,5.0,37.8,0.0
643,10.922,ok,31.344,2239.504,5.0,37.8,0.0
644,10.887,ok,31.344,2239.504,5.0,37.8,0.0
645,10.709,ok,31.344,2239.504,5.0,37.8,0.0
646,11.111,ok,31.344,2239.504,5.0,37.8,0.0
647,10.670,ok,31.344,2239.504,5.0,37.8,0.0
648,10.910,ok,31.344,2239.504,5.0,37.8,0.0
649,11.072,ok,31.344,2239.504,5.0,37.8,0.0
650,11.106,ok,31.344,2239.504,5.0,37.8,0.0
651,10.995,ok,31.344,2239.504,5.0,37.8,0.0
652,11.092,ok,31.344,2239.504,5.0,37.8,0.0
653,10.860,ok,31.344,2239.504,5.0,37.8,0.0
654,10.724,ok,31.344,2239.504,5.0,37.8,0.0
655,10.693,ok,31.344,2239.504,5.0,37.8,0.0
656,11.094,ok,31.344,2239.504,5.0,37.8,0.0
657,10.962,ok,31.344,2239.504,5.0,37.8,0.0
658,11.023,ok,31.344,2239.504,5.0,37.8,0.0
659,10.711,ok,31.344,2239.504,0.0,37.8,0.0
660,10.798,ok,31.344,2239.504,0.0,37.8,0.0
661,11.223,ok,31.344,2239.504,0.0,37.8,0.0
662,11.004,ok,31.344,2239.504,0.0,37.8,0.0
663,11.243,ok,31.344,2239.504,0.0,37.8,0.0
664,11.096,ok,31.344,2239.504,0.0,37.8,0.0
665,11.006,ok,31.344,2239.504,0.0,37.8,0.0
666,11.013,ok,31.344,2239.504,0.0,37.8,0.0
667,11.282,ok,31.344,2239.504,0.0,37.8,0.0
668,10.975,ok,31.344,2239.504,0.0,37.8,0.0
669,11.263,ok,31.344,2239.504,0.0,37.8,0.0
670,11.152,ok,31.344,2239.504,0.0,37.8,0.0
671,10.970,ok,31.344,2239.504,0.0,37.8,0.0
672,11.103,ok,31.344,2239.504,0.0,37.8,0.0
673,10.964,ok,31.344,2239.504,0.0,37.8,0.0
674,10.798,ok,31.344,2239.504,0.0,37.8,0.0
675,10.602,ok,31.344,2239.504,0.0,37.8,0.0
676,10.905,ok,31.344,2239.504,0.0,37.8,0.0
677,10.719,ok,31.344,2239.504,0.0,37.8,0.0
678,10.733,ok,31.344,2239.504,0.0,37.8,0.0
679,10.536,ok,31.344,2239.504,0.0,37.8,0.0
680,10.715,ok,31.344,2239.504,0.0,37.8,0.0
681,10.646,ok,31.344,2239.504,0.0,37.8,0.0
682,10.587,ok,31.344,2239.504,0.0,37.8,0.0
683,10.675,ok,31.344,2239.504,0.0,37.8,0.0
684,10.640,ok,31.344,2239.504,0.0,37.8,0.0
685,10.639,ok,31.344,2239.504,0.0,37.8,0.0
686,10.664,ok,31.344,2239.504,0.0,37.8,0.0
687,10.664,ok,31.344,2239.504,0.0,37.8,0.0
688,10.643,ok,31.344,2239.504,0.0,37.8,0.0
689,10.691,ok,31.344,2239.504,0.0,37.8,0.0
690,10.437,ok,31.344,2239.504,0.0,37.8,0.0
691,10.894,ok,31.344,2239.504,0.0,37.8,0.0
692,11.138,ok,31.344,2239.504,0.0,37.8,0.0
693,11.223,ok,31.344,2239.504,0.0,37.8,0.0
694,11.520,ok,31.344,2239.504,0.0,37.8,0.0
695,11.375,ok,31.344,2239.504,0.0,37.8,0.0
696,10.986,ok,31.344,2239.504,5.0,37.8,0.0
697,11.231,ok,31.344,2239.504,5.0,37.8,0.0
698,10.936,ok,31.344,2239.504,5.0,37.8,0.0
699,11.146,ok,31.344,2239.504,5.0,37.8,0.0
700,11.219,ok,31.344,2239.504,5.0,37.8,0.0
701,11.329,ok,31.344,2239.504,5.0,37.8,0.0
702,11.071,ok,31.344,2239.504,5.0,37.8,0.0
703,11.152,ok,31.344,2239.504,5.0,37.8,0.0
704,11.161,ok,31.344,2239.504,5.0,37.8,0.0
705,11.058,ok,31.344,2239.504,5.0,37.8,0.0
706,11.326,ok,31.344,2239.504,5.0,37.8,0.0
707,11.558,ok,31.344,2239.504,5.0,37.8,0.0
708,11.420,ok,31.344,2239.504,5.0,37.8,0.0
709,11.104,ok,31.344,2239.504,5.0,37.8,0.0
710,11.121,ok,31.344,2239.504,5.0,37.8,0.0
711,11.224,ok,31.344,2239.504,5.0,37.8,0.0
712,11.190,ok,31.344,2239.504,5.0,37.8,0.0
713,11.275,ok,31.344,2239.504,5.0,37.8,0.0
714,11.028,ok,31.344,2239.504,0.0,37.8,0.0
715,11.118,ok,31.344,2239.504,0.0,37.8,0.0
716,11.177,ok,31.344,2239.504,0.0,37.8,0.0
717,10.425,ok,31.344,2239.504,0.0,37.8,0.0
718,10.605,ok,31.344,2239.504,0.0,37.8,0.0
719,10.430,ok,31.344,2239.504,0.0,37.8,0.0
720,10.350,ok,31.344,2239.504,0.0,37.8,0.0
721,10.646,ok,31.344,2239.504,0.0,37.8,0.0
722,10.350,ok,31.344,2239.504,0.0,37.8,0.0
723,10.485,ok,31.344,2239.504,0.0,37.8,0.0
724,10.392,ok,31.344,2239.504,0.0,37.8,0.0
725,10.360,ok,31.344,2239.504,0.0,37.8,0.0
726,10.555,ok,31.344,2239.504,0.0,37.8,0.0
727,10.583,ok,31.344,2239.504,0.0,37.8,0.0
728,10.478,ok,31.344,2239.504,0.0,37.8,0.0
729,10.470,ok,31.344,2239.504,0.0,37.8,0.0
730,10.557,ok,31.344,2239.504,0.0,37.8,0.0
731,10.527,ok,31.344,2239.504,0.0,37.8,0.0
732,10.574,ok,31.344,2239.504,0.0,37.8,0.0
733,10.647,ok,31.344,2239.504,0.0,37.8,0.0
734,10.658,ok,31.344,2239.504,0.0,37.8,0.0
735,10.623,ok,31.344,2239.504,0.0,37.8,0.0
736,10.580,ok,31.344,2239.504,0.0,37.8,0.0
737,10.658,ok,31.344,2239.504,0.0,37.8,0.0
738,10.718,ok,31.344,2239.504,0.0,37.8,0.0
739,10.578,ok,31.344,2239.504,0.0,37.8,0.0
740,10.687,ok,31.344,2239.504,0.0,37.8,0.0
741,10.717,ok,31.344,2239.504,0.0,37.8,0.0
742,10.659,ok,31.344,2239.504,0.0,37.8,0.0
743,10.664,ok,31.344,2239.504,0.0,37.8,0.0
744,10.766,ok,31.344,2239.504,0.0,37.8,0.0
745,10.463,ok,31.344,2239.504,0.0,37.8,0.0
746,10.466,ok,31.344,2239.504,0.0,37.8,0.0
747,10.414,ok,31.344,2239.504,0.0,37.8,0.0
748,10.554,ok,31.344,2239.504,0.0,37.8,0.0
749,10.400,ok,31.344,2239.504,0.0,37.8,0.0
750,10.587,ok,31.344,2239.504,0.0,37.8,0.0
751,10.666,ok,31.344,2239.504,0.0,37.8,0.0
752,10.574,ok,31.344,2239.504,0.0,37.8,0.0
753,10.558,ok,31.344,2239.504,0.0,37.8,0.0
754,10.496,ok,31.344,2239.504,0.0,37.8,0.0
755,10.495,ok,31.344,2239.504,0.0,37.8,0.0
756,10.495,ok,31.344,2239.504,0.0,37.8,0.0
757,10.561,ok,31.344,2239.504,0.0,37.8,0.0
758,10.379,ok,31.344,2239.504,0.0,37.8,0.0
759,10.522,ok,31.344,2239.504,0.0,37.8,0.0
760,10.472,ok,31.344,2239.504,0.0,37.8,0.0
761,10.524,ok,31.344,2239.504,0.0,37.8,0.0
762,10.665,ok,31.344,2239.504,0.0,37.8,0.0
763,10.799,ok,31.344,2239.504,0.0,37.8,0.0
764,10.937,ok,31.344,2239.504,0.0,37.8,0.0
765,10.850,ok,31.344,2239.504,0.0,37.8,0.0
766,11.047,ok,31.344,2239.504,0.0,37.8,0.0
767,10.844,ok,31.344,2239.504,0.0,37.8,0.0
768,10.788,ok,31.344,2239.504,0.0,37.8,0.0
769,10.906,ok,31.344,2239.504,0.0,37.8,0.0
770,10.714,ok,31.344,2239.504,0.0,37.8,0.0
771,10.702,ok,31.344,2239.504,0.0,37.8,0.0
772,10.517,ok,31.344,2239.504,0.0,37.8,0.0
773,10.700,ok,31.344,2239.504,0.0,37.8,0.0
774,10.772,ok,31.344,2239.504,0.0,37.8,0.0
775,10.862,ok,31.344,2239.504,0.0,37.8,0.0
776,11.062,ok,31.344,2239.504,0.0,37.8,0.0
777,11.307,ok,31.344,2239.504,0.0,37.8,0.0
778,10.759,ok,31.344,2239.504,0.0,37.8,0.0
779,11.063,ok,31.344,2239.504,0.0,37.8,0.0
780,11.053,ok,31.344,2239.504,0.0,37.8,0.0
781,10.926,ok,31.344,2239.504,0.0,37.8,0.0
782,11.038,ok,31.344,2239.504,0.0,37.8,0.0
783,11.110,ok,31.344,2239.504,0.0,37.8,0.0
784,10.965,ok,31.344,2239.504,0.0,37.8,0.0
785,10.989,ok,31.344,2239.504,0.0,37.8,0.0
786,10.994,ok,31.344,2239.504,0.0,37.8,0.0
787,11.089,ok,31.344,2239.504,0.0,37.8,0.0
788,10.988,ok,31.344,2239.504,0.0,37.8,0.0
789,10.992,ok,31.344,2239.504,10.1,37.8,0.0
790,11.305,ok,31.344,2239.504,10.1,37.8,0.0
791,10.956,ok,31.344,2239.504,10.1,37.8,0.0
792,10.967,ok,31.344,2239.504,10.1,37.8,0.0
793,10.939,ok,31.344,2239.504,10.1,37.8,0.0
794,10.753,ok,31.344,2239.504,10.1,37.8,0.0
795,10.758,ok,31.344,2239.504,10.1,37.8,0.0
796,10.600,ok,31.344,2239.504,10.1,37.8,0.0
797,10.578,ok,31.344,2239.504,10.1,37.8,0.0
798,10.807,ok,31.344,2239.504,10.1,37.8,0.0
799,10.846,ok,31.344,2239.504,10.1,37.8,0.0
800,10.780,ok,31.344,2239.504,10.1,37.8,0.0
801,10.870,ok,31.344,2239.504,10.1,37.8,0.0
802,10.883,ok,31.344,2239.504,10.1,37.8,0.0
803,10.797,ok,31.344,2239.504,10.1,37.8,0.0
804,10.947,ok,31.344,2239.504,10.1,37.8,0.0
805,11.171,ok,31.344,2239.504,10.1,37.8,0.0
806,10.944,ok,31.344,2239.504,10.1,37.8,0.0
807,11.151,ok,31.344,2239.504,0.0,37.8,0.0
808,10.791,ok,31.344,2239.504,0.0,37.8,0.0
809,10.986,ok,31.344,2239.504,0.0,37.8,0.0
810,11.098,ok,31.344,2239.504,0.0,37.8,0.0
811,11.081,ok,31.344,2239.504,0.0,37.8,0.0
812,11.109,ok,31.344,2239.504,0.0,37.8,0.0
813,11.062,ok,31.344,2239.504,0.0,37.8,0.0
814,10.497,ok,31.344,2239.504,0.0,37.8,0.0
815,10.435,ok,31.344,2239.504,0.0,37.8,0.0
816,10.512,ok,31.344,2239.504,0.0,37.8,0.0
817,10.349,ok,31.344,2239.504,0.0,37.8,0.0
818,10.654,ok,31.344,2239.504,0.0,37.8,0.0
819,10.464,ok,31.344,2239.504,0.0,37.8,0.0
820,10.557,ok,31.344,2239.504,0.0,37.8,0.0
821,10.462,ok,31.344,2239.504,0.0,37.8,0.0
822,10.452,ok,31.344,2239.504,0.0,37.8,0.0
823,10.459,ok,31.344,2239.504,0.0,37.8,0.0
824,10.633,ok,31.344,2239.504,0.0,37.8,0.0
825,10.728,ok,31.344,2239.504,0.0,37.8,0.0
826,10.734,ok,31.344,2239.504,0.0,37.8,0.0
827,10.670,ok,31.344,2239.504,0.0,37.8,0.0
828,10.713,ok,31.344,2239.504,0.0,37.8,0.0
829,10.831,ok,31.344,2239.504,0.0,37.8,0.0
830,10.950,ok,31.344,2239.504,0.0,37.8,0.0
831,10.888,ok,31.344,2239.504,0.0,37.8,0.0
832,11.163,ok,31.344,2239.504,0.0,37.8,0.0
833,10.802,ok,31.344,2239.504,0.0,37.8,0.0
834,11.172,ok,31.344,2239.504,0.0,37.8,0.0
835,11.278,ok,31.344,2239.504,0.0,37.8,0.0
836,11.117,ok,31.344,2239.504,0.0,37.8,0.0
837,11.516,ok,31.344,2239.504,0.0,37.8,0.0
838,11.307,ok,31.344,2239.504,0.0,37.8,0.0
839,11.356,ok,31.344,2239.504,0.0,37.8,0.0
840,11.489,ok,31.344,2239.504,0.0,37.8,0.0
841,11.594,ok,31.344,2239.504,0.0,37.8,0.0
842,11.366,ok,31.344,2239.504,0.0,37.8,0.0
843,11.346,ok,31.344,2239.504,0.0,37.8,0.0
844,11.138,ok,31.344,2239.504,0.0,37.8,0.0
845,11.160,ok,31.344,2239.504,0.0,37.8,0.0
846,11.065,ok,31.344,2239.504,0.0,37.8,0.0
847,11.313,ok,31.344,2239.504,0.0,37.8,0.0
848,11.161,ok,31.344,2239.504,0.0,37.8,0.0
849,11.185,ok,31.344,2239.504,0.0,37.8,0.0
850,11.052,ok,31.344,2239.504,0.0,37.8,0.0
851,11.125,ok,31.344,2239.504,0.0,37.8,0.0
852,10.965,ok,31.344,2239.504,0.0,37.8,0.0
853,11.023,ok,31.344,2239.504,0.0,37.8,0.0
854,10.910,ok,31.344,2239.504,0.0,37.8,0.0
855,11.247,ok,31.344,2239.504,0.0,37.8,0.0
856,11.046,ok,31.344,2239.504,0.0,37.8,0.0
857,11.183,ok,31.344,2239.504,0.0,37.8,0.0
858,11.329,ok,31.344,2239.504,0.0,37.8,0.0
859,11.137,ok,31.344,2239.504,0.0,37.8,0.0
860,10.975,ok,31.344,2239.504,0.0,37.8,0.0
861,10.992,ok,31.344,2239.504,0.0,37.8,0.0
862,10.993,ok,31.344,2239.504,0.0,37.8,0.0
863,10.923,ok,31.344,2239.504,0.0,37.8,0.0
864,11.011,ok,31.344,2239.504,0.0,37.8,0.0
865,10.993,ok,31.344,2239.504,0.0,37.8,0.0
866,11.013,ok,31.344,2239.504,0.0,37.8,0.0
867,11.026,ok,31.344,2239.504,0.0,37.8,0.0
868,10.948,ok,31.344,2239.504,0.0,37.8,0.0
869,11.119,ok,31.344,2239.504,0.0,37.8,0.0
870,11.092,ok,31.344,2239.504,0.0,37.8,0.0
871,11.240,ok,31.344,2239.504,0.0,37.8,0.0
872,11.382,ok,31.344,2239.504,0.0,37.8,0.0
873,11.017,ok,31.344,2239.504,0.0,37.8,0.0
874,10.963,ok,31.344,2239.504,0.0,37.8,0.0
875,10.906,ok,31.344,2239.504,0.0,37.8,0.0
876,11.162,ok,31.344,2239.504,0.0,37.8,0.0
877,11.101,ok,31.344,2239.504,0.0,37.8,0.0
878,11.134,ok,31.344,2239.504,0.0,37.8,0.0
879,11.358,ok,31.344,2239.504,0.0,37.8,0.0
880,11.267,ok,31.344,2239.504,0.0,37.8,0.0
881,11.200,ok,31.344,2239.504,0.0,37.8,0.0
882,10.974,ok,31.344,2239.504,0.0,37.8,0.0
883,11.049,ok,31.344,2239.504,0.0,37.8,0.0
884,11.249,ok,31.344,2239.504,0.0,37.8,0.0
885,11.191,ok,31.344,2239.504,0.0,37.8,0.0
886,11.259,ok,31.344,2239.504,0.0,37.8,0.0
887,11.245,ok,31.344,2239.504,0.0,37.8,0.0
888,11.282,ok,31.344,2239.504,0.0,37.8,0.0
889,11.382,ok,31.344,2239.504,0.0,37.8,0.0
890,11.167,ok,31.344,2239.504,0.0,37.8,0.0
891,11.233,ok,31.344,2239.504,0.0,37.8,0.0
892,11.092,ok,31.344,2239.504,0.0,37.8,0.0
893,11.206,ok,31.344,2239.504,0.0,37.8,0.0
894,11.079,ok,31.344,2239.504,0.0,37.8,0.0
895,11.031,ok,31.344,2239.504,0.0,37.8,0.0
896,11.057,ok,31.344,2239.504,0.0,37.8,0.0
897,10.838,ok,31.344,2239.504,0.0,37.8,0.0
898,11.076,ok,31.344,2239.504,10.1,37.8,0.0
899,10.932,ok,31.344,2239.504,10.1,37.8,0.0
900,11.091,ok,31.344,2239.504,10.1,37.8,0.0
901,10.919,ok,31.344,2239.504,10.1,37.8,0.0
902,11.082,ok,31.344,2239.504,10.1,37.8,0.0
903,11.096,ok,31.344,2239.504,10.1,37.8,0.0
904,11.077,ok,31.344,2239.504,10.1,37.8,0.0
905,11.094,ok,31.344,2239.504,10.1,37.8,0.0
906,11.111,ok,31.344,2239.504,10.1,37.8,0.0
907,10.692,ok,31.344,2239.504,10.1,37.8,0.0
908,10.392,ok,31.344,2239.504,10.1,37.8,0.0
909,10.362,ok,31.344,2239.504,10.1,37.8,0.0
910,10.343,ok,31.344,2239.504,10.1,37.8,0.0
911,10.405,ok,31.344,2239.504,10.1,37.8,0.0
912,10.587,ok,31.344,2239.504,10.1,37.8,0.0
913,10.168,ok,31.344,2239.504,10.1,37.8,0.0
914,10.188,ok,31.344,2239.504,10.1,37.8,0.0
915,10.565,ok,31.344,2239.504,10.1,37.8,0.0
916,10.342,ok,31.348,2239.504,0.0,37.8,0.0
917,10.638,ok,31.348,2239.504,0.0,37.8,0.0
918,10.632,ok,31.348,2239.504,0.0,37.8,0.0
919,10.798,ok,31.348,2239.504,0.0,37.8,0.0
920,10.875,ok,31.348,2239.504,0.0,37.8,0.0
921,10.924,ok,31.348,2239.504,0.0,37.8,0.0
922,10.852,ok,31.348,2239.504,0.0,37.8,0.0
923,10.872,ok,31.348,2239.504,0.0,37.8,0.0
924,10.826,ok,31.348,2239.504,0.0,37.8,0.0
925,10.762,ok,31.348,2239.504,0.0,37.8,0.0
926,10.815,ok,31.348,2239.504,0.0,37.8,0.0
927,10.907,ok,31.348,2239.504,0.0,37.8,0.0
928,10.930,ok,31.348,2239.504,0.0,37.8,0.0
929,11.005,ok,31.348,2239.504,0.0,37.8,0.0
930,10.888,ok,31.348,2239.504,0.0,37.8,0.0
931,11.002,ok,31.348,2239.504,0.0,37.8,0.0
932,11.130,ok,31.348,2239.504,0.0,37.8,0.0
933,11.032,ok,31.348,2239.504,0.0,37.8,0.0
934,11.173,ok,31.348,2239.504,0.0,37.8,0.0
935,10.949,ok,31.348,2239.504,0.0,37.8,0.0
936,10.832,ok,31.348,2239.504,0.0,37.8,0.0
937,10.957,ok,31.348,2239.504,0.0,37.8,0.0
938,11.066,ok,31.348,2239.504,0.0,37.8,0.0
939,10.983,ok,31.348,2239.504,0.0,37.8,0.0
940,10.843,ok,31.348,2239.504,0.0,37.8,0.0
941,11.127,ok,31.348,2239.504,0.0,37.8,0.0
942,10.871,ok,31.348,2239.504,0.0,37.8,0.0
943,11.077,ok,31.348,2239.504,0.0,37.8,0.0
944,10.874,ok,31.348,2239.504,0.0,37.8,0.0
945,10.993,ok,31.348,2239.504,0.0,37.8,0.0
946,10.994,ok,31.348,2239.504,0.0,37.8,0.0
947,11.184,ok,31.348,2239.504,0.0,37.8,0.0
948,11.031,ok,31.348,2239.504,0.0,37.8,0.0
949,11.110,ok,31.348,2239.504,0.0,37.8,0.0
950,11.050,ok,31.348,2239.504,0.0,37.8,0.0
951,11.107,ok,31.348,2239.504,0.0,37.8,0.0
952,11.008,ok,31.348,2239.504,0.0,37.8,0.0
953,10.878,ok,31.352,2239.504,5.0,37.8,0.0
954,10.705,ok,31.352,2239.504,5.0,37.8,0.0
955,10.936,ok,31.352,2239.504,5.0,37.8,0.0
956,10.927,ok,31.352,2239.504,5.0,37.8,0.0
957,11.066,ok,31.352,2239.504,5.0,37.8,0.0
958,10.777,ok,31.352,2239.504,5.0,37.8,0.0
959,10.281,ok,31.352,2239.504,5.0,37.8,0.0
960,10.681,ok,31.352,2239.504,5.0,37.8,0.0
961,10.704,ok,31.352,2239.504,5.0,37.8,0.0
962,10.702,ok,31.352,2239.504,5.0,37.8,0.0
963,10.786,ok,31.352,2239.504,5.0,37.8,0.0
964,10.738,ok,31.352,2239.504,5.0,37.8,0.0
965,10.792,ok,31.352,2239.504,5.0,37.8,0.0
966,10.744,ok,31.352,2239.504,5.0,37.8,0.0
967,11.193,ok,31.352,2239.504,5.0,37.8,0.0
968,11.005,ok,31.352,2239.504,5.0,37.8,0.0
969,11.128,ok,31.352,2239.504,5.0,37.8,0.0
970,11.296,ok,31.352,2239.504,5.0,37.8,0.0
971,11.021,ok,31.352,2239.504,0.0,37.8,0.0
972,10.714,ok,31.352,2239.504,0.0,37.8,0.0
973,11.111,ok,31.352,2239.504,0.0,37.8,0.0
974,10.591,ok,31.352,2239.504,0.0,37.8,0.0
975,10.758,ok,31.352,2239.504,0.0,37.8,0.0
976,10.724,ok,31.352,2239.504,0.0,37.8,0.0
977,10.823,ok,31.352,2239.504,0.0,37.8,0.0
978,10.560,ok,31.352,2239.504,0.0,37.8,0.0
979,10.812,ok,31.352,2239.504,0.0,37.8,0.0
980,10.718,ok,31.352,2239.504,0.0,37.8,0.0
981,10.677,ok,31.352,2239.504,0.0,37.8,0.0
982,10.867,ok,31.352,2239.504,0.0,37.8,0.0
983,10.637,ok,31.352,2239.504,0.0,37.8,0.0
984,10.662,ok,31.352,2239.504,0.0,37.8,0.0
985,10.593,ok,31.352,2239.504,0.0,37.8,0.0
986,10.737,ok,31.352,2239.504,0.0,37.8,0.0
987,10.788,ok,31.352,2239.504,0.0,37.8,0.0
988,10.873,ok,31.352,2239.504,0.0,37.8,0.0
989,11.113,ok,31.352,2239.504,0.0,37.8,0.0
990,11.116,ok,31.352,2239.504,0.0,37.8,0.0
991,11.307,ok,31.352,2239.504,0.0,37.8,0.0
992,11.094,ok,31.352,2239.504,0.0,37.8,0.0
993,11.035,ok,31.352,2239.504,0.0,37.8,0.0
994,11.104,ok,31.352,2239.504,0.0,37.8,0.0
995,11.196,ok,31.352,2239.504,0.0,37.8,0.0
996,10.763,ok,31.352,2239.504,0.0,37.8,0.0
997,10.840,ok,31.352,2239.504,0.0,37.8,0.0
998,10.798,ok,31.352,2239.504,0.0,37.8,0.0
999,10.637,ok,31.352,2239.504,0.0,37.8,0.0
1000,10.605,ok,31.352,2239.504,0.0,37.8,0.0
1001,10.777,ok,31.352,2239.504,0.0,37.8,0.0
1002,10.623,ok,31.352,2239.504,0.0,37.8,0.0
1003,10.443,ok,31.352,2239.504,0.0,37.8,0.0
1004,10.442,ok,31.352,2239.504,0.0,37.8,0.0
1005,10.382,ok,31.352,2239.504,0.0,37.8,0.0
1006,10.581,ok,31.352,2239.504,0.0,37.8,0.0
1007,10.450,ok,31.352,2239.504,0.0,37.8,0.0
1008,10.537,ok,31.352,2239.504,0.0,37.8,0.0
1009,10.444,ok,31.352,2239.504,5.0,37.8,0.0
1010,10.399,ok,31.352,2239.504,5.0,37.8,0.0
1011,10.601,ok,31.352,2239.504,5.0,37.8,0.0
1012,10.388,ok,31.352,2239.504,5.0,37.8,0.0
1013,10.579,ok,31.352,2239.504,5.0,37.8,0.0
1014,10.554,ok,31.352,2239.504,5.0,37.8,0.0
1015,10.631,ok,31.352,2239.504,5.0,37.8,0.0
1016,10.754,ok,31.352,2239.504,5.0,37.8,0.0
1017,10.507,ok,31.352,2239.504,5.0,37.8,0.0
1018,10.607,ok,31.352,2239.504,5.0,37.8,0.0
1019,10.641,ok,31.352,2239.504,5.0,37.8,0.0
1020,10.571,ok,31.352,2239.504,5.0,37.8,0.0
1021,10.697,ok,31.352,2239.504,5.0,37.8,0.0
1022,10.553,ok,31.352,2239.504,5.0,37.8,0.0
1023,10.590,ok,31.352,2239.504,5.0,37.8,0.0
1024,10.585,ok,31.352,2239.504,5.0,37.8,0.0
1025,10.459,ok,31.352,2239.504,5.0,37.8,0.0
1026,10.486,ok,31.352,2239.504,5.0,37.8,0.0
1027,10.580,ok,31.352,2239.504,0.0,37.8,0.0
1028,10.525,ok,31.352,2239.504,0.0,37.8,0.0
1029,10.652,ok,31.352,2239.504,0.0,37.8,0.0
1030,10.669,ok,31.352,2239.504,0.0,37.8,0.0
1031,10.629,ok,31.352,2239.504,0.0,37.8,0.0
1032,10.558,ok,31.352,2239.504,0.0,37.8,0.0
1033,10.703,ok,31.352,2239.504,0.0,37.8,0.0
1034,10.430,ok,31.352,2239.504,0.0,37.8,0.0
1035,10.695,ok,31.352,2239.504,0.0,37.8,0.0
1036,10.621,ok,31.352,2239.504,0.0,37.8,0.0
1037,10.654,ok,31.352,2239.504,0.0,37.8,0.0
1038,10.721,ok,31.352,2239.504,0.0,37.8,0.0
1039,10.789,ok,31.352,2239.504,0.0,37.8,0.0
1040,10.561,ok,31.352,2239.504,0.0,37.8,0.0
1041,10.735,ok,31.352,2239.504,0.0,37.8,0.0
1042,10.876,ok,31.352,2239.504,0.0,37.8,0.0
1043,10.825,ok,31.352,2239.504,0.0,37.8,0.0
1044,10.897,ok,31.352,2239.504,0.0,37.8,0.0
1045,10.478,ok,31.352,2239.504,0.0,37.8,0.0
1046,10.747,ok,31.352,2239.504,0.0,37.8,0.0
1047,10.486,ok,31.352,2239.504,0.0,37.8,0.0
1048,10.535,ok,31.352,2239.504,0.0,37.8,0.0
1049,10.383,ok,31.352,2239.504,0.0,37.8,0.0
1050,10.562,ok,31.352,2239.504,0.0,37.8,0.0
1051,10.423,ok,31.352,2239.504,0.0,37.8,0.0
1052,10.518,ok,31.352,2239.504,0.0,37.8,0.0
1053,10.286,ok,31.352,2239.504,0.0,37.8,0.0
1054,10.576,ok,31.352,2239.504,0.0,37.8,0.0
1055,10.415,ok,31.352,2239.504,0.0,37.8,0.0
1056,10.757,ok,31.352,2239.504,0.0,37.8,0.0
1057,10.871,ok,31.352,2239.504,0.0,37.8,0.0
1058,10.750,ok,31.352,2239.504,0.0,37.8,0.0
1059,10.837,ok,31.352,2239.504,0.0,37.8,0.0
1060,10.653,ok,31.352,2239.504,0.0,37.8,0.0
1061,10.764,ok,31.352,2239.504,0.0,37.8,0.0
1062,10.631,ok,31.352,2239.504,0.0,37.8,0.0
1063,10.615,ok,31.352,2239.504,0.0,37.8,0.0
1064,10.750,ok,31.352,2239.504,0.0,37.8,0.0
1065,10.682,ok,31.352,2239.504,0.0,37.8,0.0
1066,10.466,ok,31.352,2239.504,0.0,37.8,0.0
1067,10.629,ok,31.352,2239.504,0.0,37.8,0.0
1068,10.675,ok,31.352,2239.504,0.0,37.8,0.0
1069,10.603,ok,31.352,2239.504,0.0,37.8,0.0
1070,10.756,ok,31.352,2239.504,0.0,37.8,0.0
1071,10.546,ok,31.352,2239.504,0.0,37.8,0.0
1072,10.661,ok,31.352,2239.504,0.0,37.8,0.0
1073,10.670,ok,31.352,2239.504,0.0,37.8,0.0
1074,10.572,ok,31.352,2239.504,0.0,37.8,0.0
1075,10.815,ok,31.352,2239.504,0.0,37.8,0.0
1076,10.830,ok,31.352,2239.504,0.0,37.8,0.0
1077,10.727,ok,31.352,2239.504,0.0,37.8,0.0
1078,10.679,ok,31.352,2239.504,0.0,37.8,0.0
1079,10.881,ok,31.352,2239.504,0.0,37.8,0.0
1080,10.660,ok,31.352,2239.504,0.0,37.8,0.0
1081,10.584,ok,31.352,2239.504,0.0,37.8,0.0
1082,10.536,ok,31.352,2239.504,0.0,37.8,0.0
1083,10.715,ok,31.352,2239.504,0.0,37.8,0.0
1084,10.652,ok,31.352,2239.504,5.0,37.8,0.0
1085,10.644,ok,31.352,2239.504,5.0,37.8,0.0
1086,10.580,ok,31.352,2239.504,5.0,37.8,0.0
1087,10.605,ok,31.352,2239.504,5.0,37.8,0.0
1088,10.661,ok,31.352,2239.504,5.0,37.8,0.0
1089,10.770,ok,31.352,2239.504,5.0,37.8,0.0
1090,10.604,ok,31.352,2239.504,5.0,37.8,0.0
1091,10.793,ok,31.352,2239.504,5.0,37.8,0.0
1092,10.567,ok,31.352,2239.504,5.0,37.8,0.0
1093,10.662,ok,31.352,2239.504,5.0,37.8,0.0
1094,10.602,ok,31.352,2239.504,5.0,37.8,0.0
1095,10.436,ok,31.352,2239.504,5.0,37.8,0.0
1096,10.417,ok,31.352,2239.504,5.0,37.8,0.0
1097,10.481,ok,31.352,2239.504,5.0,37.8,0.0
1098,10.443,ok,31.352,2239.504,5.0,37.8,0.0
1099,10.419,ok,31.352,2239.504,5.0,37.8,0.0
1100,10.432,ok,31.352,2239.504,5.0,37.8,0.0
1101,10.434,ok,31.352,2239.504,5.0,37.8,0.0
1102,10.348,ok,31.352,2239.504,5.0,37.8,0.0
1103,10.515,ok,31.352,2239.504,0.0,37.8,0.0
1104,10.468,ok,31.352,2239.504,0.0,37.8,0.0
1105,10.625,ok,31.352,2239.504,0.0,37.8,0.0
1106,10.133,ok,31.352,2239.504,0.0,37.8,0.0
1107,10.487,ok,31.352,2239.504,0.0,37.8,0.0
1108,10.484,ok,31.352,2239.504,0.0,37.8,0.0
1109,10.611,ok,31.352,2239.504,0.0,37.8,0.0
1110,10.600,ok,31.352,2239.504,0.0,37.8,0.0
1111,10.755,ok,31.352,2239.504,0.0,37.8,0.0
1112,10.688,ok,31.352,2239.504,0.0,37.8,0.0
1113,10.784,ok,31.352,2239.504,0.0,37.8,0.0
1114,10.731,ok,31.352,2239.504,0.0,37.8,0.0
1115,10.785,ok,31.352,2239.504,0.0,37.8,0.0
1116,10.778,ok,31.352,2239.504,0.0,37.8,0.0
1117,10.772,ok,31.352,2239.504,0.0,37.8,0.0
1118,10.663,ok,31.352,2239.504,0.0,37.8,0.0
1119,10.939,ok,31.352,2239.504,0.0,37.8,0.0
1120,11.109,ok,31.352,2239.504,0.0,37.8,0.0
1121,10.853,ok,31.352,2239.504,0.0,37.8,0.0
1122,10.943,ok,31.352,2239.504,5.0,37.8,0.0
1123,10.929,ok,31.352,2239.504,5.0,37.8,0.0
1124,10.854,ok,31.352,2239.504,5.0,37.8,0.0
1125,10.817,ok,31.352,2239.504,5.0,37.8,0.0
1126,11.171,ok,31.352,2239.504,5.0,37.8,0.0
1127,11.082,ok,31.352,2239.504,5.0,37.8,0.0
1128,11.180,ok,31.352,2239.504,5.0,37.8,0.0
1129,10.867,ok,31.352,2239.504,5.0,37.8,0.0
1130,11.159,ok,31.352,2239.504,5.0,37.8,0.0
1131,11.104,ok,31.352,2239.504,5.0,37.8,0.0
1132,10.941,ok,31.352,2239.504,5.0,37.8,0.0
1133,10.721,ok,31.352,2239.504,5.0,37.8,0.0
1134,10.804,ok,31.352,2239.504,5.0,37.8,0.0
1135,10.697,ok,31.352,2239.504,5.0,37.8,0.0
1136,10.877,ok,31.352,2239.504,5.0,37.8,0.0
1137,10.939,ok,31.352,2239.504,5.0,37.8,0.0
1138,11.461,ok,31.352,2239.504,5.0,37.8,0.0
1139,11.311,ok,31.352,2239.504,5.0,37.8,0.0
1140,11.104,ok,31.352,2239.504,0.0,37.8,0.0
1141,10.792,ok,31.352,2239.504,0.0,37.8,0.0
1142,10.911,ok,31.352,2239.504,0.0,37.8,0.0
1143,10.657,ok,31.352,2239.504,0.0,37.8,0.0
1144,11.066,ok,31.352,2239.504,0.0,37.8,0.0
1145,11.011,ok,31.352,2239.504,0.0,37.8,0.0
1146,10.764,ok,31.352,2239.504,0.0,37.8,0.0
1147,10.486,ok,31.352,2239.504,0.0,37.8,0.0
1148,10.802,ok,31.352,2239.504,0.0,37.8,0.0
1149,10.353,ok,31.352,2239.504,0.0,37.8,0.0
1150,10.540,ok,31.352,2239.504,0.0,37.8,0.0
1151,10.970,ok,31.352,2239.504,0.0,37.8,0.0
1152,10.806,ok,31.352,2239.504,0.0,37.8,0.0
1153,10.704,ok,31.352,2239.504,0.0,37.8,0.0
1154,10.944,ok,31.352,2239.504,0.0,37.8,0.0
1155,10.669,ok,31.352,2239.504,0.0,37.8,0.0
1156,10.614,ok,31.352,2239.504,0.0,37.8,0.0
1157,10.637,ok,31.352,2239.504,0.0,37.8,0.0
1158,10.734,ok,31.352,2239.504,0.0,37.8,0.0
1159,11.178,ok,31.352,2239.504,0.0,37.8,0.0
1160,11.198,ok,31.352,2239.504,0.0,37.8,0.0
1161,11.252,ok,31.352,2239.504,0.0,37.8,0.0
1162,11.289,ok,31.352,2239.504,0.0,37.8,0.0
1163,11.295,ok,31.352,2239.504,0.0,37.8,0.0
1164,11.119,ok,31.352,2239.504,0.0,37.8,0.0
1165,11.197,ok,31.352,2239.504,0.0,37.8,0.0
1166,10.857,ok,31.352,2239.504,0.0,37.8,0.0
1167,10.605,ok,31.352,2239.504,0.0,37.8,0.0
1168,10.774,ok,31.352,2239.504,0.0,37.8,0.0
1169,10.641,ok,31.352,2239.504,0.0,37.8,0.0
1170,10.838,ok,31.352,2239.504,0.0,37.8,0.0
1171,10.787,ok,31.352,2239.504,0.0,37.8,0.0
1172,10.740,ok,31.352,2239.504,0.0,37.8,0.0
1173,10.963,ok,31.352,2239.504,0.0,37.8,0.0
1174,11.093,ok,31.352,2239.504,0.0,37.8,0.0
1175,11.164,ok,31.352,2239.504,0.0,37.8,0.0
1176,11.074,ok,31.352,2239.504,0.0,37.8,0.0
1177,11.005,ok,31.352,2239.504,0.0,37.8,0.0
1178,11.027,ok,31.352,2239.504,0.0,37.8,0.0
1179,11.053,ok,31.352,2239.504,0.0,37.8,0.0
1180,10.887,ok,31.352,2239.504,0.0,37.8,0.0
1181,10.677,ok,31.352,2239.504,0.0,37.8,0.0
1182,10.682,ok,31.352,2239.504,0.0,37.8,0.0
1183,10.919,ok,31.352,2239.504,0.0,37.8,0.0
1184,11.240,ok,31.352,2239.504,0.0,37.8,0.0
1185,10.923,ok,31.352,2239.504,0.0,37.8,0.0
1186,11.052,ok,31.352,2239.504,0.0,37.8,0.0
1187,10.851,ok,31.352,2239.504,0.0,37.8,0.0
1188,10.707,ok,31.352,2239.504,0.0,37.8,0.0
1189,10.485,ok,31.352,2239.504,0.0,37.8,0.0
1190,10.535,ok,31.352,2239.504,0.0,37.8,0.0
1191,10.648,ok,31.352,2239.504,0.0,37.8,0.0
1192,10.654,ok,31.352,2239.504,0.0,37.8,0.0
1193,10.691,ok,31.352,2239.504,0.0,37.8,0.0
1194,10.735,ok,31.352,2239.504,0.0,37.8,0.0
1195,10.323,ok,31.352,2239.504,0.0,37.8,0.0
1196,10.596,ok,31.352,2239.504,0.0,37.8,0.0
1197,10.301,ok,31.352,2239.504,0.0,37.8,0.0
1198,10.519,ok,31.352,2239.504,0.0,37.8,0.0
1199,10.455,ok,31.352,2239.504,0.0,37.8,0.0
1200,10.610,ok,31.352,2239.504,0.0,37.8,0.0
1201,10.394,ok,31.352,2239.504,0.0,37.8,0.0
1202,10.667,ok,31.352,2239.504,0.0,37.8,0.0
1203,10.610,ok,31.352,2239.504,0.0,37.8,0.0
1204,10.686,ok,31.352,2239.504,0.0,37.8,0.0
1205,10.762,ok,31.352,2239.504,0.0,37.8,0.0
1206,10.692,ok,31.352,2239.504,0.0,37.8,0.0
1207,10.615,ok,31.352,2239.504,0.0,37.8,0.0
1208,10.675,ok,31.352,2239.504,0.0,37.8,0.0
1209,10.752,ok,31.352,2239.504,0.0,37.8,0.0
1210,10.739,ok,31.352,2239.504,0.0,37.8,0.0
1211,10.720,ok,31.352,2239.504,0.0,37.8,0.0
1212,10.836,ok,31.352,2239.504,0.0,37.8,0.0
1213,10.592,ok,31.352,2239.504,0.0,37.8,0.0
1214,10.675,ok,31.352,2239.504,5.0,37.8,0.0
1215,10.491,ok,31.352,2239.504,5.0,37.8,0.0
1216,10.534,ok,31.352,2239.504,5.0,37.8,0.0
1217,10.481,ok,31.352,2239.504,5.0,37.8,0.0
1218,11.068,ok,31.352,2239.504,5.0,37.8,0.0
1219,11.235,ok,31.352,2239.504,5.0,37.8,0.0
1220,11.165,ok,31.352,2239.504,5.0,37.8,0.0
1221,11.031,ok,31.352,2239.504,5.0,37.8,0.0
1222,10.917,ok,31.352,2239.504,5.0,37.8,0.0
1223,11.049,ok,31.352,2239.504,5.0,37.8,0.0
1224,10.794,ok,31.352,2239.504,5.0,37.8,0.0
1225,10.905,ok,31.352,2239.504,5.0,37.8,0.0
1226,10.577,ok,31.352,2239.504,5.0,37.8,0.0
1227,10.712,ok,31.352,2239.504,5.0,37.8,0.0
1228,10.886,ok,31.352,2239.504,5.0,37.8,0.0
1229,10.811,ok,31.352,2239.504,5.0,37.8,0.0
1230,10.734,ok,31.352,2239.504,5.0,37.8,0.0
1231,10.907,ok,31.352,2239.504,5.0,37.8,0.0
1232,10.695,ok,31.352,2239.504,0.0,37.8,0.0
1233,10.639,ok,31.352,2239.504,0.0,37.8,0.0
1234,10.579,ok,31.352,2239.504,0.0,37.8,0.0
1235,10.634,ok,31.352,2239.504,0.0,37.8,0.0
1236,10.471,ok,31.352,2239.504,0.0,37.8,0.0
1237,10.569,ok,31.352,2239.504,0.0,37.8,0.0
1238,10.497,ok,31.352,2239.504,0.0,37.8,0.0
1239,10.585,ok,31.352,2239.504,0.0,37.8,0.0
1240,10.499,ok,31.352,2239.504,0.0,37.8,0.0
1241,10.554,ok,31.352,2239.504,0.0,37.8,0.0
1242,10.563,ok,31.352,2239.504,0.0,37.8,0.0
1243,10.381,ok,31.352,2239.504,0.0,37.8,0.0
1244,10.588,ok,31.352,2239.504,0.0,37.8,0.0
1245,10.609,ok,31.352,2239.504,0.0,37.8,0.0
1246,10.678,ok,31.352,2239.504,0.0,37.8,0.0
1247,10.567,ok,31.352,2239.504,0.0,37.8,0.0
1248,10.542,ok,31.352,2239.504,0.0,37.8,0.0
1249,10.689,ok,31.352,2239.504,0.0,37.8,0.0
1250,10.631,ok,31.352,2239.504,0.0,37.8,0.0
1251,10.506,ok,31.352,2239.504,0.0,37.8,0.0
1252,10.636,ok,31.352,2239.504,0.0,37.8,0.0
1253,10.585,ok,31.352,2239.504,0.0,37.8,0.0
1254,10.645,ok,31.352,2239.504,0.0,37.8,0.0
1255,10.634,ok,31.352,2239.504,0.0,37.8,0.0
1256,10.622,ok,31.352,2239.504,0.0,37.8,0.0
1257,10.641,ok,31.352,2239.504,0.0,37.8,0.0
1258,10.549,ok,31.352,2239.504,0.0,37.8,0.0
1259,10.658,ok,31.352,2239.504,0.0,37.8,0.0
1260,10.598,ok,31.352,2239.504,0.0,37.8,0.0
1261,10.561,ok,31.352,2239.504,0.0,37.8,0.0
1262,10.831,ok,31.352,2239.504,0.0,37.8,0.0
1263,10.701,ok,31.352,2239.504,0.0,37.8,0.0
1264,10.619,ok,31.352,2239.504,0.0,37.8,0.0
1265,10.560,ok,31.352,2239.504,0.0,37.8,0.0
1266,10.587,ok,31.352,2239.504,0.0,37.8,0.0
1267,10.599,ok,31.352,2239.504,0.0,37.8,0.0
1268,10.739,ok,31.352,2239.504,0.0,37.8,0.0
1269,10.662,ok,31.352,2239.504,0.0,37.8,0.0
1270,10.536,ok,31.352,2239.504,5.0,37.8,0.0
1271,10.664,ok,31.352,2239.504,5.0,37.8,0.0
1272,10.647,ok,31.352,2239.504,5.0,37.8,0.0
1273,10.678,ok,31.352,2239.504,5.0,37.8,0.0
1274,10.667,ok,31.352,2239.504,5.0,37.8,0.0
1275,10.648,ok,31.352,2239.504,5.0,37.8,0.0
1276,10.655,ok,31.352,2239.504,5.0,37.8,0.0
1277,10.695,ok,31.352,2239.504,5.0,37.8,0.0
1278,10.585,ok,31.352,2239.504,5.0,37.8,0.0
1279,10.507,ok,31.352,2239.504,5.0,37.8,0.0
1280,10.603,ok,31.352,2239.504,5.0,37.8,0.0
1281,10.643,ok,31.352,2239.504,5.0,37.8,0.0
1282,10.518,ok,31.352,2239.504,5.0,37.8,0.0
1283,10.461,ok,31.352,2239.504,5.0,37.8,0.0
1284,10.523,ok,31.352,2239.504,5.0,37.8,0.0
1285,10.542,ok,31.352,2239.504,5.0,37.8,0.0
1286,10.629,ok,31.352,2239.504,5.0,37.8,0.0
1287,10.492,ok,31.352,2239.504,5.0,37.8,0.0
1288,10.508,ok,31.352,2239.504,5.0,37.8,0.0
1289,10.835,ok,31.352,2239.504,0.0,37.8,0.0
1290,10.713,ok,31.352,2239.504,0.0,37.8,0.0
1291,10.764,ok,31.352,2239.504,0.0,37.8,0.0
1292,10.537,ok,31.352,2239.504,0.0,37.8,0.0
1293,10.389,ok,31.352,2239.504,0.0,37.8,0.0
1294,10.396,ok,31.352,2239.504,0.0,37.8,0.0
1295,10.468,ok,31.352,2239.504,0.0,37.8,0.0
1296,10.376,ok,31.352,2239.504,0.0,37.8,0.0
1297,10.576,ok,31.352,2239.504,0.0,37.8,0.0
1298,10.410,ok,31.352,2239.504,0.0,37.8,0.0
1299,10.664,ok,31.352,2239.504,0.0,37.8,0.0
1300,10.371,ok,31.352,2239.504,0.0,37.8,0.0
1301,10.633,ok,31.352,2239.504,0.0,37.8,0.0
1302,10.740,ok,31.352,2239.504,0.0,37.8,0.0
1303,10.790,ok,31.352,2239.504,0.0,37.8,0.0
1304,11.077,ok,31.352,2239.504,0.0,37.8,0.0
1305,10.890,ok,31.352,2239.504,0.0,37.8,0.0
1306,10.967,ok,31.352,2239.504,0.0,37.8,0.0
1307,10.865,ok,31.352,2239.504,0.0,37.8,0.0
1308,10.855,ok,31.352,2239.504,5.0,37.8,0.0
1309,11.049,ok,31.352,2239.504,5.0,37.8,0.0
1310,11.121,ok,31.352,2239.504,5.0,37.8,0.0
1311,11.157,ok,31.352,2239.504,5.0,37.8,0.0
1312,10.901,ok,31.352,2239.504,5.0,37.8,0.0
1313,10.889,ok,31.352,2239.504,5.0,37.8,0.0
1314,11.058,ok,31.352,2239.504,5.0,37.8,0.0
1315,11.326,ok,31.352,2239.504,5.0,37.8,0.0
1316,11.371,ok,31.352,2239.504,5.0,37.8,0.0
1317,11.347,ok,31.352,2239.504,5.0,37.8,0.0
1318,11.310,ok,31.352,2239.504,5.0,37.8,0.0
1319,11.199,ok,31.352,2239.504,5.0,37.8,0.0
1320,11.293,ok,31.352,2239.504,5.0,37.8,0.0
1321,11.073,ok,31.352,2239.504,5.0,37.8,0.0
1322,11.233,ok,31.352,2239.504,5.0,37.8,0.0
1323,11.294,ok,31.352,2239.504,5.0,37.8,0.0
1324,11.255,ok,31.352,2239.504,5.0,37.8,0.0
1325,11.209,ok,31.352,2239.504,5.0,37.8,0.0
1326,11.094,ok,31.352,2239.504,0.0,37.8,0.0
1327,10.915,ok,31.352,2239.504,0.0,37.8,0.0
1328,10.895,ok,31.352,2239.504,0.0,37.8,0.0
1329,10.828,ok,31.352,2239.504,0.0,37.8,0.0
1330,11.053,ok,31.352,2239.504,0.0,37.8,0.0
1331,11.108,ok,31.352,2239.504,0.0,37.8,0.0
1332,10.867,ok,31.352,2239.504,0.0,37.8,0.0
1333,10.760,ok,31.352,2239.504,0.0,37.8,0.0
1334,10.709,ok,31.352,2239.504,0.0,37.8,0.0
1335,10.603,ok,31.352,2239.504,0.0,37.8,0.0
1336,10.988,ok,31.352,2239.504,0.0,37.8,0.0
1337,11.030,ok,31.352,2239.504,0.0,37.8,0.0
1338,11.063,ok,31.352,2239.504,0.0,37.8,0.0
1339,10.916,ok,31.352,2239.504,0.0,37.8,0.0
1340,11.051,ok,31.352,2239.504,0.0,37.8,0.0
1341,10.819,ok,31.352,2239.504,0.0,37.8,0.0
1342,10.816,ok,31.352,2239.504,0.0,37.8,0.0
1343,10.703,ok,31.352,2239.504,0.0,37.8,0.0
1344,10.810,ok,31.352,2239.504,0.0,37.8,0.0
1345,10.774,ok,31.352,2239.504,0.0,37.8,0.0
1346,11.014,ok,31.352,2239.504,0.0,37.8,0.0
1347,10.905,ok,31.352,2239.504,0.0,37.8,0.0
1348,10.953,ok,31.352,2239.504,0.0,37.8,0.0
1349,10.509,ok,31.352,2239.504,0.0,37.8,0.0
1350,10.711,ok,31.352,2239.504,0.0,37.8,0.0
1351,10.859,ok,31.352,2239.504,0.0,37.8,0.0
1352,10.896,ok,31.352,2239.504,0.0,37.8,0.0
1353,10.790,ok,31.352,2239.504,0.0,37.8,0.0
1354,10.567,ok,31.352,2239.504,0.0,37.8,0.0
1355,10.686,ok,31.352,2239.504,0.0,37.8,0.0
1356,10.603,ok,31.352,2239.504,0.0,37.8,0.0
1357,10.485,ok,31.352,2239.504,0.0,37.8,0.0
1358,10.712,ok,31.352,2239.504,0.0,37.8,0.0
1359,10.710,ok,31.352,2239.504,0.0,37.8,0.0
1360,10.733,ok,31.352,2239.504,0.0,37.8,0.0
1361,10.660,ok,31.352,2239.504,0.0,37.8,0.0
1362,10.936,ok,31.352,2239.504,0.0,37.8,0.0
1363,10.746,ok,31.352,2239.504,0.0,37.8,0.0
1364,10.957,ok,31.352,2239.504,0.0,37.8,0.0
1365,10.889,ok,31.352,2239.504,0.0,37.8,0.0
1366,10.930,ok,31.352,2239.504,0.0,37.8,0.0
1367,10.684,ok,31.352,2239.504,0.0,37.8,0.0
1368,10.659,ok,31.352,2239.504,0.0,37.8,0.0
1369,11.078,ok,31.352,2239.504,0.0,37.8,0.0
1370,11.135,ok,31.352,2239.504,0.0,37.8,0.0
1371,11.048,ok,31.352,2239.504,0.0,37.8,0.0
1372,10.999,ok,31.352,2239.504,0.0,37.8,0.0
1373,11.142,ok,31.352,2239.504,0.0,37.8,0.0
1374,10.920,ok,31.352,2239.504,0.0,37.8,0.0
1375,10.489,ok,31.352,2239.504,0.0,37.8,0.0
1376,10.460,ok,31.352,2239.504,0.0,37.8,0.0
1377,10.691,ok,31.352,2239.504,0.0,37.8,0.0
1378,10.882,ok,31.352,2239.504,0.0,37.8,0.0
1379,10.772,ok,31.352,2239.504,0.0,37.8,0.0
1380,10.645,ok,31.352,2239.504,0.0,37.8,0.0
1381,11.157,ok,31.359,2239.504,5.0,37.8,0.0
1382,10.628,ok,31.359,2239.504,5.0,37.8,0.0
1383,10.778,ok,31.359,2239.504,5.0,37.8,0.0
1384,10.763,ok,31.359,2239.504,5.0,37.8,0.0
1385,10.744,ok,31.359,2239.504,5.0,37.8,0.0
1386,10.905,ok,31.359,2239.504,5.0,37.8,0.0
1387,10.358,ok,31.359,2239.504,5.0,37.8,0.0
1388,10.501,ok,31.359,2239.504,5.0,37.8,0.0
1389,10.613,ok,31.359,2239.504,5.0,37.8,0.0
1390,10.351,ok,31.359,2239.504,5.0,37.8,0.0
1391,10.575,ok,31.359,2239.504,5.0,37.8,0.0
1392,10.429,ok,31.359,2239.504,5.0,37.8,0.0
1393,10.553,ok,31.359,2239.504,5.0,37.8,0.0
1394,10.472,ok,31.359,2239.504,5.0,37.8,0.0
1395,10.641,ok,31.359,2239.504,5.0,37.8,0.0
1396,10.587,ok,31.359,2239.504,5.0,37.8,0.0
1397,10.903,ok,31.359,2239.504,5.0,37.8,0.0
1398,11.090,ok,31.359,2239.504,5.0,37.8,0.0
1399,10.808,ok,31.359,2239.504,5.0,37.8,0.0
1400,10.724,ok,31.359,2239.504,0.0,37.8,0.0
1401,10.947,ok,31.359,2239.504,0.0,37.8,0.0
1402,11.163,ok,31.359,2239.504,0.0,37.8,0.0
1403,11.084,ok,31.359,2239.504,0.0,37.8,0.0
1404,11.225,ok,31.359,2239.504,0.0,37.8,0.0
1405,11.201,ok,31.359,2239.504,0.0,37.8,0.0
1406,11.444,ok,31.359,2239.504,0.0,37.8,0.0
1407,10.978,ok,31.359,2239.504,0.0,37.8,0.0
1408,11.183,ok,31.359,2239.504,0.0,37.8,0.0
1409,11.030,ok,31.359,2239.504,0.0,37.8,0.0
1410,11.069,ok,31.359,2239.504,0.0,37.8,0.0
1411,11.067,ok,31.359,2239.504,0.0,37.8,0.0
1412,11.084,ok,31.359,2239.504,0.0,37.8,0.0
1413,11.073,ok,31.359,2239.504,0.0,37.8,0.0
1414,11.113,ok,31.359,2239.504,0.0,37.8,0.0
1415,11.095,ok,31.359,2239.504,0.0,37.8,0.0
1416,11.155,ok,31.359,2239.504,0.0,37.8,0.0
1417,11.073,ok,31.359,2239.504,0.0,37.8,0.0
1418,10.736,ok,31.359,2239.504,5.0,37.8,0.0
1419,10.746,ok,31.359,2239.504,5.0,37.8,0.0
1420,10.695,ok,31.359,2239.504,5.0,37.8,0.0
1421,10.824,ok,31.359,2239.504,5.0,37.8,0.0
1422,10.729,ok,31.359,2239.504,5.0,37.8,0.0
1423,10.940,ok,31.359,2239.504,5.0,37.8,0.0
1424,10.546,ok,31.359,2239.504,5.0,37.8,0.0
1425,10.787,ok,31.359,2239.504,5.0,37.8,0.0
1426,10.577,ok,31.359,2239.504,5.0,37.8,0.0
1427,10.580,ok,31.359,2239.504,5.0,37.8,0.0
1428,10.601,ok,31.359,2239.504,5.0,37.8,0.0
1429,10.763,ok,31.359,2239.504,5.0,37.8,0.0
1430,10.682,ok,31.359,2239.504,5.0,37.8,0.0
1431,10.796,ok,31.359,2239.504,5.0,37.8,0.0
1432,10.876,ok,31.359,2239.504,5.0,37.8,0.0
1433,10.747,ok,31.359,2239.504,5.0,37.8,0.0
1434,10.845,ok,31.359,2239.504,5.0,37.8,0.0
1435,10.828,ok,31.359,2239.504,5.0,37.8,0.0
1436,10.703,ok,31.359,2239.504,5.0,37.8,0.0
1437,10.656,ok,31.359,2239.504,0.0,37.8,0.0
1438,10.682,ok,31.359,2239.504,0.0,37.8,0.0
1439,10.786,ok,31.359,2239.504,0.0,37.8,0.0
1440,10.724,ok,31.359,2239.504,0.0,37.8,0.0
1441,10.492,ok,31.359,2239.504,0.0,37.8,0.0
1442,10.756,ok,31.359,2239.504,0.0,37.8,0.0
1443,10.624,ok,31.359,2239.504,0.0,37.8,0.0
1444,10.746,ok,31.359,2239.504,0.0,37.8,0.0
1445,10.702,ok,31.359,2239.504,0.0,37.8,0.0
1446,10.697,ok,31.359,2239.504,0.0,37.8,0.0
1447,10.557,ok,31.359,2239.504,0.0,37.8,0.0
1448,10.714,ok,31.359,2239.504,0.0,37.8,0.0
1449,10.561,ok,31.359,2239.504,0.0,37.8,0.0
1450,10.448,ok,31.359,2239.504,0.0,37.8,0.0
1451,10.561,ok,31.359,2239.504,0.0,37.8,0.0
1452,10.616,ok,31.359,2239.504,0.0,37.8,0.0
1453,10.761,ok,31.359,2239.504,0.0,37.8,0.0
1454,10.797,ok,31.359,2239.504,0.0,37.8,0.0
1455,10.794,ok,31.359,2239.504,0.0,37.8,0.0
1456,11.225,ok,31.359,2239.504,0.0,37.8,0.0
1457,11.215,ok,31.359,2239.504,0.0,37.8,0.0
1458,11.241,ok,31.359,2239.504,0.0,37.8,0.0
1459,10.873,ok,31.359,2239.504,0.0,37.8,0.0
1460,11.049,ok,31.359,2239.504,0.0,37.8,0.0
1461,11.171,ok,31.359,2239.504,0.0,37.8,0.0
1462,11.120,ok,31.359,2239.504,0.0,37.8,0.0
1463,11.161,ok,31.359,2239.504,0.0,37.8,0.0
1464,10.950,ok,31.359,2239.504,0.0,37.8,0.0
1465,10.858,ok,31.359,2239.504,0.0,37.8,0.0
1466,11.130,ok,31.359,2239.504,0.0,37.8,0.0
1467,10.877,ok,31.359,2239.504,0.0,37.8,0.0
1468,10.964,ok,31.359,2239.504,0.0,37.8,0.0
1469,10.514,ok,31.359,2239.504,0.0,37.8,0.0
1470,10.673,ok,31.359,2239.504,0.0,37.8,0.0
1471,10.678,ok,31.359,2239.504,0.0,37.8,0.0
1472,10.571,ok,31.359,2239.504,0.0,37.8,0.0
1473,10.611,ok,31.359,2239.504,0.0,37.8,0.0
1474,10.612,ok,31.359,2239.504,5.0,37.8,0.0
1475,10.590,ok,31.359,2239.504,5.0,37.8,0.0
1476,10.779,ok,31.359,2239.504,5.0,37.8,0.0
1477,10.596,ok,31.359,2239.504,5.0,37.8,0.0
1478,10.556,ok,31.359,2239.504,5.0,37.8,0.0
1479,10.423,ok,31.359,2239.504,5.0,37.8,0.0
1480,10.858,ok,31.359,2239.504,5.0,37.8,0.0
1481,10.794,ok,31.359,2239.504,5.0,37.8,0.0
1482,11.076,ok,31.359,2239.504,5.0,37.8,0.0
1483,10.467,ok,31.359,2239.504,5.0,37.8,0.0
1484,10.457,ok,31.359,2239.504,5.0,37.8,0.0
1485,10.276,ok,31.359,2239.504,5.0,37.8,0.0
1486,10.517,ok,31.359,2239.504,5.0,37.8,0.0
1487,10.482,ok,31.359,2239.504,5.0,37.8,0.0
1488,10.702,ok,31.359,2239.504,5.0,37.8,0.0
1489,10.340,ok,31.359,2239.504,5.0,37.8,0.0
1490,10.640,ok,31.359,2239.504,5.0,37.8,0.0
1491,10.541,ok,31.359,2239.504,5.0,37.8,0.0
1492,10.649,ok,31.359,2239.504,5.0,37.8,0.0
1493,10.546,ok,31.359,2239.504,0.0,37.8,0.0
1494,10.603,ok,31.359,2239.504,0.0,37.8,0.0
1495,10.683,ok,31.359,2239.504,0.0,37.8,0.0
1496,10.398,ok,31.359,2239.504,0.0,37.8,0.0
1497,10.762,ok,31.359,2239.504,0.0,37.8,0.0
1498,10.656,ok,31.359,2239.504,0.0,37.8,0.0
1499,10.844,ok,31.359,2239.504,0.0,37.8,0.0
1500,10.690,ok,31.359,2239.504,0.0,37.8,0.0
1501,10.820,ok,31.359,2239.504,0.0,37.8,0.0
1502,10.908,ok,31.359,2239.504,0.0,37.8,0.0
1503,10.813,ok,31.359,2239.504,0.0,37.8,0.0
1504,11.092,ok,31.359,2239.504,0.0,37.8,0.0
1505,10.682,ok,31.359,2239.504,0.0,37.8,0.0
1506,10.842,ok,31.359,2239.504,0.0,37.8,0.0
1507,10.739,ok,31.359,2239.504,0.0,37.8,0.0
1508,11.079,ok,31.359,2239.504,0.0,37.8,0.0
1509,10.867,ok,31.359,2239.504,0.0,37.8,0.0
1510,10.984,ok,31.359,2239.504,0.0,37.8,0.0
1511,11.140,ok,31.359,2239.504,0.0,37.8,0.0
1512,10.917,ok,31.359,2239.504,0.0,37.8,0.0
1513,10.689,ok,31.359,2239.504,0.0,37.8,0.0
1514,10.630,ok,31.359,2239.504,0.0,37.8,0.0
1515,10.602,ok,31.359,2239.504,0.0,37.8,0.0
1516,11.132,ok,31.359,2239.504,0.0,37.8,0.0
1517,10.882,ok,31.359,2239.504,0.0,37.8,0.0
1518,10.943,ok,31.359,2239.504,0.0,37.8,0.0
1519,11.055,ok,31.359,2239.504,0.0,37.8,0.0
1520,10.982,ok,31.359,2239.504,0.0,37.8,0.0
1521,10.519,ok,31.359,2239.504,0.0,37.8,0.0
1522,10.870,ok,31.359,2239.504,0.0,37.8,0.0
1523,10.998,ok,31.359,2239.504,0.0,37.8,0.0
1524,10.954,ok,31.359,2239.504,0.0,37.8,0.0
1525,10.689,ok,31.359,2239.504,0.0,37.8,0.0
1526,10.780,ok,31.359,2239.504,0.0,37.8,0.0
1527,10.772,ok,31.359,2239.504,0.0,37.8,0.0
1528,10.467,ok,31.359,2239.504,0.0,37.8,0.0
1529,10.824,ok,31.359,2239.504,0.0,37.8,0.0
1530,10.968,ok,31.359,2239.504,0.0,37.8,0.0
1531,10.791,ok,31.359,2239.504,0.0,37.8,0.0
1532,10.801,ok,31.359,2239.504,0.0,37.8,0.0
1533,10.712,ok,31.359,2239.504,0.0,37.8,0.0
1534,10.791,ok,31.359,2239.504,0.0,37.8,0.0
1535,10.807,ok,31.359,2239.504,0.0,37.8,0.0
1536,10.508,ok,31.359,2239.504,0.0,37.8,0.0
1537,10.461,ok,31.359,2239.504,0.0,37.8,0.0
1538,10.698,ok,31.359,2239.504,0.0,37.8,0.0
1539,11.037,ok,31.359,2239.504,0.0,37.8,0.0
1540,11.022,ok,31.359,2239.504,0.0,37.8,0.0
1541,10.649,ok,31.359,2239.504,0.0,37.8,0.0
1542,10.809,ok,31.359,2239.504,0.0,37.8,0.0
1543,10.655,ok,31.359,2239.504,0.0,37.8,0.0
1544,10.638,ok,31.359,2239.504,0.0,37.8,0.0
1545,10.834,ok,31.359,2239.504,0.0,37.8,0.0
1546,10.820,ok,31.359,2239.504,0.0,37.8,0.0
1547,10.368,ok,31.359,2239.504,0.0,37.8,0.0
1548,10.762,ok,31.359,2239.504,5.0,37.8,0.0
1549,10.688,ok,31.359,2239.504,5.0,37.8,0.0
1550,10.895,ok,31.359,2239.504,5.0,37.8,0.0
1551,11.082,ok,31.359,2239.504,5.0,37.8,0.0
1552,10.809,ok,31.359,2239.504,5.0,37.8,0.0
1553,10.858,ok,31.359,2239.504,5.0,37.8,0.0
1554,10.603,ok,31.359,2239.504,5.0,37.8,0.0
1555,10.678,ok,31.359,2239.504,5.0,37.8,0.0
1556,10.678,ok,31.359,2239.504,5.0,37.8,0.0
1557,10.633,ok,31.359,2239.504,5.0,37.8,0.0
1558,10.752,ok,31.359,2239.504,5.0,37.8,0.0
1559,10.532,ok,31.359,2239.504,5.0,37.8,0.0
1560,10.643,ok,31.359,2239.504,5.0,37.8,0.0
1561,10.707,ok,31.359,2239.504,5.0,37.8,0.0
1562,10.565,ok,31.359,2239.504,5.0,37.8,0.0
1563,10.667,ok,31.359,2239.504,5.0,37.8,0.0
1564,10.583,ok,31.359,2239.504,5.0,37.8,0.0
1565,10.682,ok,31.359,2239.504,5.0,37.8,0.0
1566,10.891,ok,31.359,2239.504,5.0,37.8,0.0
1567,10.729,ok,31.359,2239.504,5.0,37.8,0.0
1568,10.649,ok,31.359,2239.504,5.0,37.8,0.0
1569,10.763,ok,31.359,2239.504,5.0,37.8,0.0
1570,11.178,ok,31.359,2239.504,5.0,37.8,0.0
1571,11.031,ok,31.359,2239.504,5.0,37.8,0.0
1572,10.933,ok,31.359,2239.504,5.0,37.8,0.0
1573,10.677,ok,31.359,2239.504,5.0,37.8,0.0
1574,10.666,ok,31.359,2239.504,5.0,37.8,0.0
1575,10.794,ok,31.359,2239.504,5.0,37.8,0.0
1576,10.881,ok,31.359,2239.504,5.0,37.8,0.0
1577,10.568,ok,31.359,2239.504,5.0,37.8,0.0
1578,10.890,ok,31.359,2239.504,5.0,37.8,0.0
1579,10.429,ok,31.359,2239.504,5.0,37.8,0.0
1580,10.498,ok,31.359,2239.504,5.0,37.8,0.0
1581,10.484,ok,31.359,2239.504,5.0,37.8,0.0
1582,10.553,ok,31.359,2239.504,5.0,37.8,0.0
1583,10.249,ok,31.359,2239.504,5.0,37.8,0.0
1584,10.658,ok,31.359,2239.504,5.0,37.8,0.0
1585,10.289,ok,31.359,2239.504,5.0,37.8,0.0
1586,10.782,ok,31.359,2239.504,0.0,37.8,0.0
1587,10.463,ok,31.359,2239.504,0.0,37.8,0.0
1588,10.649,ok,31.359,2239.504,0.0,37.8,0.0
1589,10.763,ok,31.359,2239.504,0.0,37.8,0.0
1590,10.772,ok,31.359,2239.504,0.0,37.8,0.0
1591,10.645,ok,31.359,2239.504,0.0,37.8,0.0
1592,10.795,ok,31.359,2239.504,0.0,37.8,0.0
1593,11.081,ok,31.359,2239.504,0.0,37.8,0.0
1594,10.975,ok,31.359,2239.504,0.0,37.8,0.0
1595,11.332,ok,31.359,2239.504,0.0,37.8,0.0
1596,11.121,ok,31.359,2239.504,0.0,37.8,0.0
1597,11.257,ok,31.359,2239.504,0.0,37.8,0.0
1598,11.163,ok,31.359,2239.504,0.0,37.8,0.0
1599,11.164,ok,31.359,2239.504,0.0,37.8,0.0
1600,11.090,ok,31.359,2239.504,0.0,37.8,0.0
1601,11.147,ok,31.359,2239.504,0.0,37.8,0.0
1602,11.368,ok,31.359,2239.504,0.0,37.8,0.0
1603,10.964,ok,31.359,2239.504,0.0,37.8,0.0
1604,11.056,ok,31.359,2239.504,0.0,37.8,0.0
1605,10.689,ok,31.359,2239.504,0.0,37.8,0.0
1606,10.843,ok,31.359,2239.504,0.0,37.8,0.0
1607,10.806,ok,31.359,2239.504,0.0,37.8,0.0
1608,10.841,ok,31.359,2239.504,0.0,37.8,0.0
1609,10.750,ok,31.359,2239.504,0.0,37.8,0.0
1610,10.683,ok,31.359,2239.504,0.0,37.8,0.0
1611,10.771,ok,31.359,2239.504,0.0,37.8,0.0
1612,10.817,ok,31.359,2239.504,0.0,37.8,0.0
1613,10.802,ok,31.359,2239.504,0.0,37.8,0.0
1614,10.613,ok,31.359,2239.504,0.0,37.8,0.0
1615,10.799,ok,31.359,2239.504,0.0,37.8,0.0
1616,10.773,ok,31.359,2239.504,0.0,37.8,0.0
1617,10.713,ok,31.359,2239.504,0.0,37.8,0.0
1618,10.634,ok,31.359,2239.504,0.0,37.8,0.0
1619,10.947,ok,31.359,2239.504,0.0,37.8,0.0
1620,10.831,ok,31.359,2239.504,0.0,37.8,0.0
1621,11.018,ok,31.359,2239.504,0.0,37.8,0.0
1622,10.886,ok,31.359,2239.504,0.0,37.8,0.0
1623,10.987,ok,31.359,2239.504,5.0,37.8,0.0
1624,10.891,ok,31.359,2239.504,5.0,37.8,0.0
1625,10.952,ok,31.359,2239.504,5.0,37.8,0.0
1626,10.945,ok,31.359,2239.504,5.0,37.8,0.0
1627,10.909,ok,31.359,2239.504,5.0,37.8,0.0
1628,10.931,ok,31.359,2239.504,5.0,37.8,0.0
1629,10.943,ok,31.359,2239.504,5.0,37.8,0.0
1630,11.126,ok,31.359,2239.504,5.0,37.8,0.0
1631,10.827,ok,31.359,2239.504,5.0,37.8,0.0
1632,10.824,ok,31.359,2239.504,5.0,37.8,0.0
1633,10.934,ok,31.359,2239.504,5.0,37.8,0.0
1634,10.890,ok,31.359,2239.504,5.0,37.8,0.0
1635,10.777,ok,31.359,2239.504,5.0,37.8,0.0
1636,10.724,ok,31.359,2239.504,5.0,37.8,0.0
1637,10.847,ok,31.359,2239.504,5.0,37.8,0.0
1638,10.682,ok,31.359,2239.504,5.0,37.8,0.0
1639,10.716,ok,31.359,2239.504,5.0,37.8,0.0
1640,10.436,ok,31.359,2239.504,5.0,37.8,0.0
1641,10.622,ok,31.359,2239.504,0.0,37.8,0.0
1642,10.700,ok,31.359,2239.504,0.0,37.8,0.0
1643,10.836,ok,31.359,2239.504,0.0,37.8,0.0
1644,10.781,ok,31.359,2239.504,0.0,37.8,0.0
1645,10.836,ok,31.359,2239.504,0.0,37.8,0.0
1646,10.645,ok,31.359,2239.504,0.0,37.8,0.0
1647,10.660,ok,31.359,2239.504,0.0,37.8,0.0
1648,10.649,ok,31.359,2239.504,0.0,37.8,0.0
1649,10.734,ok,31.359,2239.504,0.0,37.8,0.0
1650,10.558,ok,31.359,2239.504,0.0,37.8,0.0
1651,10.531,ok,31.359,2239.504,0.0,37.8,0.0
1652,10.527,ok,31.359,2239.504,0.0,37.8,0.0
1653,10.502,ok,31.359,2239.504,0.0,37.8,0.0
1654,10.468,ok,31.359,2239.504,0.0,37.8,0.0
1655,10.567,ok,31.359,2239.504,0.0,37.8,0.0
1656,10.603,ok,31.359,2239.504,0.0,37.8,0.0
1657,10.551,ok,31.359,2239.504,0.0,37.8,0.0
1658,10.673,ok,31.359,2239.504,0.0,37.8,0.0
1659,10.511,ok,31.359,2239.504,0.0,37.8,0.0
1660,10.607,ok,31.359,2239.504,0.0,37.8,0.0
1661,10.493,ok,31.359,2239.504,0.0,37.8,0.0
1662,10.586,ok,31.359,2239.504,0.0,37.8,0.0
1663,10.579,ok,31.359,2239.504,0.0,37.8,0.0
1664,10.395,ok,31.359,2239.504,0.0,37.8,0.0
1665,10.590,ok,31.359,2239.504,0.0,37.8,0.0
1666,10.485,ok,31.359,2239.504,0.0,37.8,0.0
1667,10.674,ok,31.359,2239.504,0.0,37.8,0.0
1668,10.539,ok,31.359,2239.504,0.0,37.8,0.0
1669,10.572,ok,31.359,2239.504,0.0,37.8,0.0
1670,10.578,ok,31.359,2239.504,0.0,37.8,0.0
1671,10.607,ok,31.359,2239.504,0.0,37.8,0.0
1672,10.687,ok,31.359,2239.504,0.0,37.8,0.0
1673,10.478,ok,31.359,2239.504,0.0,37.8,0.0
1674,10.627,ok,31.359,2239.504,0.0,37.8,0.0
1675,10.352,ok,31.359,2239.504,0.0,37.8,0.0
1676,10.598,ok,31.359,2239.504,0.0,37.8,0.0
1677,10.467,ok,31.359,2239.504,0.0,37.8,0.0
1678,10.622,ok,31.359,2239.504,0.0,37.8,0.0
1679,10.530,ok,31.359,2239.504,0.0,37.8,0.0
1680,10.457,ok,31.359,2239.504,0.0,37.8,0.0
1681,10.209,ok,31.359,2239.504,0.0,37.8,0.0
1682,10.664,ok,31.359,2239.504,0.0,37.8,0.0
1683,10.398,ok,31.359,2239.504,0.0,37.8,0.0
1684,10.671,ok,31.359,2239.504,0.0,37.8,0.0
1685,10.816,ok,31.359,2239.504,0.0,37.8,0.0
1686,10.752,ok,31.359,2239.504,0.0,37.8,0.0
1687,10.694,ok,31.359,2239.504,0.0,37.8,0.0
1688,10.965,ok,31.359,2239.504,0.0,37.8,0.0
1689,10.545,ok,31.359,2239.504,0.0,37.8,0.0
1690,10.412,ok,31.359,2239.504,0.0,37.8,0.0
1691,10.656,ok,31.359,2239.504,0.0,37.8,0.0
1692,10.506,ok,31.359,2239.504,0.0,37.8,0.0
1693,10.598,ok,31.359,2239.504,0.0,37.8,0.0
1694,10.611,ok,31.359,2239.504,0.0,37.8,0.0
1695,10.592,ok,31.359,2239.504,0.0,37.8,0.0
1696,10.633,ok,31.359,2239.504,0.0,37.8,0.0
1697,10.445,ok,31.359,2239.504,0.0,37.8,0.0
1698,10.572,ok,31.359,2239.504,5.0,37.8,0.0
1699,10.531,ok,31.359,2239.504,5.0,37.8,0.0
1700,10.607,ok,31.359,2239.504,5.0,37.8,0.0
1701,10.589,ok,31.359,2239.504,5.0,37.8,0.0
1702,10.593,ok,31.359,2239.504,5.0,37.8,0.0
1703,10.669,ok,31.359,2239.504,5.0,37.8,0.0
1704,10.778,ok,31.359,2239.504,5.0,37.8,0.0
1705,10.585,ok,31.359,2239.504,5.0,37.8,0.0
1706,10.771,ok,31.359,2239.504,5.0,37.8,0.0
1707,10.854,ok,31.359,2239.504,5.0,37.8,0.0
1708,10.945,ok,31.359,2239.504,5.0,37.8,0.0
1709,10.893,ok,31.359,2239.504,5.0,37.8,0.0
1710,11.004,ok,31.359,2239.504,5.0,37.8,0.0
1711,10.822,ok,31.359,2239.504,5.0,37.8,0.0
1712,10.728,ok,31.359,2239.504,5.0,37.8,0.0
1713,10.854,ok,31.359,2239.504,5.0,37.8,0.0
1714,10.679,ok,31.359,2239.504,5.0,37.8,0.0
1715,10.653,ok,31.359,2239.504,5.0,37.8,0.0
1716,10.740,ok,31.359,2239.504,0.0,37.8,0.0
1717,10.960,ok,31.359,2239.504,0.0,37.8,0.0
1718,11.160,ok,31.359,2239.504,0.0,37.8,0.0
1719,10.919,ok,31.359,2239.504,0.0,37.8,0.0
1720,10.889,ok,31.359,2239.504,0.0,37.8,0.0
1721,10.866,ok,31.359,2239.504,0.0,37.8,0.0
1722,10.778,ok,31.359,2239.504,0.0,37.8,0.0
1723,10.753,ok,31.359,2239.504,0.0,37.8,0.0
1724,10.887,ok,31.359,2239.504,0.0,37.8,0.0
1725,10.915,ok,31.359,2239.504,0.0,37.8,0.0
1726,11.044,ok,31.359,2239.504,0.0,37.8,0.0
1727,10.994,ok,31.359,2239.504,0.0,37.8,0.0
1728,10.703,ok,31.359,2239.504,0.0,37.8,0.0
1729,10.563,ok,31.359,2239.504,0.0,37.8,0.0
1730,10.436,ok,31.359,2239.504,0.0,37.8,0.0
1731,10.684,ok,31.359,2239.504,0.0,37.8,0.0
1732,10.354,ok,31.359,2239.504,0.0,37.8,0.0
1733,10.743,ok,31.359,2239.504,0.0,37.8,0.0
1734,10.598,ok,31.359,2239.504,0.0,37.8,0.0
1735,10.693,ok,31.359,2239.504,0.0,37.8,0.0
1736,10.909,ok,31.359,2239.504,0.0,37.8,0.0
1737,10.949,ok,31.359,2239.504,0.0,37.8,0.0
1738,10.951,ok,31.359,2239.504,0.0,37.8,0.0
1739,10.845,ok,31.359,2239.504,0.0,37.8,0.0
1740,10.924,ok,31.359,2239.504,0.0,37.8,0.0
1741,10.926,ok,31.359,2239.504,0.0,37.8,0.0
1742,11.001,ok,31.359,2239.504,0.0,37.8,0.0
1743,10.632,ok,31.359,2239.504,0.0,37.8,0.0
1744,10.840,ok,31.359,2239.504,0.0,37.8,0.0
1745,10.850,ok,31.359,2239.504,0.0,37.8,0.0
1746,10.669,ok,31.359,2239.504,0.0,37.8,0.0
1747,10.335,ok,31.359,2239.504,0.0,37.8,0.0
1748,10.797,ok,31.359,2239.504,0.0,37.8,0.0
1749,10.679,ok,31.359,2239.504,0.0,37.8,0.0
1750,10.744,ok,31.359,2239.504,0.0,37.8,0.0
1751,10.758,ok,31.359,2239.504,0.0,37.8,0.0
1752,10.668,ok,31.359,2239.504,0.0,37.8,0.0
1753,10.739,ok,31.359,2239.504,0.0,37.8,0.0
1754,10.711,ok,31.359,2239.504,0.0,37.8,0.0
1755,10.706,ok,31.359,2239.504,0.0,37.8,0.0
1756,10.771,ok,31.359,2239.504,0.0,37.8,0.0
1757,10.733,ok,31.359,2239.504,0.0,37.8,0.0
1758,10.811,ok,31.359,2239.504,0.0,37.8,0.0
1759,10.623,ok,31.359,2239.504,0.0,37.8,0.0
1760,10.450,ok,31.359,2239.504,0.0,37.8,0.0
1761,10.649,ok,31.359,2239.504,0.0,37.8,0.0
1762,10.559,ok,31.359,2239.504,0.0,37.8,0.0
1763,10.655,ok,31.359,2239.504,0.0,37.8,0.0
1764,10.618,ok,31.359,2239.504,0.0,37.8,0.0
1765,10.537,ok,31.359,2239.504,0.0,37.8,0.0
1766,10.659,ok,31.359,2239.504,0.0,37.8,0.0
1767,10.715,ok,31.359,2239.504,0.0,37.8,0.0
1768,10.774,ok,31.359,2239.504,0.0,37.8,0.0
1769,10.632,ok,31.359,2239.504,0.0,37.8,0.0
1770,10.862,ok,31.359,2239.504,0.0,37.8,0.0
1771,10.473,ok,31.359,2239.504,0.0,37.8,0.0
1772,10.603,ok,31.359,2239.504,10.0,37.8,0.0
1773,10.483,ok,31.359,2239.504,10.0,37.8,0.0
1774,10.464,ok,31.359,2239.504,10.0,37.8,0.0
1775,10.518,ok,31.359,2239.504,10.0,37.8,0.0
1776,10.450,ok,31.359,2239.504,10.0,37.8,0.0
1777,10.491,ok,31.359,2239.504,10.0,37.8,0.0
1778,10.632,ok,31.359,2239.504,10.0,37.8,0.0
1779,10.655,ok,31.359,2239.504,10.0,37.8,0.0
1780,10.859,ok,31.359,2239.504,10.0,37.8,0.0
1781,10.687,ok,31.359,2239.504,10.0,37.8,0.0
1782,10.664,ok,31.359,2239.504,10.0,37.8,0.0
1783,10.722,ok,31.359,2239.504,10.0,37.8,0.0
1784,10.782,ok,31.359,2239.504,10.0,37.8,0.0
1785,10.724,ok,31.359,2239.504,10.0,37.8,0.0
1786,10.829,ok,31.359,2239.504,10.0,37.8,0.0
1787,11.177,ok,31.359,2239.504,10.0,37.8,0.0
1788,11.202,ok,31.359,2239.504,10.0,37.8,0.0
1789,11.094,ok,31.359,2239.504,10.0,37.8,0.0
1790,11.081,ok,31.359,2239.504,10.0,37.8,0.0
1791,11.071,ok,31.359,2239.504,0.0,37.8,0.0
1792,10.761,ok,31.359,2239.504,0.0,37.8,0.0
1793,10.594,ok,31.359,2239.504,0.0,37.8,0.0
1794,10.822,ok,31.359,2239.504,0.0,37.8,0.0
1795,10.620,ok,31.359,2239.504,0.0,37.8,0.0
1796,10.699,ok,31.359,2239.504,0.0,37.8,0.0
1797,10.965,ok,31.359,2239.504,0.0,37.8,0.0
1798,10.763,ok,31.359,2239.504,0.0,37.8,0.0
1799,10.735,ok,31.359,2239.504,0.0,37.8,0.0
1800,10.623,ok,31.359,2239.504,0.0,37.8,0.0
1801,10.674,ok,31.359,2239.504,0.0,37.8,0.0
1802,10.680,ok,31.359,2239.504,0.0,37.8,0.0
1803,10.685,ok,31.359,2239.504,0.0,37.8,0.0
1804,10.661,ok,31.359,2239.504,0.0,37.8,0.0
1805,10.462,ok,31.359,2239.504,0.0,37.8,0.0
1806,10.593,ok,31.359,2239.504,0.0,37.8,0.0
1807,10.574,ok,31.359,2239.504,0.0,37.8,0.0
1808,10.488,ok,31.359,2239.504,0.0,37.8,0.0
1809,10.926,ok,31.359,2239.504,0.0,37.8,0.0
1810,10.813,ok,31.359,2239.504,0.0,37.8,0.0
1811,10.399,ok,31.359,2239.504,0.0,37.8,0.0
1812,10.864,ok,31.359,2239.504,0.0,37.8,0.0
1813,10.962,ok,31.359,2239.504,0.0,37.8,0.0
1814,11.279,ok,31.359,2239.504,0.0,37.8,0.0
1815,11.213,ok,31.359,2239.504,0.0,37.8,0.0
1816,10.934,ok,31.359,2239.504,0.0,37.8,0.0
1817,11.088,ok,31.359,2239.504,0.0,37.8,0.0
1818,11.028,ok,31.359,2239.504,0.0,37.8,0.0
1819,11.147,ok,31.359,2239.504,0.0,37.8,0.0
1820,10.734,ok,31.359,2239.504,0.0,37.8,0.0
1821,11.019,ok,31.359,2239.504,0.0,37.8,0.0
1822,11.132,ok,31.359,2239.504,0.0,37.8,0.0
1823,11.201,ok,31.359,2239.504,0.0,37.8,0.0
1824,11.244,ok,31.359,2239.504,0.0,37.8,0.0
1825,11.050,ok,31.359,2239.504,0.0,37.8,0.0
1826,11.106,ok,31.359,2239.504,0.0,37.8,0.0
1827,10.897,ok,31.359,2239.504,0.0,37.8,0.0
1828,11.157,ok,31.359,2239.504,0.0,37.8,0.0
1829,11.023,ok,31.359,2239.504,0.0,37.8,0.0
1830,10.726,ok,31.359,2239.504,0.0,37.8,0.0
1831,11.128,ok,31.359,2239.504,0.0,37.8,0.0
1832,10.998,ok,31.359,2239.504,0.0,37.8,0.0
1833,11.052,ok,31.359,2239.504,0.0,37.8,0.0
1834,10.989,ok,31.359,2239.504,0.0,37.8,0.0
1835,11.121,ok,31.359,2239.504,0.0,37.8,0.0
1836,11.042,ok,31.359,2239.504,0.0,37.8,0.0
1837,10.960,ok,31.359,2239.504,0.0,37.8,0.0
1838,11.027,ok,31.359,2239.504,0.0,37.8,0.0
1839,10.794,ok,31.359,2239.504,0.0,37.8,0.0
1840,10.799,ok,31.359,2239.504,0.0,37.8,0.0
1841,10.957,ok,31.359,2239.504,0.0,37.8,0.0
1842,10.916,ok,31.359,2239.504,0.0,37.8,0.0
1843,10.511,ok,31.359,2239.504,0.0,37.8,0.0
1844,10.550,ok,31.359,2239.504,0.0,37.8,0.0
1845,10.506,ok,31.359,2239.504,0.0,37.8,0.0
1846,10.511,ok,31.359,2239.504,0.0,37.8,0.0
1847,10.768,ok,31.359,2239.504,0.0,37.8,0.0
1848,10.376,ok,31.359,2239.504,0.0,37.8,0.0
1849,10.637,ok,31.359,2239.504,0.0,37.8,0.0
1850,10.429,ok,31.359,2239.504,0.0,37.8,0.0
1851,10.772,ok,31.359,2239.504,0.0,37.8,0.0
1852,10.683,ok,31.359,2239.504,0.0,37.8,0.0
1853,10.740,ok,31.359,2239.504,0.0,37.8,0.0
1854,10.615,ok,31.359,2239.504,0.0,37.8,0.0
1855,10.813,ok,31.359,2239.504,0.0,37.8,0.0
1856,10.494,ok,31.359,2239.504,0.0,37.8,0.0
1857,10.683,ok,31.359,2239.504,0.0,37.8,0.0
1858,10.631,ok,31.359,2239.504,0.0,37.8,0.0
1859,10.608,ok,31.359,2239.504,0.0,37.8,0.0
1860,10.718,ok,31.359,2239.504,0.0,37.8,0.0
1861,10.851,ok,31.359,2239.504,0.0,37.8,0.0
1862,10.773,ok,31.359,2239.504,0.0,37.8,0.0
1863,10.773,ok,31.359,2239.504,0.0,37.8,0.0
1864,10.624,ok,31.359,2239.504,0.0,37.8,0.0
1865,10.934,ok,31.359,2239.504,5.0,37.8,0.0
1866,10.538,ok,31.359,2239.504,5.0,37.8,0.0
1867,10.428,ok,31.359,2239.504,5.0,37.8,0.0
1868,10.510,ok,31.359,2239.504,5.0,37.8,0.0
1869,10.497,ok,31.359,2239.504,5.0,37.8,0.0
1870,10.757,ok,31.359,2239.504,5.0,37.8,0.0
1871,10.383,ok,31.359,2239.504,5.0,37.8,0.0
1872,10.628,ok,31.359,2239.504,5.0,37.8,0.0
1873,10.310,ok,31.359,2239.504,5.0,37.8,0.0
1874,10.653,ok,31.359,2239.504,5.0,37.8,0.0
1875,10.472,ok,31.359,2239.504,5.0,37.8,0.0
1876,10.604,ok,31.359,2239.504,5.0,37.8,0.0
1877,10.620,ok,31.359,2239.504,5.0,37.8,0.0
1878,10.518,ok,31.359,2239.504,5.0,37.8,0.0
1879,10.661,ok,31.359,2239.504,5.0,37.8,0.0
1880,10.770,ok,31.359,2239.504,5.0,37.8,0.0
1881,10.580,ok,31.359,2239.504,5.0,37.8,0.0
1882,10.777,ok,31.359,2239.504,5.0,37.8,0.0
1883,10.705,ok,31.359,2239.504,5.0,37.8,0.0
1884,10.892,ok,31.359,2239.504,0.0,37.8,0.0
1885,10.688,ok,31.359,2239.504,0.0,37.8,0.0
1886,10.902,ok,31.359,2239.504,0.0,37.8,0.0
1887,10.803,ok,31.359,2239.504,0.0,37.8,0.0
1888,10.881,ok,31.359,2239.504,0.0,37.8,0.0
1889,10.552,ok,31.359,2239.504,0.0,37.8,0.0
1890,10.727,ok,31.359,2239.504,0.0,37.8,0.0
1891,10.686,ok,31.359,2239.504,0.0,37.8,0.0
1892,10.696,ok,31.359,2239.504,0.0,37.8,0.0
1893,10.556,ok,31.359,2239.504,0.0,37.8,0.0
1894,10.490,ok,31.359,2239.504,0.0,37.8,0.0
1895,10.575,ok,31.359,2239.504,0.0,37.8,0.0
1896,10.599,ok,31.359,2239.504,0.0,37.8,0.0
1897,10.500,ok,31.359,2239.504,0.0,37.8,0.0
1898,10.684,ok,31.359,2239.504,0.0,37.8,0.0
1899,11.167,ok,31.359,2239.504,0.0,37.8,0.0
1900,11.038,ok,31.359,2239.504,0.0,37.8,0.0
1901,10.979,ok,31.359,2239.504,0.0,37.8,0.0
1902,10.900,ok,31.359,2239.504,0.0,37.8,0.0
1903,10.700,ok,31.359,2239.504,0.0,37.8,0.0
1904,10.695,ok,31.359,2239.504,0.0,37.8,0.0
1905,10.665,ok,31.359,2239.504,0.0,37.8,0.0
1906,10.699,ok,31.359,2239.504,0.0,37.8,0.0
1907,10.897,ok,31.359,2239.504,0.0,37.8,0.0
1908,10.717,ok,31.359,2239.504,0.0,37.8,0.0
1909,10.691,ok,31.359,2239.504,0.0,37.8,0.0
1910,10.802,ok,31.359,2239.504,0.0,37.8,0.0
1911,10.652,ok,31.359,2239.504,0.0,37.8,0.0
1912,10.699,ok,31.359,2239.504,0.0,37.8,0.0
1913,10.910,ok,31.359,2239.504,0.0,37.8,0.0
1914,10.886,ok,31.359,2239.504,0.0,37.8,0.0
1915,10.692,ok,31.359,2239.504,0.0,37.8,0.0
1916,10.938,ok,31.359,2239.504,0.0,37.8,0.0
1917,10.945,ok,31.359,2239.504,0.0,37.8,0.0
1918,10.761,ok,31.359,2239.504,0.0,37.8,0.0
1919,10.751,ok,31.359,2239.504,0.0,37.8,0.0
1920,10.684,ok,31.359,2239.504,0.0,37.8,0.0
1921,10.878,ok,31.359,2239.504,5.0,37.8,0.0
1922,10.771,ok,31.359,2239.504,5.0,37.8,0.0
1923,10.818,ok,31.359,2239.504,5.0,37.8,0.0
1924,10.891,ok,31.359,2239.504,5.0,37.8,0.0
1925,10.910,ok,31.359,2239.504,5.0,37.8,0.0
1926,10.967,ok,31.359,2239.504,5.0,37.8,0.0
1927,10.994,ok,31.359,2239.504,5.0,37.8,0.0
1928,10.944,ok,31.359,2239.504,5.0,37.8,0.0
1929,10.932,ok,31.359,2239.504,5.0,37.8,0.0
1930,10.964,ok,31.359,2239.504,5.0,37.8,0.0
1931,10.883,ok,31.359,2239.504,5.0,37.8,0.0
1932,10.770,ok,31.359,2239.504,5.0,37.8,0.0
1933,10.803,ok,31.359,2239.504,5.0,37.8,0.0
1934,11.037,ok,31.359,2239.504,5.0,37.8,0.0
1935,10.875,ok,31.359,2239.504,5.0,37.8,0.0
1936,11.010,ok,31.359,2239.504,5.0,37.8,0.0
1937,10.923,ok,31.359,2239.504,5.0,37.8,0.0
1938,10.821,ok,31.359,2239.504,5.0,37.8,0.0
1939,11.022,ok,31.359,2239.504,0.0,37.8,0.0
1940,11.034,ok,31.359,2239.504,0.0,37.8,0.0
1941,11.012,ok,31.359,2239.504,0.0,37.8,0.0
1942,11.109,ok,31.359,2239.504,0.0,37.8,0.0
1943,11.356,ok,31.359,2239.504,0.0,37.8,0.0
1944,11.478,ok,31.359,2239.504,0.0,37.8,0.0
1945,11.151,ok,31.359,2239.504,0.0,37.8,0.0
1946,10.836,ok,31.359,2239.504,0.0,37.8,0.0
1947,11.057,ok,31.359,2239.504,0.0,37.8,0.0
1948,10.958,ok,31.359,2239.504,0.0,37.8,0.0
1949,11.094,ok,31.359,2239.504,0.0,37.8,0.0
1950,11.240,ok,31.359,2239.504,0.0,37.8,0.0
1951,11.131,ok,31.359,2239.504,0.0,37.8,0.0
1952,11.296,ok,31.359,2239.504,0.0,37.8,0.0
1953,11.367,ok,31.359,2239.504,0.0,37.8,0.0
1954,11.393,ok,31.359,2239.504,0.0,37.8,0.0
1955,11.343,ok,31.359,2239.504,0.0,37.8,0.0
1956,11.237,ok,31.359,2239.504,0.0,37.8,0.0
1957,11.324,ok,31.359,2239.504,0.0,37.8,0.0
1958,11.101,ok,31.359,2239.504,0.0,37.8,0.0
1959,11.301,ok,31.359,2239.504,0.0,37.8,0.0
1960,11.089,ok,31.359,2239.504,0.0,37.8,0.0
1961,11.055,ok,31.359,2239.504,0.0,37.8,0.0
1962,10.741,ok,31.359,2239.504,0.0,37.8,0.0
1963,10.383,ok,31.359,2239.504,0.0,37.8,0.0
1964,10.355,ok,31.359,2239.504,0.0,37.8,0.0
1965,10.487,ok,31.359,2239.504,0.0,37.8,0.0
1966,10.681,ok,31.359,2239.504,0.0,37.8,0.0
1967,10.547,ok,31.359,2239.504,0.0,37.8,0.0
1968,10.521,ok,31.359,2239.504,0.0,37.8,0.0
1969,10.499,ok,31.359,2239.504,0.0,37.8,0.0
1970,10.585,ok,31.359,2239.504,0.0,37.8,0.0
1971,10.397,ok,31.359,2239.504,0.0,37.8,0.0
1972,10.696,ok,31.359,2239.504,0.0,37.8,0.0
1973,10.937,ok,31.359,2239.504,0.0,37.8,0.0
1974,10.666,ok,31.359,2239.504,0.0,37.8,0.0
1975,10.824,ok,31.359,2239.504,0.0,37.8,0.0
1976,10.935,ok,31.359,2239.504,5.0,37.8,0.0
1977,10.615,ok,31.359,2239.504,5.0,37.8,0.0
1978,10.599,ok,31.359,2239.504,5.0,37.8,0.0
1979,10.587,ok,31.359,2239.504,5.0,37.8,0.0
1980,10.581,ok,31.359,2239.504,5.0,37.8,0.0
1981,10.534,ok,31.359,2239.504,5.0,37.8,0.0
1982,10.717,ok,31.359,2239.504,5.0,37.8,0.0
1983,10.661,ok,31.359,2239.504,5.0,37.8,0.0
1984,10.524,ok,31.359,2239.504,5.0,37.8,0.0
1985,10.630,ok,31.359,2239.504,5.0,37.8,0.0
1986,10.623,ok,31.359,2239.504,5.0,37.8,0.0
1987,10.660,ok,31.359,2239.504,5.0,37.8,0.0
1988,10.599,ok,31.359,2239.504,5.0,37.8,0.0
1989,10.541,ok,31.359,2239.504,5.0,37.8,0.0
1990,10.686,ok,31.359,2239.504,5.0,37.8,0.0
1991,10.665,ok,31.359,2239.504,5.0,37.8,0.0
1992,10.560,ok,31.359,2239.504,5.0,37.8,0.0
1993,10.550,ok,31.359,2239.504,5.0,37.8,0.0
1994,10.535,ok,31.359,2239.504,5.0,37.8,0.0
1995,10.612,ok,31.359,2239.504,5.0,37.8,0.0
1996,10.553,ok,31.359,2239.504,5.0,37.8,0.0
1997,10.459,ok,31.359,2239.504,5.0,37.8,0.0
1998,10.658,ok,31.359,2239.504,5.0,37.8,0.0
1999,10.664,ok,31.359,2239.504,5.0,37.8,0.0
2000,10.655,ok,31.359,2239.504,5.0,37.8,0.0
2001,10.641,ok,31.359,2239.504,5.0,37.8,0.0
2002,10.692,ok,31.359,2239.504,5.0,37.8,0.0
2003,10.646,ok,31.359,2239.504,5.0,37.8,0.0
2004,10.666,ok,31.359,2239.504,5.0,37.8,0.0
2005,10.633,ok,31.359,2239.504,5.0,37.8,0.0
2006,10.519,ok,31.359,2239.504,5.0,37.8,0.0
2007,10.453,ok,31.359,2239.504,5.0,37.8,0.0
2008,10.652,ok,31.359,2239.504,5.0,37.8,0.0
2009,10.751,ok,31.359,2239.504,5.0,37.8,0.0
2010,10.648,ok,31.359,2239.504,5.0,37.8,0.0
2011,10.580,ok,31.359,2239.504,5.0,37.8,0.0
2012,10.837,ok,31.359,2239.504,5.0,37.8,0.0
2013,10.503,ok,31.359,2239.504,5.0,37.8,0.0
2014,10.664,ok,31.359,2239.504,0.0,37.8,0.0
2015,10.622,ok,31.359,2239.504,0.0,37.8,0.0
2016,10.741,ok,31.359,2239.504,0.0,37.8,0.0
2017,10.610,ok,31.359,2239.504,0.0,37.8,0.0
2018,10.613,ok,31.359,2239.504,0.0,37.8,0.0
2019,10.790,ok,31.359,2239.504,0.0,37.8,0.0
2020,10.813,ok,31.359,2239.504,0.0,37.8,0.0
2021,10.727,ok,31.359,2239.504,0.0,37.8,0.0
2022,10.694,ok,31.359,2239.504,0.0,37.8,0.0
2023,10.810,ok,31.359,2239.504,0.0,37.8,0.0
2024,10.578,ok,31.359,2239.504,0.0,37.8,0.0
2025,10.606,ok,31.359,2239.504,0.0,37.8,0.0
2026,10.650,ok,31.359,2239.504,0.0,37.8,0.0
2027,10.960,ok,31.359,2239.504,0.0,37.8,0.0
2028,11.029,ok,31.359,2239.504,0.0,37.8,0.0
2029,10.902,ok,31.359,2239.504,0.0,37.8,0.0
2030,10.650,ok,31.359,2239.504,0.0,37.8,0.0
2031,10.838,ok,31.359,2239.504,0.0,37.8,0.0
2032,10.941,ok,31.359,2239.504,0.0,37.8,0.0
2033,10.966,ok,31.359,2239.504,0.0,37.8,0.0
2034,11.001,ok,31.359,2239.504,0.0,37.8,0.0
2035,10.810,ok,31.359,2239.504,0.0,37.8,0.0
2036,11.013,ok,31.359,2239.504,0.0,37.8,0.0
2037,10.921,ok,31.359,2239.504,0.0,37.8,0.0
2038,11.028,ok,31.359,2239.504,0.0,37.8,0.0
2039,10.752,ok,31.359,2239.504,0.0,37.8,0.0
2040,10.664,ok,31.359,2239.504,0.0,37.8,0.0
2041,10.835,ok,31.359,2239.504,0.0,37.8,0.0
2042,10.624,ok,31.359,2239.504,0.0,37.8,0.0
2043,10.973,ok,31.359,2239.504,0.0,37.8,0.0
2044,10.904,ok,31.359,2239.504,0.0,37.8,0.0
2045,10.847,ok,31.359,2239.504,0.0,37.8,0.0
2046,11.037,ok,31.359,2239.504,0.0,37.8,0.0
2047,10.919,ok,31.359,2239.504,0.0,37.8,0.0
2048,10.574,ok,31.359,2239.504,0.0,37.8,0.0
2049,10.485,ok,31.359,2239.504,0.0,37.8,0.0
2050,10.565,ok,31.359,2239.504,0.0,37.8,0.0
2051,10.933,ok,31.359,2239.504,0.0,37.8,0.0
2052,10.686,ok,31.359,2239.504,0.0,37.8,0.0
2053,10.917,ok,31.359,2239.504,0.0,37.8,0.0
2054,10.816,ok,31.359,2239.504,0.0,37.8,0.0
2055,10.881,ok,31.359,2239.504,0.0,37.8,0.0
2056,10.915,ok,31.359,2239.504,0.0,37.8,0.0
2057,10.932,ok,31.359,2239.504,0.0,37.8,0.0
2058,10.834,ok,31.359,2239.504,0.0,37.8,0.0
2059,10.439,ok,31.359,2239.504,0.0,37.8,0.0
2060,10.544,ok,31.359,2239.504,0.0,37.8,0.0
2061,10.550,ok,31.359,2239.504,0.0,37.8,0.0
2062,10.725,ok,31.359,2239.504,0.0,37.8,0.0
2063,10.360,ok,31.359,2239.504,0.0,37.8,0.0
2064,10.568,ok,31.359,2239.504,0.0,37.8,0.0
2065,10.561,ok,31.359,2239.504,0.0,37.8,0.0
2066,10.607,ok,31.359,2239.504,0.0,37.8,0.0
2067,10.660,ok,31.359,2239.504,0.0,37.8,0.0
2068,10.930,ok,31.359,2239.504,0.0,37.8,0.0
2069,10.781,ok,31.359,2239.504,5.0,37.8,0.0
2070,10.654,ok,31.359,2239.504,5.0,37.8,0.0
2071,10.789,ok,31.359,2239.504,5.0,37.8,0.0
2072,10.610,ok,31.359,2239.504,5.0,37.8,0.0
2073,10.573,ok,31.359,2239.504,5.0,37.8,0.0
2074,10.914,ok,31.359,2239.504,5.0,37.8,0.0
2075,10.918,ok,31.359,2239.504,5.0,37.8,0.0
2076,10.771,ok,31.359,2239.504,5.0,37.8,0.0
2077,10.482,ok,31.359,2239.504,5.0,37.8,0.0
2078,10.698,ok,31.359,2239.504,5.0,37.8,0.0
2079,10.655,ok,31.359,2239.504,5.0,37.8,0.0
2080,10.806,ok,31.359,2239.504,5.0,37.8,0.0
2081,10.715,ok,31.359,2239.504,5.0,37.8,0.0
2082,11.276,ok,31.359,2239.504,5.0,37.8,0.0
2083,11.180,ok,31.359,2239.504,5.0,37.8,0.0
2084,11.145,ok,31.359,2239.504,5.0,37.8,0.0
2085,10.982,ok,31.359,2239.504,5.0,37.8,0.0
2086,10.969,ok,31.359,2239.504,5.0,37.8,0.0
2087,11.232,ok,31.359,2239.504,5.0,37.8,0.0
2088,11.242,ok,31.359,2239.504,0.0,37.8,0.0
2089,10.903,ok,31.359,2239.504,0.0,37.8,0.0
2090,11.024,ok,31.359,2239.504,0.0,37.8,0.0
2091,10.916,ok,31.359,2239.504,0.0,37.8,0.0
2092,10.719,ok,31.359,2239.504,0.0,37.8,0.0
2093,10.478,ok,31.359,2239.504,0.0,37.8,0.0
2094,10.706,ok,31.359,2239.504,0.0,37.8,0.0
2095,10.458,ok,31.359,2239.504,0.0,37.8,0.0
2096,10.676,ok,31.359,2239.504,0.0,37.8,0.0
2097,10.558,ok,31.359,2239.504,0.0,37.8,0.0
2098,10.544,ok,31.359,2239.504,0.0,37.8,0.0
2099,10.689,ok,31.359,2239.504,0.0,37.8,0.0
2100,10.559,ok,31.359,2239.504,0.0,37.8,0.0
2101,10.636,ok,31.359,2239.504,0.0,37.8,0.0
2102,10.669,ok,31.359,2239.504,0.0,37.8,0.0
2103,10.568,ok,31.359,2239.504,0.0,37.8,0.0
2104,10.323,ok,31.359,2239.504,0.0,37.8,0.0
2105,10.487,ok,31.359,2239.504,0.0,37.8,0.0
2106,10.874,ok,31.359,2239.504,0.0,37.8,0.0
2107,10.580,ok,31.359,2239.504,5.0,37.8,0.0
2108,10.563,ok,31.359,2239.504,5.0,37.8,0.0
2109,10.774,ok,31.359,2239.504,5.0,37.8,0.0
2110,10.842,ok,31.359,2239.504,5.0,37.8,0.0
2111,10.816,ok,31.359,2239.504,5.0,37.8,0.0
2112,10.767,ok,31.359,2239.504,5.0,37.8,0.0
2113,10.722,ok,31.359,2239.504,5.0,37.8,0.0
2114,10.745,ok,31.359,2239.504,5.0,37.8,0.0
2115,10.823,ok,31.359,2239.504,5.0,37.8,0.0
2116,10.829,ok,31.359,2239.504,5.0,37.8,0.0
2117,10.860,ok,31.359,2239.504,5.0,37.8,0.0
2118,10.716,ok,31.359,2239.504,5.0,37.8,0.0
2119,10.726,ok,31.359,2239.504,5.0,37.8,0.0
2120,10.673,ok,31.359,2239.504,5.0,37.8,0.0
2121,10.745,ok,31.359,2239.504,5.0,37.8,0.0
2122,10.755,ok,31.359,2239.504,5.0,37.8,0.0
2123,10.833,ok,31.359,2239.504,5.0,37.8,0.0
2124,10.775,ok,31.359,2239.504,5.0,37.8,0.0
2125,10.810,ok,31.359,2239.504,0.0,37.8,0.0
2126,10.748,ok,31.359,2239.504,0.0,37.8,0.0
2127,10.878,ok,31.359,2239.504,0.0,37.8,0.0
2128,10.792,ok,31.359,2239.504,0.0,37.8,0.0
2129,10.742,ok,31.359,2239.504,0.0,37.8,0.0
2130,10.748,ok,31.359,2239.504,0.0,37.8,0.0
2131,10.917,ok,31.359,2239.504,0.0,37.8,0.0
2132,10.826,ok,31.359,2239.504,0.0,37.8,0.0
2133,10.787,ok,31.359,2239.504,0.0,37.8,0.0
2134,10.723,ok,31.359,2239.504,0.0,37.8,0.0
2135,10.835,ok,31.359,2239.504,0.0,37.8,0.0
2136,10.954,ok,31.359,2239.504,0.0,37.8,0.0
2137,10.853,ok,31.359,2239.504,0.0,37.8,0.0
2138,10.933,ok,31.359,2239.504,0.0,37.8,0.0
2139,10.945,ok,31.359,2239.504,0.0,37.8,0.0
2140,10.938,ok,31.359,2239.504,0.0,37.8,0.0
2141,10.931,ok,31.359,2239.504,0.0,37.8,0.0
2142,10.972,ok,31.359,2239.504,0.0,37.8,0.0
2143,10.784,ok,31.359,2239.504,0.0,37.8,0.0
2144,10.854,ok,31.359,2239.504,0.0,37.8,0.0
2145,10.794,ok,31.359,2239.504,0.0,37.8,0.0
2146,10.764,ok,31.359,2239.504,0.0,37.8,0.0
2147,11.066,ok,31.359,2239.504,0.0,37.8,0.0
2148,10.952,ok,31.359,2239.504,0.0,37.8,0.0
2149,10.847,ok,31.359,2239.504,0.0,37.8,0.0
2150,10.627,ok,31.359,2239.504,0.0,37.8,0.0
2151,10.719,ok,31.359,2239.504,0.0,37.8,0.0
2152,10.620,ok,31.359,2239.504,0.0,37.8,0.0
2153,10.517,ok,31.359,2239.504,0.0,37.8,0.0
2154,10.417,ok,31.359,2239.504,0.0,37.8,0.0
2155,10.643,ok,31.359,2239.504,0.0,37.8,0.0
2156,10.350,ok,31.359,2239.504,0.0,37.8,0.0
2157,10.534,ok,31.359,2239.504,0.0,37.8,0.0
2158,10.460,ok,31.359,2239.504,0.0,37.8,0.0
2159,10.484,ok,31.359,2239.504,0.0,37.8,0.0
2160,10.485,ok,31.359,2239.504,0.0,37.8,0.0
2161,10.288,ok,31.359,2239.504,0.0,37.8,0.0
2162,10.493,ok,31.359,2239.504,5.0,37.8,0.0
2163,10.697,ok,31.359,2239.504,5.0,37.8,0.0
2164,10.845,ok,31.359,2239.504,5.0,37.8,0.0
2165,10.854,ok,31.359,2239.504,5.0,37.8,0.0
2166,10.637,ok,31.359,2239.504,5.0,37.8,0.0
2167,10.492,ok,31.359,2239.504,5.0,37.8,0.0
2168,10.657,ok,31.359,2239.504,5.0,37.8,0.0
2169,11.083,ok,31.359,2239.504,5.0,37.8,0.0
2170,11.248,ok,31.359,2239.504,5.0,37.8,0.0
2171,11.052,ok,31.359,2239.504,5.0,37.8,0.0
2172,10.944,ok,31.359,2239.504,5.0,37.8,0.0
2173,10.940,ok,31.359,2239.504,5.0,37.8,0.0
2174,10.947,ok,31.359,2239.504,5.0,37.8,0.0
2175,11.062,ok,31.359,2239.504,5.0,37.8,0.0
2176,10.984,ok,31.359,2239.504,5.0,37.8,0.0
2177,11.278,ok,31.359,2239.504,5.0,37.8,0.0
2178,11.180,ok,31.359,2239.504,5.0,37.8,0.0
2179,11.221,ok,31.359,2239.504,5.0,37.8,0.0
2180,11.285,ok,31.359,2239.504,5.0,37.8,0.0
2181,10.854,ok,31.359,2239.504,0.0,37.8,0.0
2182,11.016,ok,31.359,2239.504,0.0,37.8,0.0
2183,10.651,ok,31.359,2239.504,0.0,37.8,0.0
2184,10.816,ok,31.359,2239.504,0.0,37.8,0.0
2185,11.044,ok,31.359,2239.504,0.0,37.8,0.0
2186,11.107,ok,31.359,2239.504,0.0,37.8,0.0
2187,11.361,ok,31.359,2239.504,0.0,37.8,0.0
2188,11.283,ok,31.359,2239.504,0.0,37.8,0.0
2189,11.347,ok,31.359,2239.504,0.0,37.8,0.0
2190,11.225,ok,31.359,2239.504,0.0,37.8,0.0
2191,11.286,ok,31.359,2239.504,0.0,37.8,0.0
2192,11.492,ok,31.359,2239.504,0.0,37.8,0.0
2193,11.256,ok,31.359,2239.504,0.0,37.8,0.0
2194,10.963,ok,31.359,2239.504,0.0,37.8,0.0
2195,10.872,ok,31.359,2239.504,0.0,37.8,0.0
2196,10.738,ok,31.359,2239.504,0.0,37.8,0.0
2197,10.709,ok,31.359,2239.504,0.0,37.8,0.0
2198,10.698,ok,31.359,2239.504,0.0,37.8,0.0
2199,10.834,ok,31.359,2239.504,5.0,37.8,0.0
2200,10.561,ok,31.359,2239.504,5.0,37.8,0.0
2201,10.837,ok,31.359,2239.504,5.0,37.8,0.0
2202,11.011,ok,31.359,2239.504,5.0,37.8,0.0
2203,10.923,ok,31.359,2239.504,5.0,37.8,0.0
2204,10.914,ok,31.359,2239.504,5.0,37.8,0.0
2205,10.902,ok,31.359,2239.504,5.0,37.8,0.0
2206,10.802,ok,31.359,2239.504,5.0,37.8,0.0
2207,10.756,ok,31.359,2239.504,5.0,37.8,0.0
2208,10.553,ok,31.359,2239.504,5.0,37.8,0.0
2209,10.643,ok,31.359,2239.504,5.0,37.8,0.0
2210,10.711,ok,31.359,2239.504,5.0,37.8,0.0
2211,10.630,ok,31.359,2239.504,5.0,37.8,0.0
2212,10.646,ok,31.359,2239.504,5.0,37.8,0.0
2213,10.506,ok,31.359,2239.504,5.0,37.8,0.0
2214,10.722,ok,31.359,2239.504,5.0,37.8,0.0
2215,10.644,ok,31.359,2239.504,5.0,37.8,0.0
2216,10.712,ok,31.359,2239.504,5.0,37.8,0.0
2217,10.730,ok,31.359,2239.504,0.0,37.8,0.0
2218,10.866,ok,31.359,2239.504,0.0,37.8,0.0
2219,10.615,ok,31.359,2239.504,0.0,37.8,0.0
2220,11.039,ok,31.359,2239.504,0.0,37.8,0.0
2221,11.233,ok,31.359,2239.504,0.0,37.8,0.0
2222,11.225,ok,31.359,2239.504,0.0,37.8,0.0
2223,11.375,ok,31.359,2239.504,0.0,37.8,0.0
2224,11.358,ok,31.359,2239.504,0.0,37.8,0.0
2225,11.051,ok,31.359,2239.504,0.0,37.8,0.0
2226,10.994,ok,31.359,2239.504,0.0,37.8,0.0
2227,11.110,ok,31.359,2239.504,0.0,37.8,0.0
2228,10.946,ok,31.359,2239.504,0.0,37.8,0.0
2229,11.124,ok,31.359,2239.504,0.0,37.8,0.0
2230,10.883,ok,31.359,2239.504,0.0,37.8,0.0
2231,10.748,ok,31.359,2239.504,0.0,37.8,0.0
2232,10.761,ok,31.359,2239.504,0.0,37.8,0.0
2233,10.759,ok,31.359,2239.504,0.0,37.8,0.0
2234,10.779,ok,31.359,2239.504,0.0,37.8,0.0
2235,10.780,ok,31.359,2239.504,0.0,37.8,0.0
2236,10.732,ok,31.359,2239.504,0.0,37.8,0.0
2237,10.653,ok,31.359,2239.504,0.0,37.8,0.0
2238,10.551,ok,31.359,2239.504,0.0,37.8,0.0
2239,10.556,ok,31.359,2239.504,0.0,37.8,0.0
2240,10.750,ok,31.359,2239.504,0.0,37.8,0.0
2241,10.743,ok,31.359,2239.504,0.0,37.8,0.0
2242,10.762,ok,31.359,2239.504,0.0,37.8,0.0
2243,10.782,ok,31.359,2239.504,0.0,37.8,0.0
2244,10.668,ok,31.359,2239.504,0.0,37.8,0.0
2245,10.825,ok,31.359,2239.504,0.0,37.8,0.0
2246,10.610,ok,31.359,2239.504,0.0,37.8,0.0
2247,10.781,ok,31.359,2239.504,0.0,37.8,0.0
2248,10.689,ok,31.359,2239.504,0.0,37.8,0.0
2249,10.549,ok,31.359,2239.504,0.0,37.8,0.0
2250,10.521,ok,31.359,2239.504,0.0,37.8,0.0
2251,10.432,ok,31.359,2239.504,0.0,37.8,0.0
2252,10.350,ok,31.359,2239.504,0.0,37.8,0.0
2253,10.442,ok,31.359,2239.504,0.0,37.8,0.0
2254,10.640,ok,31.359,2239.504,0.0,37.8,0.0
2255,10.297,ok,31.359,2239.504,0.0,37.8,0.0
2256,10.630,ok,31.359,2239.504,0.0,37.8,0.0
2257,10.353,ok,31.359,2239.504,0.0,37.8,0.0
2258,10.710,ok,31.359,2239.504,0.0,37.8,0.0
2259,10.589,ok,31.359,2239.504,0.0,37.8,0.0
2260,10.616,ok,31.359,2239.504,0.0,37.8,0.0
2261,10.810,ok,31.359,2239.504,0.0,37.8,0.0
2262,10.704,ok,31.359,2239.504,0.0,37.8,0.0
2263,10.663,ok,31.359,2239.504,0.0,37.8,0.0
2264,10.919,ok,31.359,2239.504,0.0,37.8,0.0
2265,10.881,ok,31.359,2239.504,0.0,37.8,0.0
2266,10.913,ok,31.359,2239.504,0.0,37.8,0.0
2267,10.864,ok,31.359,2239.504,0.0,37.8,0.0
2268,10.736,ok,31.359,2239.504,0.0,37.8,0.0
2269,11.002,ok,31.359,2239.504,0.0,37.8,0.0
2270,10.858,ok,31.359,2239.504,0.0,37.8,0.0
2271,10.811,ok,31.359,2239.504,0.0,37.8,0.0
2272,10.915,ok,31.359,2239.504,0.0,37.8,0.0
2273,10.813,ok,31.359,2239.504,0.0,37.8,0.0
2274,10.649,ok,31.359,2239.504,0.0,37.8,0.0
2275,10.923,ok,31.359,2239.504,0.0,37.8,0.0
2276,10.853,ok,31.359,2239.504,0.0,37.8,0.0
2277,10.936,ok,31.359,2239.504,0.0,37.8,0.0
2278,10.809,ok,31.359,2239.504,0.0,37.8,0.0
2279,11.008,ok,31.359,2239.504,0.0,37.8,0.0
2280,11.001,ok,31.359,2239.504,0.0,37.8,0.0
2281,10.975,ok,31.359,2239.504,0.0,37.8,0.0
2282,10.865,ok,31.359,2239.504,0.0,37.8,0.0
2283,10.933,ok,31.359,2239.504,0.0,37.8,0.0
2284,11.271,ok,31.359,2239.504,0.0,37.8,0.0
2285,11.111,ok,31.359,2239.504,0.0,37.8,0.0
2286,10.926,ok,31.359,2239.504,0.0,37.8,0.0
2287,11.159,ok,31.359,2239.504,0.0,37.8,0.0
2288,11.420,ok,31.359,2239.504,0.0,37.8,0.0
2289,11.348,ok,31.359,2239.504,0.0,37.8,0.0
2290,11.351,ok,31.359,2239.504,0.0,37.8,0.0
2291,10.941,ok,31.359,2239.504,5.0,37.8,0.0
2292,10.838,ok,31.359,2239.504,5.0,37.8,0.0
2293,10.545,ok,31.359,2239.504,5.0,37.8,0.0
2294,10.796,ok,31.359,2239.504,5.0,37.8,0.0
2295,10.991,ok,31.359,2239.504,5.0,37.8,0.0
2296,10.853,ok,31.359,2239.504,5.0,37.8,0.0
2297,11.024,ok,31.359,2239.504,5.0,37.8,0.0
2298,11.197,ok,31.359,2239.504,5.0,37.8,0.0
2299,10.941,ok,31.359,2239.504,5.0,37.8,0.0
2300,10.865,ok,31.359,2239.504,5.0,37.8,0.0
2301,10.658,ok,31.359,2239.504,5.0,37.8,0.0
2302,10.781,ok,31.359,2239.504,5.0,37.8,0.0
2303,10.662,ok,31.359,2239.504,5.0,37.8,0.0
2304,10.814,ok,31.359,2239.504,5.0,37.8,0.0
2305,10.719,ok,31.359,2239.504,5.0,37.8,0.0
2306,10.840,ok,31.359,2239.504,5.0,37.8,0.0
2307,10.651,ok,31.359,2239.504,5.0,37.8,0.0
2308,10.648,ok,31.359,2239.504,5.0,37.8,0.0
2309,10.784,ok,31.359,2239.504,5.0,37.8,0.0
2310,10.688,ok,31.363,2239.504,5.0,37.8,0.0
2311,10.774,ok,31.363,2239.504,5.0,37.8,0.0
2312,10.668,ok,31.363,2239.504,5.0,37.8,0.0
2313,10.733,ok,31.363,2239.504,5.0,37.8,0.0
2314,10.735,ok,31.363,2239.504,5.0,37.8,0.0
2315,10.655,ok,31.363,2239.504,5.0,37.8,0.0
2316,10.709,ok,31.363,2239.504,5.0,37.8,0.0
2317,10.996,ok,31.363,2239.504,5.0,37.8,0.0
2318,11.061,ok,31.363,2239.504,5.0,37.8,0.0
2319,11.076,ok,31.363,2239.504,5.0,37.8,0.0
2320,10.935,ok,31.363,2239.504,5.0,37.8,0.0
2321,11.115,ok,31.363,2239.504,5.0,37.8,0.0
2322,10.872,ok,31.363,2239.504,5.0,37.8,0.0
2323,10.900,ok,31.363,2239.504,5.0,37.8,0.0
2324,10.941,ok,31.363,2239.504,5.0,37.8,0.0
2325,11.018,ok,31.363,2239.504,5.0,37.8,0.0
2326,11.306,ok,31.363,2239.504,5.0,37.8,0.0
2327,11.432,ok,31.363,2239.504,5.0,37.8,0.0
2328,11.488,ok,31.363,2239.504,0.0,37.8,0.0
2329,11.509,ok,31.363,2239.504,0.0,37.8,0.0
2330,11.426,ok,31.363,2239.504,0.0,37.8,0.0
2331,11.566,ok,31.363,2239.504,0.0,37.8,0.0
2332,11.676,ok,31.363,2239.504,0.0,37.8,0.0
2333,11.526,ok,31.363,2239.504,0.0,37.8,0.0
2334,11.544,ok,31.363,2239.504,0.0,37.8,0.0
2335,11.527,ok,31.363,2239.504,0.0,37.8,0.0
2336,11.454,ok,31.363,2239.504,0.0,37.8,0.0
2337,11.543,ok,31.363,2239.504,0.0,37.8,0.0
2338,11.461,ok,31.363,2239.504,0.0,37.8,0.0
2339,11.651,ok,31.363,2239.504,0.0,37.8,0.0
2340,11.587,ok,31.363,2239.504,0.0,37.8,0.0
2341,11.370,ok,31.363,2239.504,0.0,37.8,0.0
2342,11.209,ok,31.363,2239.504,0.0,37.8,0.0
2343,11.700,ok,31.363,2239.504,0.0,37.8,0.0
2344,10.644,ok,31.363,2239.504,0.0,37.8,0.0
2345,10.367,ok,31.363,2239.504,0.0,37.8,0.0
2346,10.417,ok,31.363,2239.504,0.0,37.8,0.0
2347,10.455,ok,31.363,2239.504,0.0,37.8,0.0
2348,10.678,ok,31.363,2239.504,0.0,37.8,0.0
2349,10.300,ok,31.363,2239.504,0.0,37.8,0.0
2350,10.582,ok,31.363,2239.504,0.0,37.8,0.0
2351,10.307,ok,31.363,2239.504,0.0,37.8,0.0
2352,10.607,ok,31.363,2239.504,0.0,37.8,0.0
2353,10.552,ok,31.363,2239.504,0.0,37.8,0.0
2354,10.676,ok,31.363,2239.504,0.0,37.8,0.0
2355,10.694,ok,31.363,2239.504,0.0,37.8,0.0
2356,10.888,ok,31.363,2239.504,0.0,37.8,0.0
2357,10.824,ok,31.363,2239.504,0.0,37.8,0.0
2358,10.921,ok,31.363,2239.504,0.0,37.8,0.0
2359,10.898,ok,31.363,2239.504,0.0,37.8,0.0
2360,10.895,ok,31.363,2239.504,0.0,37.8,0.0
2361,10.975,ok,31.363,2239.504,0.0,37.8,0.0
2362,10.794,ok,31.363,2239.504,0.0,37.8,0.0
2363,10.794,ok,31.363,2239.504,0.0,37.8,0.0
2364,10.752,ok,31.363,2239.504,0.0,37.8,0.0
2365,10.761,ok,31.363,2239.504,0.0,37.8,0.0
2366,10.874,ok,31.363,2239.504,0.0,37.8,0.0
2367,10.698,ok,31.363,2239.504,0.0,37.8,0.0
2368,10.634,ok,31.363,2239.504,0.0,37.8,0.0
2369,10.803,ok,31.363,2239.504,0.0,37.8,0.0
2370,10.909,ok,31.363,2239.504,0.0,37.8,0.0
2371,10.960,ok,31.363,2239.504,0.0,37.8,0.0
2372,10.770,ok,31.363,2239.504,0.0,37.8,0.0
2373,10.796,ok,31.363,2239.504,0.0,37.8,0.0
2374,10.996,ok,31.363,2239.504,0.0,37.8,0.0
2375,10.818,ok,31.363,2239.504,0.0,37.8,0.0
2376,10.764,ok,31.363,2239.504,0.0,37.8,0.0
2377,10.968,ok,31.363,2239.504,0.0,37.8,0.0
2378,10.823,ok,31.363,2239.504,0.0,37.8,0.0
2379,10.913,ok,31.363,2239.504,0.0,37.8,0.0
2380,10.745,ok,31.363,2239.504,0.0,37.8,0.0
2381,10.756,ok,31.363,2239.504,0.0,37.8,0.0
2382,10.841,ok,31.363,2239.504,0.0,37.8,0.0
2383,10.727,ok,31.363,2239.504,5.0,37.8,0.0
2384,10.864,ok,31.363,2239.504,5.0,37.8,0.0
2385,10.589,ok,31.363,2239.504,5.0,37.8,0.0
2386,10.683,ok,31.363,2239.504,5.0,37.8,0.0
2387,10.683,ok,31.363,2239.504,5.0,37.8,0.0
2388,10.769,ok,31.363,2239.504,5.0,37.8,0.0
2389,10.876,ok,31.363,2239.504,5.0,37.8,0.0
2390,10.772,ok,31.363,2239.504,5.0,37.8,0.0
2391,10.697,ok,31.363,2239.504,5.0,37.8,0.0
2392,10.747,ok,31.363,2239.504,5.0,37.8,0.0
2393,10.512,ok,31.363,2239.504,5.0,37.8,0.0
2394,10.639,ok,31.363,2239.504,5.0,37.8,0.0
2395,10.417,ok,31.363,2239.504,5.0,37.8,0.0
2396,10.472,ok,31.363,2239.504,5.0,37.8,0.0
2397,10.481,ok,31.363,2239.504,5.0,37.8,0.0
2398,10.654,ok,31.363,2239.504,5.0,37.8,0.0
2399,10.691,ok,31.363,2239.504,5.0,37.8,0.0
2400,10.486,ok,31.363,2239.504,5.0,37.8,0.0
2401,10.606,ok,31.363,2239.504,5.0,37.8,0.0
2402,10.499,ok,31.363,2239.504,0.0,37.8,0.0
2403,10.578,ok,31.363,2239.504,0.0,37.8,0.0
2404,10.583,ok,31.363,2239.504,0.0,37.8,0.0
2405,10.628,ok,31.363,2239.504,0.0,37.8,0.0
2406,10.738,ok,31.363,2239.504,0.0,37.8,0.0
2407,10.722,ok,31.363,2239.504,0.0,37.8,0.0
2408,10.678,ok,31.363,2239.504,0.0,37.8,0.0
2409,10.620,ok,31.363,2239.504,0.0,37.8,0.0
2410,10.538,ok,31.363,2239.504,0.0,37.8,0.0
2411,10.797,ok,31.363,2239.504,0.0,37.8,0.0
2412,10.794,ok,31.363,2239.504,0.0,37.8,0.0
2413,10.687,ok,31.363,2239.504,0.0,37.8,0.0
2414,10.576,ok,31.363,2239.504,0.0,37.8,0.0
2415,10.696,ok,31.363,2239.504,0.0,37.8,0.0
2416,10.655,ok,31.363,2239.504,0.0,37.8,0.0
2417,10.718,ok,31.363,2239.504,0.0,37.8,0.0
2418,10.659,ok,31.363,2239.504,0.0,37.8,0.0
2419,10.653,ok,31.363,2239.504,0.0,37.8,0.0
2420,10.689,ok,31.363,2239.504,5.0,37.8,0.0
2421,10.746,ok,31.363,2239.504,5.0,37.8,0.0
2422,10.599,ok,31.363,2239.504,5.0,37.8,0.0
2423,10.687,ok,31.363,2239.504,5.0,37.8,0.0
2424,10.785,ok,31.363,2239.504,5.0,37.8,0.0
2425,10.696,ok,31.363,2239.504,5.0,37.8,0.0
2426,10.630,ok,31.363,2239.504,5.0,37.8,0.0
2427,10.744,ok,31.363,2239.504,5.0,37.8,0.0
2428,10.751,ok,31.363,2239.504,5.0,37.8,0.0
2429,10.617,ok,31.363,2239.504,5.0,37.8,0.0
2430,10.731,ok,31.363,2239.504,5.0,37.8,0.0
2431,10.678,ok,31.363,2239.504,5.0,37.8,0.0
2432,10.722,ok,31.363,2239.504,5.0,37.8,0.0
2433,10.689,ok,31.363,2239.504,5.0,37.8,0.0
2434,10.691,ok,31.363,2239.504,5.0,37.8,0.0
2435,10.681,ok,31.363,2239.504,5.0,37.8,0.0
2436,10.619,ok,31.363,2239.504,5.0,37.8,0.0
2437,10.687,ok,31.363,2239.504,5.0,37.8,0.0
2438,10.608,ok,31.363,2239.504,5.0,37.8,0.0
2439,10.638,ok,31.363,2239.504,0.0,37.8,0.0
2440,10.370,ok,31.363,2239.504,0.0,37.8,0.0
2441,10.378,ok,31.363,2239.504,0.0,37.8,0.0
2442,10.515,ok,31.363,2239.504,0.0,37.8,0.0
2443,10.519,ok,31.363,2239.504,0.0,37.8,0.0
2444,10.613,ok,31.363,2239.504,0.0,37.8,0.0
2445,10.390,ok,31.363,2239.504,0.0,37.8,0.0
2446,10.577,ok,31.363,2239.504,0.0,37.8,0.0
2447,10.482,ok,31.363,2239.504,0.0,37.8,0.0
2448,10.623,ok,31.363,2239.504,0.0,37.8,0.0
2449,10.419,ok,31.363,2239.504,0.0,37.8,0.0
2450,10.665,ok,31.363,2239.504,0.0,37.8,0.0
2451,10.699,ok,31.363,2239.504,0.0,37.8,0.0
2452,10.725,ok,31.363,2239.504,0.0,37.8,0.0
2453,10.901,ok,31.363,2239.504,0.0,37.8,0.0
2454,10.898,ok,31.363,2239.504,0.0,37.8,0.0
2455,10.830,ok,31.363,2239.504,0.0,37.8,0.0
2456,10.772,ok,31.363,2239.504,0.0,37.8,0.0
2457,10.590,ok,31.363,2239.504,0.0,37.8,0.0
2458,10.757,ok,31.363,2239.504,0.0,37.8,0.0
2459,10.716,ok,31.363,2239.504,0.0,37.8,0.0
2460,10.577,ok,31.363,2239.504,0.0,37.8,0.0
2461,10.746,ok,31.363,2239.504,0.0,37.8,0.0
2462,10.618,ok,31.363,2239.504,0.0,37.8,0.0
2463,10.804,ok,31.363,2239.504,0.0,37.8,0.0
2464,10.620,ok,31.363,2239.504,0.0,37.8,0.0
2465,10.638,ok,31.363,2239.504,0.0,37.8,0.0
2466,10.473,ok,31.363,2239.504,0.0,37.8,0.0
2467,10.784,ok,31.363,2239.504,0.0,37.8,0.0
2468,10.619,ok,31.363,2239.504,0.0,37.8,0.0
2469,10.648,ok,31.363,2239.504,0.0,37.8,0.0
2470,10.677,ok,31.363,2239.504,0.0,37.8,0.0
2471,10.790,ok,31.363,2239.504,0.0,37.8,0.0
2472,10.558,ok,31.363,2239.504,0.0,37.8,0.0
2473,10.849,ok,31.363,2239.504,0.0,37.8,0.0
2474,10.768,ok,31.363,2239.504,0.0,37.8,0.0
2475,10.670,ok,31.363,2239.504,0.0,37.8,0.0
2476,10.622,ok,31.363,2239.504,0.0,37.8,0.0
2477,10.794,ok,31.363,2239.504,0.0,37.8,0.0
2478,10.527,ok,31.363,2239.504,0.0,37.8,0.0
2479,10.657,ok,31.363,2239.504,0.0,37.8,0.0
2480,10.688,ok,31.363,2239.504,0.0,37.8,0.0
2481,10.762,ok,31.363,2239.504,0.0,37.8,0.0
2482,10.826,ok,31.363,2239.504,0.0,37.8,0.0
2483,10.676,ok,31.363,2239.504,0.0,37.8,0.0
2484,10.776,ok,31.363,2239.504,0.0,37.8,0.0
2485,10.537,ok,31.363,2239.504,0.0,37.8,0.0
2486,10.923,ok,31.363,2239.504,0.0,37.8,0.0
2487,10.567,ok,31.363,2239.504,0.0,37.8,0.0
2488,10.820,ok,31.363,2239.504,0.0,37.8,0.0
2489,10.607,ok,31.363,2239.504,0.0,37.8,0.0
2490,10.716,ok,31.363,2239.504,0.0,37.8,0.0
2491,10.767,ok,31.363,2239.504,0.0,37.8,0.0
2492,10.588,ok,31.363,2239.504,0.0,37.8,0.0
2493,11.162,ok,31.363,2239.504,0.0,37.8,0.0
2494,11.194,ok,31.363,2239.504,0.0,37.8,0.0
2495,10.910,ok,31.363,2239.504,5.0,37.8,0.0
2496,10.934,ok,31.363,2239.504,5.0,37.8,0.0
2497,10.906,ok,31.363,2239.504,5.0,37.8,0.0
2498,10.945,ok,31.363,2239.504,5.0,37.8,0.0
2499,11.139,ok,31.363,2239.504,5.0,37.8,0.0
2500,11.086,ok,31.363,2239.504,5.0,37.8,0.0
2501,11.050,ok,31.363,2239.504,5.0,37.8,0.0
2502,11.086,ok,31.363,2239.504,5.0,37.8,0.0
2503,10.943,ok,31.363,2239.504,5.0,37.8,0.0
2504,10.830,ok,31.363,2239.504,5.0,37.8,0.0
2505,10.599,ok,31.363,2239.504,5.0,37.8,0.0
2506,10.604,ok,31.363,2239.504,5.0,37.8,0.0
2507,11.134,ok,31.363,2239.504,5.0,37.8,0.0
2508,10.800,ok,31.363,2239.504,5.0,37.8,0.0
2509,10.706,ok,31.363,2239.504,5.0,37.8,0.0
2510,10.582,ok,31.363,2239.504,5.0,37.8,0.0
2511,10.799,ok,31.363,2239.504,5.0,37.8,0.0
2512,10.551,ok,31.363,2239.504,5.0,37.8,0.0
2513,10.689,ok,31.363,2239.504,5.0,37.8,0.0
2514,10.984,ok,31.363,2239.504,5.0,37.8,0.0
2515,10.962,ok,31.363,2239.504,5.0,37.8,0.0
2516,11.028,ok,31.363,2239.504,5.0,37.8,0.0
2517,10.995,ok,31.363,2239.504,5.0,37.8,0.0
2518,10.809,ok,31.363,2239.504,5.0,37.8,0.0
2519,10.787,ok,31.363,2239.504,5.0,37.8,0.0
2520,10.684,ok,31.363,2239.504,5.0,37.8,0.0
2521,10.731,ok,31.363,2239.504,5.0,37.8,0.0
2522,10.739,ok,31.363,2239.504,5.0,37.8,0.0
2523,10.788,ok,31.363,2239.504,5.0,37.8,0.0
2524,10.591,ok,31.363,2239.504,5.0,37.8,0.0
2525,10.749,ok,31.363,2239.504,5.0,37.8,0.0
2526,10.900,ok,31.363,2239.504,5.0,37.8,0.0
2527,10.988,ok,31.363,2239.504,5.0,37.8,0.0
2528,10.976,ok,31.363,2239.504,5.0,37.8,0.0
2529,10.961,ok,31.363,2239.504,5.0,37.8,0.0
2530,11.049,ok,31.363,2239.504,5.0,37.8,0.0
2531,10.877,ok,31.363,2239.504,5.0,37.8,0.0
2532,10.745,ok,31.363,2239.504,0.0,37.8,0.0
2533,11.001,ok,31.363,2239.504,0.0,37.8,0.0
2534,10.963,ok,31.363,2239.504,0.0,37.8,0.0
2535,11.023,ok,31.363,2239.504,0.0,37.8,0.0
2536,10.734,ok,31.363,2239.504,0.0,37.8,0.0
2537,10.679,ok,31.363,2239.504,0.0,37.8,0.0
2538,10.525,ok,31.363,2239.504,0.0,37.8,0.0
2539,10.589,ok,31.363,2239.504,0.0,37.8,0.0
2540,10.712,ok,31.363,2239.504,0.0,37.8,0.0
2541,10.357,ok,31.363,2239.504,0.0,37.8,0.0
2542,10.659,ok,31.363,2239.504,0.0,37.8,0.0
2543,10.322,ok,31.363,2239.504,0.0,37.8,0.0
2544,10.662,ok,31.363,2239.504,0.0,37.8,0.0
2545,10.401,ok,31.363,2239.504,0.0,37.8,0.0
2546,10.618,ok,31.363,2239.504,0.0,37.8,0.0
2547,10.892,ok,31.363,2239.504,0.0,37.8,0.0
2548,11.009,ok,31.363,2239.504,0.0,37.8,0.0
2549,10.998,ok,31.363,2239.504,0.0,37.8,0.0
2550,10.875,ok,31.363,2239.504,0.0,37.8,0.0
2551,10.676,ok,31.367,2239.504,0.0,37.8,0.0
2552,10.781,ok,31.367,2239.504,0.0,37.8,0.0
2553,10.955,ok,31.367,2239.504,0.0,37.8,0.0
2554,10.856,ok,31.367,2239.504,0.0,37.8,0.0
2555,10.596,ok,31.367,2239.504,0.0,37.8,0.0
2556,11.133,ok,31.367,2239.504,0.0,37.8,0.0
2557,10.795,ok,31.367,2239.504,0.0,37.8,0.0
2558,11.045,ok,31.367,2239.504,0.0,37.8,0.0
2559,11.038,ok,31.367,2239.504,0.0,37.8,0.0
2560,10.966,ok,31.367,2239.504,0.0,37.8,0.0
2561,10.728,ok,31.367,2239.504,0.0,37.8,0.0
2562,10.853,ok,31.367,2239.504,0.0,37.8,0.0
2563,10.879,ok,31.367,2239.504,0.0,37.8,0.0
2564,10.933,ok,31.367,2239.504,0.0,37.8,0.0
2565,10.803,ok,31.367,2239.504,0.0,37.8,0.0
2566,11.085,ok,31.367,2239.504,0.0,37.8,0.0
2567,11.140,ok,31.367,2239.504,0.0,37.8,0.0
2568,11.015,ok,31.367,2239.504,0.0,37.8,0.0
2569,11.214,ok,31.367,2239.504,0.0,37.8,0.0
2570,10.882,ok,31.367,2239.504,0.0,37.8,0.0
2571,10.980,ok,31.367,2239.504,0.0,37.8,0.0
2572,10.962,ok,31.367,2239.504,0.0,37.8,0.0
2573,10.967,ok,31.367,2239.504,0.0,37.8,0.0
2574,10.835,ok,31.367,2239.504,0.0,37.8,0.0
2575,10.922,ok,31.367,2239.504,0.0,37.8,0.0
2576,10.966,ok,31.367,2239.504,0.0,37.8,0.0
2577,10.992,ok,31.367,2239.504,0.0,37.8,0.0
2578,10.927,ok,31.367,2239.504,0.0,37.8,0.0
2579,10.808,ok,31.367,2239.504,0.0,37.8,0.0
2580,11.018,ok,31.367,2239.504,0.0,37.8,0.0
2581,11.185,ok,31.367,2239.504,0.0,37.8,0.0
2582,11.138,ok,31.367,2239.504,0.0,37.8,0.0
2583,11.228,ok,31.367,2239.504,0.0,37.8,0.0
2584,11.226,ok,31.367,2239.504,0.0,37.8,0.0
2585,11.465,ok,31.367,2239.504,0.0,37.8,0.0
2586,11.018,ok,31.367,2239.504,0.0,37.8,0.0
2587,11.117,ok,31.367,2239.504,5.0,37.8,0.0
2588,11.267,ok,31.367,2239.504,5.0,37.8,0.0
2589,11.157,ok,31.367,2239.504,5.0,37.8,0.0
2590,11.282,ok,31.367,2239.504,5.0,37.8,0.0
2591,11.212,ok,31.367,2239.504,5.0,37.8,0.0
2592,11.133,ok,31.367,2239.504,5.0,37.8,0.0
2593,11.327,ok,31.367,2239.504,5.0,37.8,0.0
2594,11.271,ok,31.367,2239.504,5.0,37.8,0.0
2595,11.150,ok,31.367,2239.504,5.0,37.8,0.0
2596,11.103,ok,31.367,2239.504,5.0,37.8,0.0
2597,11.181,ok,31.367,2239.504,5.0,37.8,0.0
2598,11.244,ok,31.367,2239.504,5.0,37.8,0.0
2599,11.142,ok,31.367,2239.504,5.0,37.8,0.0
2600,11.273,ok,31.367,2239.504,5.0,37.8,0.0
2601,11.327,ok,31.367,2239.504,5.0,37.8,0.0
2602,11.348,ok,31.367,2239.504,5.0,37.8,0.0
2603,11.406,ok,31.367,2239.504,5.0,37.8,0.0
2604,11.103,ok,31.367,2239.504,5.0,37.8,0.0
2605,11.149,ok,31.367,2239.504,0.0,37.8,0.0
2606,10.967,ok,31.367,2239.504,0.0,37.8,0.0
2607,10.903,ok,31.367,2239.504,0.0,37.8,0.0
2608,10.663,ok,31.367,2239.504,0.0,37.8,0.0
2609,10.599,ok,31.367,2239.504,0.0,37.8,0.0
2610,10.822,ok,31.367,2239.504,0.0,37.8,0.0
2611,10.832,ok,31.367,2239.504,0.0,37.8,0.0
2612,10.829,ok,31.367,2239.504,0.0,37.8,0.0
2613,10.754,ok,31.367,2239.504,0.0,37.8,0.0
2614,10.683,ok,31.367,2239.504,0.0,37.8,0.0
2615,10.800,ok,31.367,2239.504,0.0,37.8,0.0
2616,10.783,ok,31.367,2239.504,0.0,37.8,0.0
2617,10.809,ok,31.367,2239.504,0.0,37.8,0.0
2618,10.629,ok,31.367,2239.504,0.0,37.8,0.0
2619,10.649,ok,31.367,2239.504,0.0,37.8,0.0
2620,10.692,ok,31.367,2239.504,0.0,37.8,0.0
2621,10.622,ok,31.367,2239.504,0.0,37.8,0.0
2622,10.564,ok,31.367,2239.504,0.0,37.8,0.0
2623,10.741,ok,31.367,2239.504,0.0,37.8,0.0
2624,10.693,ok,31.367,2239.504,5.0,37.8,0.0
2625,11.001,ok,31.367,2239.504,5.0,37.8,0.0
2626,11.084,ok,31.367,2239.504,5.0,37.8,0.0
2627,11.249,ok,31.367,2239.504,5.0,37.8,0.0
2628,11.067,ok,31.367,2239.504,5.0,37.8,0.0
2629,10.931,ok,31.367,2239.504,5.0,37.8,0.0
2630,10.722,ok,31.367,2239.504,5.0,37.8,0.0
2631,10.621,ok,31.367,2239.504,5.0,37.8,0.0
2632,10.330,ok,31.367,2239.504,5.0,37.8,0.0
2633,10.581,ok,31.367,2239.504,5.0,37.8,0.0
2634,10.492,ok,31.367,2239.504,5.0,37.8,0.0
2635,10.596,ok,31.367,2239.504,5.0,37.8,0.0
2636,10.530,ok,31.367,2239.504,5.0,37.8,0.0
2637,10.603,ok,31.367,2239.504,5.0,37.8,0.0
2638,10.425,ok,31.367,2239.504,5.0,37.8,0.0
2639,10.720,ok,31.367,2239.504,5.0,37.8,0.0
2640,10.634,ok,31.367,2239.504,5.0,37.8,0.0
2641,10.576,ok,31.367,2239.504,5.0,37.8,0.0
2642,10.641,ok,31.367,2239.504,0.0,37.8,0.0
2643,10.674,ok,31.367,2239.504,0.0,37.8,0.0
2644,10.539,ok,31.367,2239.504,0.0,37.8,0.0
2645,10.671,ok,31.367,2239.504,0.0,37.8,0.0
2646,10.623,ok,31.367,2239.504,0.0,37.8,0.0
2647,10.617,ok,31.367,2239.504,0.0,37.8,0.0
2648,10.691,ok,31.367,2239.504,0.0,37.8,0.0
2649,10.493,ok,31.367,2239.504,0.0,37.8,0.0
2650,10.605,ok,31.367,2239.504,0.0,37.8,0.0
2651,10.472,ok,31.367,2239.504,0.0,37.8,0.0
2652,10.647,ok,31.367,2239.504,0.0,37.8,0.0
2653,10.520,ok,31.367,2239.504,0.0,37.8,0.0
2654,10.554,ok,31.367,2239.504,0.0,37.8,0.0
2655,10.569,ok,31.367,2239.504,0.0,37.8,0.0
2656,10.635,ok,31.367,2239.504,0.0,37.8,0.0
2657,10.576,ok,31.367,2239.504,0.0,37.8,0.0
2658,10.586,ok,31.367,2239.504,0.0,37.8,0.0
2659,11.064,ok,31.367,2239.504,0.0,37.8,0.0
2660,11.255,ok,31.367,2239.504,0.0,37.8,0.0
2661,11.007,ok,31.367,2239.504,0.0,37.8,0.0
2662,10.906,ok,31.367,2239.504,0.0,37.8,0.0
2663,10.720,ok,31.367,2239.504,0.0,37.8,0.0
2664,10.898,ok,31.367,2239.504,0.0,37.8,0.0
2665,10.503,ok,31.367,2239.504,0.0,37.8,0.0
2666,10.653,ok,31.367,2239.504,0.0,37.8,0.0
2667,10.541,ok,31.367,2239.504,0.0,37.8,0.0
2668,10.582,ok,31.367,2239.504,0.0,37.8,0.0
2669,10.327,ok,31.367,2239.504,0.0,37.8,0.0
2670,10.714,ok,31.367,2239.504,0.0,37.8,0.0
2671,10.751,ok,31.367,2239.504,0.0,37.8,0.0
2672,10.683,ok,31.367,2239.504,0.0,37.8,0.0
2673,10.735,ok,31.367,2239.504,0.0,37.8,0.0
2674,10.606,ok,31.367,2239.504,0.0,37.8,0.0
2675,10.531,ok,31.367,2239.504,0.0,37.8,0.0
2676,10.616,ok,31.367,2239.504,0.0,37.8,0.0
2677,10.501,ok,31.367,2239.504,0.0,37.8,0.0
2678,10.563,ok,31.367,2239.504,0.0,37.8,0.0
2679,10.326,ok,31.367,2239.504,0.0,37.8,0.0
2680,10.563,ok,31.367,2239.504,0.0,37.8,0.0
2681,10.458,ok,31.367,2239.504,0.0,37.8,0.0
2682,10.547,ok,31.367,2239.504,0.0,37.8,0.0
2683,10.603,ok,31.367,2239.504,0.0,37.8,0.0
2684,10.626,ok,31.367,2239.504,0.0,37.8,0.0
2685,10.565,ok,31.367,2239.504,0.0,37.8,0.0
2686,10.564,ok,31.367,2239.504,0.0,37.8,0.0
2687,10.703,ok,31.367,2239.504,0.0,37.8,0.0
2688,10.929,ok,31.367,2239.504,0.0,37.8,0.0
2689,11.164,ok,31.367,2239.504,0.0,37.8,0.0
2690,10.882,ok,31.367,2239.504,0.0,37.8,0.0
2691,10.960,ok,31.367,2239.504,0.0,37.8,0.0
2692,11.089,ok,31.367,2239.504,0.0,37.8,0.0
2693,11.115,ok,31.367,2239.504,0.0,37.8,0.0
2694,10.935,ok,31.367,2239.504,0.0,37.8,0.0
2695,11.023,ok,31.367,2239.504,0.0,37.8,0.0
2696,11.081,ok,31.367,2239.504,0.0,37.8,0.0
2697,11.039,ok,31.367,2239.504,0.0,37.8,0.0
2698,11.231,ok,31.367,2239.504,0.0,37.8,0.0
2699,11.159,ok,31.367,2239.504,5.0,37.8,0.0
2700,11.183,ok,31.367,2239.504,5.0,37.8,0.0
2701,11.391,ok,31.367,2239.504,5.0,37.8,0.0
2702,11.274,ok,31.367,2239.504,5.0,37.8,0.0
2703,11.220,ok,31.367,2239.504,5.0,37.8,0.0
2704,11.435,ok,31.367,2239.504,5.0,37.8,0.0
2705,11.347,ok,31.367,2239.504,5.0,37.8,0.0
2706,11.124,ok,31.367,2239.504,5.0,37.8,0.0
2707,11.112,ok,31.367,2239.504,5.0,37.8,0.0
2708,11.191,ok,31.367,2239.504,5.0,37.8,0.0
2709,11.144,ok,31.367,2239.504,5.0,37.8,0.0
2710,11.141,ok,31.367,2239.504,5.0,37.8,0.0
2711,11.222,ok,31.367,2239.504,5.0,37.8,0.0
2712,11.330,ok,31.367,2239.504,5.0,37.8,0.0
2713,11.088,ok,31.367,2239.504,5.0,37.8,0.0
2714,10.949,ok,31.367,2239.504,5.0,37.8,0.0
2715,11.012,ok,31.367,2239.504,5.0,37.8,0.0
2716,10.913,ok,31.367,2239.504,5.0,37.8,0.0
2717,11.015,ok,31.367,2239.504,5.0,37.8,0.0
2718,11.052,ok,31.367,2239.504,5.0,37.8,0.0
2719,10.907,ok,31.367,2239.504,5.0,37.8,0.0
2720,11.161,ok,31.367,2239.504,5.0,37.8,0.0
2721,11.002,ok,31.367,2239.504,5.0,37.8,0.0
2722,10.732,ok,31.367,2239.504,5.0,37.8,0.0
2723,10.831,ok,31.367,2239.504,5.0,37.8,0.0
2724,10.919,ok,31.367,2239.504,5.0,37.8,0.0
2725,10.842,ok,31.367,2239.504,5.0,37.8,0.0
2726,10.605,ok,31.367,2239.504,5.0,37.8,0.0
2727,10.467,ok,31.367,2239.504,5.0,37.8,0.0
2728,10.413,ok,31.367,2239.504,5.0,37.8,0.0
2729,10.492,ok,31.367,2239.504,5.0,37.8,0.0
2730,10.625,ok,31.367,2239.504,5.0,37.8,0.0
2731,10.350,ok,31.367,2239.504,5.0,37.8,0.0
2732,10.498,ok,31.367,2239.504,5.0,37.8,0.0
2733,10.475,ok,31.367,2239.504,5.0,37.8,0.0
2734,10.400,ok,31.367,2239.504,5.0,37.8,0.0
2735,10.579,ok,31.367,2239.504,0.0,37.8,0.0
2736,10.719,ok,31.367,2239.504,0.0,37.8,0.0
2737,10.836,ok,31.367,2239.504,0.0,37.8,0.0
2738,10.611,ok,31.367,2239.504,0.0,37.8,0.0
2739,10.790,ok,31.367,2239.504,0.0,37.8,0.0
2740,10.712,ok,31.367,2239.504,0.0,37.8,0.0
2741,10.927,ok,31.367,2239.504,0.0,37.8,0.0
2742,10.751,ok,31.367,2239.504,0.0,37.8,0.0
2743,10.771,ok,31.367,2239.504,0.0,37.8,0.0
2744,11.246,ok,31.367,2239.504,0.0,37.8,0.0
2745,10.917,ok,31.367,2239.504,0.0,37.8,0.0
2746,11.129,ok,31.367,2239.504,0.0,37.8,0.0
2747,11.080,ok,31.367,2239.504,0.0,37.8,0.0
2748,11.285,ok,31.367,2239.504,0.0,37.8,0.0
2749,11.315,ok,31.367,2239.504,0.0,37.8,0.0
2750,11.227,ok,31.367,2239.504,0.0,37.8,0.0
2751,11.476,ok,31.367,2239.504,0.0,37.8,0.0
2752,11.658,ok,31.367,2239.504,0.0,37.8,0.0
2753,11.290,ok,31.367,2239.504,0.0,37.8,0.0
2754,11.565,ok,31.367,2239.504,0.0,37.8,0.0
2755,11.573,ok,31.367,2239.504,0.0,37.8,0.0
2756,11.758,ok,31.367,2239.504,0.0,37.8,0.0
2757,11.663,ok,31.367,2239.504,0.0,37.8,0.0
2758,11.837,ok,31.367,2239.504,0.0,37.8,0.0
2759,11.178,ok,31.367,2239.504,0.0,37.8,0.0
2760,10.874,ok,31.367,2239.504,0.0,37.8,0.0
2761,10.903,ok,31.367,2239.504,0.0,37.8,0.0
2762,10.956,ok,31.367,2239.504,0.0,37.8,0.0
2763,11.281,ok,31.367,2239.504,0.0,37.8,0.0
2764,10.860,ok,31.367,2239.504,0.0,37.8,0.0
2765,10.712,ok,31.367,2239.504,0.0,37.8,0.0
2766,11.102,ok,31.367,2239.504,0.0,37.8,0.0
2767,10.690,ok,31.367,2239.504,0.0,37.8,0.0
2768,10.818,ok,31.367,2239.504,0.0,37.8,0.0
2769,10.669,ok,31.367,2239.504,0.0,37.8,0.0
2770,11.019,ok,31.367,2239.504,0.0,37.8,0.0
2771,10.920,ok,31.367,2239.504,5.0,37.8,0.0
2772,11.032,ok,31.367,2239.504,5.0,37.8,0.0
2773,11.131,ok,31.367,2239.504,5.0,37.8,0.0
2774,11.453,ok,31.367,2239.504,5.0,37.8,0.0
2775,11.195,ok,31.367,2239.504,5.0,37.8,0.0
2776,11.278,ok,31.367,2239.504,5.0,37.8,0.0
2777,11.293,ok,31.367,2239.504,5.0,37.8,0.0
2778,11.440,ok,31.367,2239.504,5.0,37.8,0.0
2779,11.351,ok,31.367,2239.504,5.0,37.8,0.0
2780,11.408,ok,31.367,2239.504,5.0,37.8,0.0
2781,11.280,ok,31.367,2239.504,5.0,37.8,0.0
2782,11.243,ok,31.367,2239.504,5.0,37.8,0.0
2783,11.561,ok,31.367,2239.504,5.0,37.8,0.0
2784,11.197,ok,31.367,2239.504,5.0,37.8,0.0
2785,11.593,ok,31.367,2239.504,5.0,37.8,0.0
2786,11.018,ok,31.367,2239.504,5.0,37.8,0.0
2787,10.841,ok,31.367,2239.504,5.0,37.8,0.0
2788,11.050,ok,31.367,2239.504,5.0,37.8,0.0
2789,10.954,ok,31.367,2239.504,0.0,37.8,0.0
2790,11.024,ok,31.367,2239.504,0.0,37.8,0.0
2791,11.171,ok,31.367,2239.504,0.0,37.8,0.0
2792,11.114,ok,31.367,2239.504,0.0,37.8,0.0
2793,11.214,ok,31.367,2239.504,0.0,37.8,0.0
2794,11.275,ok,31.367,2239.504,0.0,37.8,0.0
2795,10.576,ok,31.367,2239.504,0.0,37.8,0.0
2796,10.943,ok,31.367,2239.504,0.0,37.8,0.0
2797,10.909,ok,31.367,2239.504,0.0,37.8,0.0
2798,10.747,ok,31.367,2239.504,0.0,37.8,0.0
2799,10.633,ok,31.367,2239.504,0.0,37.8,0.0
2800,10.650,ok,31.367,2239.504,0.0,37.8,0.0
2801,10.615,ok,31.367,2239.504,0.0,37.8,0.0
2802,10.872,ok,31.367,2239.504,0.0,37.8,0.0
2803,10.799,ok,31.367,2239.504,0.0,37.8,0.0
2804,11.054,ok,31.367,2239.504,0.0,37.8,0.0
2805,11.069,ok,31.367,2239.504,0.0,37.8,0.0
2806,10.983,ok,31.367,2239.504,0.0,37.8,0.0
2807,10.967,ok,31.367,2239.504,0.0,37.8,0.0
2808,10.956,ok,31.367,2239.504,0.0,37.8,0.0
2809,11.278,ok,31.367,2239.504,0.0,37.8,0.0
2810,10.984,ok,31.367,2239.504,0.0,37.8,0.0
2811,11.373,ok,31.367,2239.504,0.0,37.8,0.0
2812,11.146,ok,31.367,2239.504,0.0,37.8,0.0
2813,11.019,ok,31.367,2239.504,0.0,37.8,0.0
2814,11.208,ok,31.367,2239.504,0.0,37.8,0.0
2815,11.126,ok,31.367,2239.504,0.0,37.8,0.0
2816,11.225,ok,31.367,2239.504,0.0,37.8,0.0
2817,11.168,ok,31.367,2239.504,0.0,37.8,0.0
2818,11.267,ok,31.367,2239.504,0.0,37.8,0.0
2819,10.604,ok,31.367,2239.504,0.0,37.8,0.0
2820,10.403,ok,31.367,2239.504,0.0,37.8,0.0
2821,10.450,ok,31.367,2239.504,0.0,37.8,0.0
2822,10.414,ok,31.367,2239.504,0.0,37.8,0.0
2823,10.489,ok,31.367,2239.504,0.0,37.8,0.0
2824,10.616,ok,31.367,2239.504,0.0,37.8,0.0
2825,10.662,ok,31.367,2239.504,0.0,37.8,0.0
2826,10.296,ok,31.367,2239.504,5.0,37.8,0.0
2827,10.471,ok,31.367,2239.504,5.0,37.8,0.0
2828,10.503,ok,31.367,2239.504,5.0,37.8,0.0
2829,10.514,ok,31.367,2239.504,5.0,37.8,0.0
2830,10.884,ok,31.367,2239.504,5.0,37.8,0.0
2831,10.900,ok,31.367,2239.504,5.0,37.8,0.0
2832,10.754,ok,31.367,2239.504,5.0,37.8,0.0
2833,10.677,ok,31.367,2239.504,5.0,37.8,0.0
2834,10.566,ok,31.367,2239.504,5.0,37.8,0.0
2835,10.713,ok,31.367,2239.504,5.0,37.8,0.0
2836,10.617,ok,31.367,2239.504,5.0,37.8,0.0
2837,10.540,ok,31.367,2239.504,5.0,37.8,0.0
2838,10.574,ok,31.367,2239.504,5.0,37.8,0.0
2839,10.699,ok,31.367,2239.504,5.0,37.8,0.0
2840,10.951,ok,31.367,2239.504,5.0,37.8,0.0
2841,11.226,ok,31.367,2239.504,5.0,37.8,0.0
2842,11.115,ok,31.367,2239.504,5.0,37.8,0.0
2843,11.185,ok,31.367,2239.504,5.0,37.8,0.0
2844,10.900,ok,31.367,2239.504,0.0,37.8,0.0
2845,10.683,ok,31.367,2239.504,0.0,37.8,0.0
2846,10.711,ok,31.367,2239.504,0.0,37.8,0.0
2847,10.828,ok,31.367,2239.504,0.0,37.8,0.0
2848,10.851,ok,31.367,2239.504,0.0,37.8,0.0
2849,10.923,ok,31.367,2239.504,0.0,37.8,0.0
2850,10.834,ok,31.367,2239.504,0.0,37.8,0.0
2851,10.636,ok,31.367,2239.504,0.0,37.8,0.0
2852,10.720,ok,31.367,2239.504,0.0,37.8,0.0
2853,10.808,ok,31.367,2239.504,0.0,37.8,0.0
2854,10.607,ok,31.367,2239.504,0.0,37.8,0.0
2855,10.933,ok,31.367,2239.504,0.0,37.8,0.0
2856,10.692,ok,31.367,2239.504,0.0,37.8,0.0
2857,10.664,ok,31.367,2239.504,0.0,37.8,0.0
2858,10.694,ok,31.367,2239.504,0.0,37.8,0.0
2859,10.667,ok,31.367,2239.504,0.0,37.8,0.0
2860,10.873,ok,31.367,2239.504,0.0,37.8,0.0
2861,10.946,ok,31.367,2239.504,0.0,37.8,0.0
2862,11.051,ok,31.367,2239.504,0.0,37.8,0.0
2863,10.973,ok,31.367,2239.504,5.0,37.8,0.0
2864,11.042,ok,31.367,2239.504,5.0,37.8,0.0
2865,11.066,ok,31.367,2239.504,5.0,37.8,0.0
2866,10.760,ok,31.367,2239.504,5.0,37.8,0.0
2867,10.874,ok,31.367,2239.504,5.0,37.8,0.0
2868,10.828,ok,31.367,2239.504,5.0,37.8,0.0
2869,10.901,ok,31.367,2239.504,5.0,37.8,0.0
2870,11.416,ok,31.367,2239.504,5.0,37.8,0.0
2871,11.227,ok,31.367,2239.504,5.0,37.8,0.0
2872,11.178,ok,31.367,2239.504,5.0,37.8,0.0
2873,11.555,ok,31.367,2239.504,5.0,37.8,0.0
2874,11.182,ok,31.367,2239.504,5.0,37.8,0.0
2875,11.094,ok,31.367,2239.504,5.0,37.8,0.0
2876,10.932,ok,31.367,2239.504,5.0,37.8,0.0
2877,10.889,ok,31.367,2239.504,5.0,37.8,0.0
2878,11.153,ok,31.367,2239.504,5.0,37.8,0.0
2879,10.976,ok,31.367,2239.504,5.0,37.8,0.0
2880,10.951,ok,31.367,2239.504,5.0,37.8,0.0
2881,10.949,ok,31.367,2239.504,0.0,37.8,0.0
2882,11.188,ok,31.367,2239.504,0.0,37.8,0.0
2883,11.267,ok,31.367,2239.504,0.0,37.8,0.0
2884,10.822,ok,31.367,2239.504,0.0,37.8,0.0
2885,11.008,ok,31.367,2239.504,0.0,37.8,0.0
2886,11.183,ok,31.367,2239.504,0.0,37.8,0.0
2887,11.163,ok,31.367,2239.504,0.0,37.8,0.0
2888,11.274,ok,31.367,2239.504,0.0,37.8,0.0
2889,10.918,ok,31.367,2239.504,0.0,37.8,0.0
2890,10.988,ok,31.367,2239.504,0.0,37.8,0.0
2891,11.255,ok,31.367,2239.504,0.0,37.8,0.0
2892,11.137,ok,31.367,2239.504,0.0,37.8,0.0
2893,11.064,ok,31.367,2239.504,0.0,37.8,0.0
2894,11.138,ok,31.367,2239.504,0.0,37.8,0.0
2895,11.300,ok,31.367,2239.504,0.0,37.8,0.0
2896,11.084,ok,31.367,2239.504,0.0,37.8,0.0
2897,11.322,ok,31.367,2239.504,0.0,37.8,0.0
2898,11.119,ok,31.367,2239.504,0.0,37.8,0.0
2899,10.833,ok,31.367,2239.504,5.0,37.8,0.0
2900,11.168,ok,31.367,2239.504,5.0,37.8,0.0
2901,11.070,ok,31.367,2239.504,5.0,37.8,0.0
2902,10.787,ok,31.367,2239.504,5.0,37.8,0.0
2903,11.232,ok,31.367,2239.504,5.0,37.8,0.0
2904,11.115,ok,31.367,2239.504,5.0,37.8,0.0
2905,10.903,ok,31.367,2239.504,5.0,37.8,0.0
2906,10.865,ok,31.367,2239.504,5.0,37.8,0.0
2907,10.790,ok,31.367,2239.504,5.0,37.8,0.0
2908,10.721,ok,31.367,2239.504,5.0,37.8,0.0
2909,10.803,ok,31.367,2239.504,5.0,37.8,0.0
2910,10.968,ok,31.367,2239.504,5.0,37.8,0.0
2911,10.940,ok,31.367,2239.504,5.0,37.8,0.0
2912,10.655,ok,31.367,2239.504,5.0,37.8,0.0
2913,10.770,ok,31.367,2239.504,5.0,37.8,0.0
2914,10.513,ok,31.367,2239.504,5.0,37.8,0.0
2915,10.514,ok,31.367,2239.504,5.0,37.8,0.0
2916,10.598,ok,31.367,2239.504,5.0,37.8,0.0
2917,10.379,ok,31.367,2239.504,0.0,37.8,0.0
2918,10.766,ok,31.367,2239.504,0.0,37.8,0.0
2919,10.216,ok,31.367,2239.504,0.0,37.8,0.0
2920,10.573,ok,31.367,2239.504,0.0,37.8,0.0
2921,10.411,ok,31.367,2239.504,0.0,37.8,0.0
2922,10.585,ok,31.367,2239.504,0.0,37.8,0.0
2923,10.562,ok,31.367,2239.504,0.0,37.8,0.0
2924,11.001,ok,31.367,2239.504,0.0,37.8,0.0
2925,10.768,ok,31.367,2239.504,0.0,37.8,0.0
2926,10.984,ok,31.367,2239.504,0.0,37.8,0.0
2927,11.179,ok,31.367,2239.504,0.0,37.8,0.0
2928,11.155,ok,31.367,2239.504,0.0,37.8,0.0
2929,11.135,ok,31.367,2239.504,0.0,37.8,0.0
2930,10.994,ok,31.367,2239.504,0.0,37.8,0.0
2931,11.125,ok,31.367,2239.504,0.0,37.8,0.0
2932,11.181,ok,31.367,2239.504,0.0,37.8,0.0
2933,11.207,ok,31.367,2239.504,0.0,37.8,0.0
2934,11.087,ok,31.367,2239.504,0.0,37.8,0.0
2935,10.949,ok,31.367,2239.504,0.0,37.8,0.0
2936,11.013,ok,31.367,2239.504,0.0,37.8,0.0
2937,11.018,ok,31.367,2239.504,0.0,37.8,0.0
2938,11.026,ok,31.367,2239.504,0.0,37.8,0.0
2939,10.923,ok,31.367,2239.504,0.0,37.8,0.0
2940,11.238,ok,31.367,2239.504,0.0,37.8,0.0
2941,11.230,ok,31.367,2239.504,0.0,37.8,0.0
2942,11.113,ok,31.367,2239.504,0.0,37.8,0.0
2943,11.480,ok,31.367,2239.504,0.0,37.8,0.0
2944,11.273,ok,31.367,2239.504,0.0,37.8,0.0
2945,11.345,ok,31.367,2239.504,0.0,37.8,0.0
2946,11.146,ok,31.367,2239.504,0.0,37.8,0.0
2947,11.151,ok,31.367,2239.504,0.0,37.8,0.0
2948,11.029,ok,31.367,2239.504,0.0,37.8,0.0
2949,10.908,ok,31.367,2239.504,0.0,37.8,0.0
2950,11.021,ok,31.367,2239.504,0.0,37.8,0.0
2951,10.986,ok,31.367,2239.504,0.0,37.8,0.0
2952,11.038,ok,31.367,2239.504,0.0,37.8,0.0
2953,11.317,ok,31.367,2239.504,0.0,37.8,0.0
2954,11.478,ok,31.367,2239.504,0.0,37.8,0.0
2955,11.341,ok,31.367,2239.504,0.0,37.8,0.0
2956,11.233,ok,31.367,2239.504,0.0,37.8,0.0
2957,11.185,ok,31.367,2239.504,0.0,37.8,0.0
2958,11.382,ok,31.367,2239.504,0.0,37.8,0.0
2959,11.018,ok,31.367,2239.504,0.0,37.8,0.0
2960,10.957,ok,31.367,2239.504,0.0,37.8,0.0
2961,11.112,ok,31.367,2239.504,0.0,37.8,0.0
2962,11.205,ok,31.367,2239.504,0.0,37.8,0.0
2963,11.215,ok,31.367,2239.504,0.0,37.8,0.0
2964,11.229,ok,31.367,2239.504,0.0,37.8,0.0
2965,11.256,ok,31.367,2239.504,0.0,37.8,0.0
2966,11.273,ok,31.367,2239.504,0.0,37.8,0.0
2967,10.986,ok,31.367,2239.504,0.0,37.8,0.0
2968,10.829,ok,31.367,2239.504,0.0,37.8,0.0
2969,10.848,ok,31.367,2239.504,0.0,37.8,0.0
2970,10.800,ok,31.367,2239.504,0.0,37.8,0.0
2971,10.980,ok,31.367,2239.504,0.0,37.8,0.0
2972,11.135,ok,31.367,2239.504,5.0,37.8,0.0
2973,11.001,ok,31.367,2239.504,5.0,37.8,0.0
2974,10.833,ok,31.367,2239.504,5.0,37.8,0.0
2975,10.811,ok,31.367,2239.504,5.0,37.8,0.0
2976,11.018,ok,31.367,2239.504,5.0,37.8,0.0
2977,11.080,ok,31.367,2239.504,5.0,37.8,0.0
2978,11.038,ok,31.367,2239.504,5.0,37.8,0.0
2979,11.092,ok,31.367,2239.504,5.0,37.8,0.0
2980,11.043,ok,31.367,2239.504,5.0,37.8,0.0
2981,11.076,ok,31.367,2239.504,5.0,37.8,0.0
2982,11.472,ok,31.367,2239.504,5.0,37.8,0.0
2983,11.222,ok,31.367,2239.504,5.0,37.8,0.0
2984,11.467,ok,31.367,2239.504,5.0,37.8,0.0
2985,11.453,ok,31.367,2239.504,5.0,37.8,0.0
2986,11.430,ok,31.367,2239.504,5.0,37.8,0.0
2987,11.220,ok,31.367,2239.504,5.0,37.8,0.0
2988,11.224,ok,31.367,2239.504,5.0,37.8,0.0
2989,10.845,ok,31.367,2239.504,5.0,37.8,0.0
2990,10.990,ok,31.367,2239.504,5.0,37.8,0.0
2991,10.822,ok,31.367,2239.504,5.0,37.8,0.0
2992,10.645,ok,31.367,2239.504,5.0,37.8,0.0
2993,10.665,ok,31.367,2239.504,5.0,37.8,0.0
2994,10.901,ok,31.367,2239.504,5.0,37.8,0.0
2995,11.172,ok,31.367,2239.504,5.0,37.8,0.0
2996,11.278,ok,31.367,2239.504,5.0,37.8,0.0
2997,11.203,ok,31.367,2239.504,5.0,37.8,0.0
2998,11.171,ok,31.367,2239.504,5.0,37.8,0.0
2999,11.028,ok,31.367,2239.504,5.0,37.8,0.0
3000,11.054,ok,31.367,2239.504,5.0,37.8,0.0
3001,10.837,ok,31.367,2239.504,5.0,37.8,0.0
3002,10.753,ok,31.367,2239.504,5.0,37.8,0.0
3003,10.804,ok,31.367,2239.504,5.0,37.8,0.0
3004,10.695,ok,31.367,2239.504,5.0,37.8,0.0
3005,10.736,ok,31.367,2239.504,5.0,37.8,0.0
3006,10.795,ok,31.367,2239.504,5.0,37.8,0.0
3007,10.574,ok,31.367,2239.504,5.0,37.8,0.0
3008,10.561,ok,31.367,2239.504,0.0,37.8,0.0
3009,10.489,ok,31.367,2239.504,0.0,37.8,0.0
3010,10.402,ok,31.367,2239.504,0.0,37.8,0.0
3011,10.524,ok,31.367,2239.504,0.0,37.8,0.0
3012,10.564,ok,31.367,2239.504,0.0,37.8,0.0
3013,10.431,ok,31.367,2239.504,0.0,37.8,0.0
3014,10.487,ok,31.367,2239.504,0.0,37.8,0.0
3015,10.350,ok,31.367,2239.504,0.0,37.8,0.0
3016,10.644,ok,31.367,2239.504,0.0,37.8,0.0
3017,10.600,ok,31.367,2239.504,0.0,37.8,0.0
3018,10.844,ok,31.367,2239.504,0.0,37.8,0.0
3019,11.098,ok,31.367,2239.504,0.0,37.8,0.0
3020,11.052,ok,31.367,2239.504,0.0,37.8,0.0
3021,11.297,ok,31.367,2239.504,0.0,37.8,0.0
3022,11.100,ok,31.367,2239.504,0.0,37.8,0.0
3023,11.059,ok,31.367,2239.504,0.0,37.8,0.0
3024,11.105,ok,31.367,2239.504,0.0,37.8,0.0
3025,11.085,ok,31.367,2239.504,0.0,37.8,0.0
3026,10.957,ok,31.367,2239.504,0.0,37.8,0.0
3027,11.047,ok,31.367,2239.504,0.0,37.8,0.0
3028,10.796,ok,31.367,2239.504,0.0,37.8,0.0
3029,10.925,ok,31.367,2239.504,0.0,37.8,0.0
3030,10.583,ok,31.367,2239.504,0.0,37.8,0.0
3031,10.618,ok,31.367,2239.504,0.0,37.8,0.0
3032,10.479,ok,31.367,2239.504,0.0,37.8,0.0
3033,10.815,ok,31.367,2239.504,0.0,37.8,0.0
3034,10.598,ok,31.367,2239.504,0.0,37.8,0.0
3035,10.678,ok,31.367,2239.504,0.0,37.8,0.0
3036,10.575,ok,31.367,2239.504,0.0,37.8,0.0
3037,10.624,ok,31.367,2239.504,0.0,37.8,0.0
3038,10.644,ok,31.367,2239.504,0.0,37.8,0.0
3039,10.684,ok,31.367,2239.504,0.0,37.8,0.0
3040,10.806,ok,31.367,2239.504,0.0,37.8,0.0
3041,10.561,ok,31.367,2239.504,0.0,37.8,0.0
3042,10.552,ok,31.367,2239.504,0.0,37.8,0.0
3043,10.812,ok,31.367,2239.504,0.0,37.8,0.0
3044,10.998,ok,31.367,2239.504,0.0,37.8,0.0
3045,10.940,ok,31.367,2239.504,0.0,37.8,0.0
3046,10.803,ok,31.367,2239.504,0.0,37.8,0.0
3047,10.981,ok,31.367,2239.504,0.0,37.8,0.0
3048,10.915,ok,31.367,2239.504,0.0,37.8,0.0
3049,11.091,ok,31.367,2239.504,0.0,37.8,0.0
3050,11.044,ok,31.367,2239.504,0.0,37.8,0.0
3051,10.918,ok,31.367,2239.504,0.0,37.8,0.0
3052,10.986,ok,31.367,2239.504,0.0,37.8,0.0
3053,10.972,ok,31.367,2239.504,0.0,37.8,0.0
3054,10.953,ok,31.367,2239.504,0.0,37.8,0.0
3055,11.027,ok,31.367,2239.504,0.0,37.8,0.0
3056,11.050,ok,31.367,2239.504,0.0,37.8,0.0
3057,10.900,ok,31.367,2239.504,0.0,37.8,0.0
3058,11.005,ok,31.367,2239.504,0.0,37.8,0.0
3059,10.978,ok,31.367,2239.504,0.0,37.8,0.0
3060,11.275,ok,31.367,2239.504,0.0,37.8,0.0
3061,11.441,ok,31.367,2239.504,0.0,37.8,0.0
3062,11.439,ok,31.367,2239.504,0.0,37.8,0.0
3063,11.217,ok,31.367,2239.504,0.0,37.8,0.0
3064,10.897,ok,31.367,2239.504,5.0,37.8,0.0
3065,11.194,ok,31.367,2239.504,5.0,37.8,0.0
3066,11.310,ok,31.367,2239.504,5.0,37.8,0.0
3067,11.691,ok,31.367,2239.504,5.0,37.8,0.0
3068,11.126,ok,31.367,2239.504,5.0,37.8,0.0
3069,10.814,ok,31.367,2239.504,5.0,37.8,0.0
3070,10.834,ok,31.367,2239.504,5.0,37.8,0.0
3071,10.806,ok,31.367,2239.504,5.0,37.8,0.0
3072,10.750,ok,31.367,2239.504,5.0,37.8,0.0
3073,11.229,ok,31.367,2239.504,5.0,37.8,0.0
3074,11.231,ok,31.367,2239.504,5.0,37.8,0.0
3075,11.165,ok,31.367,2239.504,5.0,37.8,0.0
3076,11.176,ok,31.367,2239.504,5.0,37.8,0.0
3077,11.229,ok,31.367,2239.504,5.0,37.8,0.0
3078,11.228,ok,31.367,2239.504,5.0,37.8,0.0
3079,10.996,ok,31.367,2239.504,5.0,37.8,0.0
3080,10.894,ok,31.367,2239.504,5.0,37.8,0.0
3081,10.935,ok,31.367,2239.504,5.0,37.8,0.0
3082,10.559,ok,31.367,2239.504,0.0,37.8,0.0
3083,10.550,ok,31.367,2239.504,0.0,37.8,0.0
3084,10.766,ok,31.367,2239.504,0.0,37.8,0.0
3085,10.652,ok,31.367,2239.504,0.0,37.8,0.0
3086,10.875,ok,31.367,2239.504,0.0,37.8,0.0
3087,10.626,ok,31.367,2239.504,0.0,37.8,0.0
3088,10.666,ok,31.367,2239.504,0.0,37.8,0.0
3089,10.792,ok,31.367,2239.504,0.0,37.8,0.0
3090,10.574,ok,31.367,2239.504,0.0,37.8,0.0
3091,10.641,ok,31.367,2239.504,0.0,37.8,0.0
3092,10.721,ok,31.367,2239.504,0.0,37.8,0.0
3093,10.903,ok,31.367,2239.504,0.0,37.8,0.0
3094,10.761,ok,31.367,2239.504,0.0,37.8,0.0
3095,10.644,ok,31.367,2239.504,0.0,37.8,0.0
3096,10.850,ok,31.367,2239.504,0.0,37.8,0.0
3097,10.871,ok,31.367,2239.504,0.0,37.8,0.0
3098,10.717,ok,31.367,2239.504,0.0,37.8,0.0
3099,10.842,ok,31.367,2239.504,0.0,37.8,0.0
3100,10.674,ok,31.367,2239.504,0.0,37.8,0.0
3101,10.636,ok,31.367,2239.504,0.0,37.8,0.0
3102,10.496,ok,31.367,2239.504,0.0,37.8,0.0
3103,10.603,ok,31.367,2239.504,0.0,37.8,0.0
3104,10.428,ok,31.367,2239.504,0.0,37.8,0.0
3105,10.389,ok,31.367,2239.504,0.0,37.8,0.0
3106,10.501,ok,31.367,2239.504,0.0,37.8,0.0
3107,10.631,ok,31.367,2239.504,0.0,37.8,0.0
3108,10.281,ok,31.367,2239.504,0.0,37.8,0.0
3109,10.630,ok,31.367,2239.504,0.0,37.8,0.0
3110,10.422,ok,31.367,2239.504,0.0,37.8,0.0
3111,10.781,ok,31.367,2239.504,0.0,37.8,0.0
3112,10.508,ok,31.367,2239.504,0.0,37.8,0.0
3113,10.695,ok,31.367,2239.504,0.0,37.8,0.0
3114,10.672,ok,31.367,2239.504,0.0,37.8,0.0
3115,10.880,ok,31.367,2239.504,0.0,37.8,0.0
3116,11.061,ok,31.367,2239.504,0.0,37.8,0.0
3117,10.647,ok,31.367,2239.504,0.0,37.8,0.0
3118,11.009,ok,31.367,2239.504,0.0,37.8,0.0
3119,11.026,ok,31.367,2239.504,0.0,37.8,0.0
3120,11.182,ok,31.367,2239.504,0.0,37.8,0.0
3121,11.175,ok,31.367,2239.504,0.0,37.8,0.0
3122,10.735,ok,31.367,2239.504,0.0,37.8,0.0
3123,10.830,ok,31.367,2239.504,0.0,37.8,0.0
3124,10.936,ok,31.367,2239.504,0.0,37.8,0.0
3125,10.623,ok,31.367,2239.504,0.0,37.8,0.0
3126,10.332,ok,31.367,2239.504,0.0,37.8,0.0
3127,10.464,ok,31.367,2239.504,0.0,37.8,0.0
3128,10.565,ok,31.367,2239.504,0.0,37.8,0.0
3129,11.048,ok,31.367,2239.504,0.0,37.8,0.0
3130,10.748,ok,31.367,2239.504,0.0,37.8,0.0
3131,10.748,ok,31.367,2239.504,0.0,37.8,0.0
3132,10.785,ok,31.367,2239.504,0.0,37.8,0.0
3133,10.391,ok,31.367,2239.504,0.0,37.8,0.0
3134,10.878,ok,31.367,2239.504,0.0,37.8,0.0
3135,10.797,ok,31.367,2239.504,0.0,37.8,0.0
3136,10.555,ok,31.367,2239.504,0.0,37.8,0.0
3137,10.763,ok,31.367,2239.504,0.0,37.8,0.0
3138,10.480,ok,31.367,2239.504,0.0,37.8,0.0
3139,10.568,ok,31.367,2239.504,0.0,37.8,0.0
3140,10.547,ok,31.367,2239.504,0.0,37.8,0.0
3141,10.501,ok,31.367,2239.504,0.0,37.8,0.0
3142,10.656,ok,31.367,2239.504,0.0,37.8,0.0
3143,10.478,ok,31.367,2239.504,0.0,37.8,0.0
3144,10.663,ok,31.367,2239.504,0.0,37.8,0.0
3145,10.651,ok,31.367,2239.504,0.0,37.8,0.0
3146,10.533,ok,31.367,2239.504,0.0,37.8,0.0
3147,10.691,ok,31.367,2239.504,0.0,37.8,0.0
3148,10.583,ok,31.367,2239.504,0.0,37.8,0.0
3149,10.585,ok,31.367,2239.504,0.0,37.8,0.0
3150,10.576,ok,31.367,2239.504,0.0,37.8,0.0
3151,10.591,ok,31.367,2239.504,0.0,37.8,0.0
3152,10.688,ok,31.367,2239.504,0.0,37.8,0.0
3153,10.525,ok,31.367,2239.504,0.0,37.8,0.0
3154,10.625,ok,31.367,2239.504,0.0,37.8,0.0
3155,10.532,ok,31.367,2239.504,0.0,37.8,0.0
3156,10.564,ok,31.367,2239.504,0.0,37.8,0.0
3157,10.618,ok,31.367,2239.504,10.0,37.8,0.0
3158,10.534,ok,31.367,2239.504,10.0,37.8,0.0
3159,10.524,ok,31.367,2239.504,10.0,37.8,0.0
3160,10.543,ok,31.367,2239.504,10.0,37.8,0.0
3161,10.590,ok,31.367,2239.504,10.0,37.8,0.0
3162,10.439,ok,31.367,2239.504,10.0,37.8,0.0
3163,10.619,ok,31.367,2239.504,10.0,37.8,0.0
3164,10.665,ok,31.367,2239.504,10.0,37.8,0.0
3165,10.622,ok,31.367,2239.504,10.0,37.8,0.0
3166,10.778,ok,31.367,2239.504,10.0,37.8,0.0
3167,10.753,ok,31.367,2239.504,10.0,37.8,0.0
3168,10.661,ok,31.367,2239.504,10.0,37.8,0.0
3169,10.582,ok,31.367,2239.504,10.0,37.8,0.0
3170,10.919,ok,31.367,2239.504,10.0,37.8,0.0
3171,10.669,ok,31.367,2239.504,10.0,37.8,0.0
3172,10.463,ok,31.367,2239.504,10.0,37.8,0.0
3173,10.785,ok,31.367,2239.504,10.0,37.8,0.0
3174,10.508,ok,31.367,2239.504,10.0,37.8,0.0
3175,10.755,ok,31.367,2239.504,0.0,37.8,0.0
3176,10.816,ok,31.367,2239.504,0.0,37.8,0.0
3177,10.734,ok,31.367,2239.504,0.0,37.8,0.0
3178,10.855,ok,31.367,2239.504,0.0,37.8,0.0
3179,10.624,ok,31.367,2239.504,0.0,37.8,0.0
3180,10.666,ok,31.367,2239.504,0.0,37.8,0.0
3181,10.871,ok,31.367,2239.504,0.0,37.8,0.0
3182,10.669,ok,31.367,2239.504,0.0,37.8,0.0
3183,10.628,ok,31.367,2239.504,0.0,37.8,0.0
3184,10.736,ok,31.367,2239.504,0.0,37.8,0.0
3185,10.708,ok,31.367,2239.504,0.0,37.8,0.0
3186,